race_id,driver,lap_number,lap_time_secs,tyre_compound,tyre_age,stint,is_pit_lap
2026_R01,NOR,1.0,96.458,MEDIUM,1.0,1.0,0
2026_R01,NOR,2.0,87.344,MEDIUM,2.0,1.0,0
2026_R01,NOR,3.0,86.863,MEDIUM,3.0,1.0,0
2026_R01,NOR,4.0,85.857,MEDIUM,4.0,1.0,0
2026_R01,NOR,5.0,85.573,MEDIUM,5.0,1.0,0
2026_R01,NOR,6.0,85.036,MEDIUM,6.0,1.0,0
2026_R01,NOR,7.0,84.978,MEDIUM,7.0,1.0,0
2026_R01,NOR,8.0,85.299,MEDIUM,8.0,1.0,0
2026_R01,NOR,9.0,85.639,MEDIUM,9.0,1.0,0
2026_R01,NOR,10.0,85.295,MEDIUM,10.0,1.0,0
2026_R01,NOR,11.0,103.391,MEDIUM,11.0,1.0,1
2026_R01,NOR,12.0,118.075,HARD,1.0,2.0,0
2026_R01,NOR,13.0,111.932,HARD,2.0,2.0,0
2026_R01,NOR,14.0,84.233,HARD,3.0,2.0,0
2026_R01,NOR,15.0,83.784,HARD,4.0,2.0,0
2026_R01,NOR,16.0,83.912,HARD,5.0,2.0,0
2026_R01,NOR,17.0,84.053,HARD,6.0,2.0,0
2026_R01,NOR,18.0,95.404,HARD,7.0,2.0,0
2026_R01,NOR,19.0,116.07,HARD,8.0,2.0,0
2026_R01,NOR,20.0,85.774,HARD,9.0,2.0,0
2026_R01,NOR,21.0,83.972,HARD,10.0,2.0,0
2026_R01,NOR,22.0,83.687,HARD,11.0,2.0,0
2026_R01,NOR,23.0,83.534,HARD,12.0,2.0,0
2026_R01,NOR,24.0,83.394,HARD,13.0,2.0,0
2026_R01,NOR,25.0,83.5,HARD,14.0,2.0,0
2026_R01,NOR,26.0,83.403,HARD,15.0,2.0,0
2026_R01,NOR,27.0,83.896,HARD,16.0,2.0,0
2026_R01,NOR,28.0,84.04,HARD,17.0,2.0,0
2026_R01,NOR,29.0,84.08,HARD,18.0,2.0,0
2026_R01,NOR,30.0,83.961,HARD,19.0,2.0,0
2026_R01,NOR,31.0,84.094,HARD,20.0,2.0,0
2026_R01,NOR,32.0,84.075,HARD,21.0,2.0,0
2026_R01,NOR,33.0,84.79,HARD,22.0,2.0,0
2026_R01,NOR,34.0,112.732,HARD,23.0,2.0,1
2026_R01,NOR,35.0,89.434,MEDIUM,1.0,3.0,0
2026_R01,NOR,36.0,83.324,MEDIUM,2.0,3.0,0
2026_R01,NOR,37.0,83.448,MEDIUM,3.0,3.0,0
2026_R01,NOR,38.0,83.423,MEDIUM,4.0,3.0,0
2026_R01,NOR,39.0,84.001,MEDIUM,5.0,3.0,0
2026_R01,NOR,40.0,83.397,MEDIUM,6.0,3.0,0
2026_R01,NOR,41.0,83.762,MEDIUM,7.0,3.0,0
2026_R01,NOR,42.0,83.347,MEDIUM,8.0,3.0,0
2026_R01,NOR,43.0,83.286,MEDIUM,9.0,3.0,0
2026_R01,NOR,44.0,83.192,MEDIUM,10.0,3.0,0
2026_R01,NOR,45.0,82.886,MEDIUM,11.0,3.0,0
2026_R01,NOR,46.0,82.908,MEDIUM,12.0,3.0,0
2026_R01,NOR,47.0,82.778,MEDIUM,13.0,3.0,0
2026_R01,NOR,48.0,82.953,MEDIUM,14.0,3.0,0
2026_R01,NOR,49.0,82.804,MEDIUM,15.0,3.0,0
2026_R01,NOR,50.0,82.763,MEDIUM,16.0,3.0,0
2026_R01,NOR,51.0,82.598,MEDIUM,17.0,3.0,0
2026_R01,NOR,52.0,82.784,MEDIUM,18.0,3.0,0
2026_R01,NOR,53.0,82.358,MEDIUM,19.0,3.0,0
2026_R01,NOR,54.0,82.796,MEDIUM,20.0,3.0,0
2026_R01,NOR,55.0,82.867,MEDIUM,21.0,3.0,0
2026_R01,NOR,56.0,82.843,MEDIUM,22.0,3.0,0
2026_R01,NOR,57.0,83.416,MEDIUM,23.0,3.0,0
2026_R01,NOR,58.0,83.046,MEDIUM,24.0,3.0,0
2026_R01,GAS,1.0,97.98,MEDIUM,1.0,1.0,0
2026_R01,GAS,2.0,87.281,MEDIUM,2.0,1.0,0
2026_R01,GAS,3.0,86.371,MEDIUM,3.0,1.0,0
2026_R01,GAS,4.0,85.894,MEDIUM,4.0,1.0,0
2026_R01,GAS,5.0,87.04,MEDIUM,5.0,1.0,0
2026_R01,GAS,6.0,85.989,MEDIUM,6.0,1.0,0
2026_R01,GAS,7.0,85.079,MEDIUM,7.0,1.0,0
2026_R01,GAS,8.0,84.964,MEDIUM,8.0,1.0,0
2026_R01,GAS,9.0,85.441,MEDIUM,9.0,1.0,0
2026_R01,GAS,10.0,86.669,MEDIUM,10.0,1.0,0
2026_R01,GAS,11.0,104.821,MEDIUM,11.0,1.0,1
2026_R01,GAS,12.0,118.072,HARD,1.0,2.0,0
2026_R01,GAS,13.0,111.634,HARD,2.0,2.0,0
2026_R01,GAS,14.0,85.748,HARD,3.0,2.0,0
2026_R01,GAS,15.0,84.823,HARD,4.0,2.0,0
2026_R01,GAS,16.0,84.69,HARD,5.0,2.0,0
2026_R01,GAS,17.0,85.203,HARD,6.0,2.0,0
2026_R01,GAS,18.0,101.225,HARD,7.0,2.0,0
2026_R01,GAS,19.0,112.95,HARD,8.0,2.0,0
2026_R01,GAS,20.0,86.578,HARD,9.0,2.0,0
2026_R01,GAS,21.0,85.678,HARD,10.0,2.0,0
2026_R01,GAS,22.0,84.586,HARD,11.0,2.0,0
2026_R01,GAS,23.0,84.499,HARD,12.0,2.0,0
2026_R01,GAS,24.0,84.852,HARD,13.0,2.0,0
2026_R01,GAS,25.0,84.54,HARD,14.0,2.0,0
2026_R01,GAS,26.0,84.771,HARD,15.0,2.0,0
2026_R01,GAS,27.0,84.661,HARD,16.0,2.0,0
2026_R01,GAS,28.0,84.795,HARD,17.0,2.0,0
2026_R01,GAS,29.0,85.096,HARD,18.0,2.0,0
2026_R01,GAS,30.0,85.242,HARD,19.0,2.0,0
2026_R01,GAS,31.0,85.271,HARD,20.0,2.0,0
2026_R01,GAS,32.0,85.202,HARD,21.0,2.0,0
2026_R01,GAS,33.0,92.276,HARD,22.0,2.0,0
2026_R01,GAS,34.0,91.244,HARD,23.0,2.0,0
2026_R01,GAS,35.0,85.029,HARD,24.0,2.0,0
2026_R01,GAS,36.0,85.177,HARD,25.0,2.0,0
2026_R01,GAS,37.0,86.333,HARD,26.0,2.0,0
2026_R01,GAS,38.0,86.094,HARD,27.0,2.0,0
2026_R01,GAS,39.0,85.265,HARD,28.0,2.0,0
2026_R01,GAS,40.0,86.132,HARD,29.0,2.0,0
2026_R01,GAS,41.0,85.319,HARD,30.0,2.0,0
2026_R01,GAS,42.0,84.879,HARD,31.0,2.0,0
2026_R01,GAS,43.0,84.977,HARD,32.0,2.0,0
2026_R01,GAS,44.0,85.028,HARD,33.0,2.0,0
2026_R01,GAS,45.0,87.175,HARD,34.0,2.0,0
2026_R01,GAS,46.0,85.353,HARD,35.0,2.0,0
2026_R01,GAS,47.0,86.497,HARD,36.0,2.0,0
2026_R01,GAS,48.0,84.982,HARD,37.0,2.0,0
2026_R01,GAS,49.0,85.281,HARD,38.0,2.0,0
2026_R01,GAS,50.0,84.927,HARD,39.0,2.0,0
2026_R01,GAS,51.0,86.46,HARD,40.0,2.0,0
2026_R01,GAS,52.0,86.527,HARD,41.0,2.0,0
2026_R01,GAS,53.0,84.79,HARD,42.0,2.0,0
2026_R01,GAS,54.0,84.52,HARD,43.0,2.0,0
2026_R01,GAS,55.0,84.595,HARD,44.0,2.0,0
2026_R01,GAS,56.0,84.486,HARD,45.0,2.0,0
2026_R01,GAS,57.0,84.837,HARD,46.0,2.0,0
2026_R01,PER,1.0,102.557,MEDIUM,1.0,1.0,0
2026_R01,PER,2.0,88.763,MEDIUM,2.0,1.0,0
2026_R01,PER,3.0,88.094,MEDIUM,3.0,1.0,0
2026_R01,PER,4.0,87.222,MEDIUM,4.0,1.0,0
2026_R01,PER,5.0,88.025,MEDIUM,5.0,1.0,0
2026_R01,PER,6.0,87.595,MEDIUM,6.0,1.0,0
2026_R01,PER,7.0,87.625,MEDIUM,7.0,1.0,0
2026_R01,PER,8.0,87.184,MEDIUM,8.0,1.0,0
2026_R01,PER,9.0,87.05,MEDIUM,9.0,1.0,0
2026_R01,PER,10.0,87.595,MEDIUM,10.0,1.0,0
2026_R01,PER,11.0,97.875,MEDIUM,11.0,1.0,0
2026_R01,PER,12.0,116.537,MEDIUM,12.0,1.0,0
2026_R01,PER,13.0,110.001,MEDIUM,13.0,1.0,0
2026_R01,PER,14.0,87.084,MEDIUM,14.0,1.0,0
2026_R01,PER,15.0,88.137,MEDIUM,15.0,1.0,0
2026_R01,PER,16.0,91.277,MEDIUM,16.0,1.0,0
2026_R01,PER,17.0,88.615,MEDIUM,17.0,1.0,0
2026_R01,PER,18.0,126.084,MEDIUM,18.0,1.0,1
2026_R01,PER,19.0,103.359,HARD,1.0,2.0,0
2026_R01,PER,20.0,86.49,HARD,2.0,2.0,0
2026_R01,PER,21.0,87.262,HARD,3.0,2.0,0
2026_R01,PER,22.0,89.083,HARD,4.0,2.0,0
2026_R01,PER,23.0,87.457,HARD,5.0,2.0,0
2026_R01,PER,24.0,89.284,HARD,6.0,2.0,0
2026_R01,PER,25.0,87.093,HARD,7.0,2.0,0
2026_R01,PER,26.0,88.588,HARD,8.0,2.0,0
2026_R01,PER,27.0,88.352,HARD,9.0,2.0,0
2026_R01,PER,28.0,89.249,HARD,10.0,2.0,0
2026_R01,PER,29.0,86.934,HARD,11.0,2.0,0
2026_R01,PER,30.0,87.419,HARD,12.0,2.0,0
2026_R01,PER,31.0,90.506,HARD,13.0,2.0,0
2026_R01,PER,32.0,94.972,HARD,14.0,2.0,0
2026_R01,PER,33.0,93.478,HARD,15.0,2.0,0
2026_R01,PER,34.0,87.151,HARD,16.0,2.0,0
2026_R01,PER,35.0,89.226,HARD,17.0,2.0,0
2026_R01,PER,36.0,88.891,HARD,18.0,2.0,0
2026_R01,PER,37.0,87.081,HARD,19.0,2.0,0
2026_R01,PER,38.0,86.93,HARD,20.0,2.0,0
2026_R01,PER,39.0,87.099,HARD,21.0,2.0,0
2026_R01,PER,40.0,89.198,HARD,22.0,2.0,0
2026_R01,PER,41.0,89.219,HARD,23.0,2.0,0
2026_R01,PER,42.0,87.956,HARD,24.0,2.0,0
2026_R01,PER,43.0,105.049,HARD,25.0,2.0,1
2026_R01,PER,44.0,93.422,SOFT,1.0,3.0,0
2026_R01,PER,45.0,86.314,SOFT,2.0,3.0,0
2026_R01,PER,46.0,88.095,SOFT,3.0,3.0,0
2026_R01,PER,47.0,86.07,SOFT,4.0,3.0,0
2026_R01,PER,48.0,86.151,SOFT,5.0,3.0,0
2026_R01,PER,49.0,86.21,SOFT,6.0,3.0,0
2026_R01,PER,50.0,86.085,SOFT,7.0,3.0,0
2026_R01,PER,51.0,86.2,SOFT,8.0,3.0,0
2026_R01,PER,52.0,86.412,SOFT,9.0,3.0,0
2026_R01,PER,53.0,86.13,SOFT,10.0,3.0,0
2026_R01,PER,54.0,89.959,SOFT,11.0,3.0,0
2026_R01,PER,55.0,88.957,SOFT,12.0,3.0,0
2026_R01,ANT,1.0,96.966,MEDIUM,1.0,1.0,0
2026_R01,ANT,2.0,87.129,MEDIUM,2.0,1.0,0
2026_R01,ANT,3.0,85.463,MEDIUM,3.0,1.0,0
2026_R01,ANT,4.0,85.411,MEDIUM,4.0,1.0,0
2026_R01,ANT,5.0,84.499,MEDIUM,5.0,1.0,0
2026_R01,ANT,6.0,84.024,MEDIUM,6.0,1.0,0
2026_R01,ANT,7.0,83.835,MEDIUM,7.0,1.0,0
2026_R01,ANT,8.0,83.683,MEDIUM,8.0,1.0,0
2026_R01,ANT,9.0,83.908,MEDIUM,9.0,1.0,0
2026_R01,ANT,10.0,84.037,MEDIUM,10.0,1.0,0
2026_R01,ANT,11.0,83.89,MEDIUM,11.0,1.0,0
2026_R01,ANT,12.0,129.682,MEDIUM,12.0,1.0,1
2026_R01,ANT,13.0,117.691,HARD,1.0,2.0,0
2026_R01,ANT,14.0,86.679,HARD,2.0,2.0,0
2026_R01,ANT,15.0,83.287,HARD,3.0,2.0,0
2026_R01,ANT,16.0,83.618,HARD,4.0,2.0,0
2026_R01,ANT,17.0,83.26,HARD,5.0,2.0,0
2026_R01,ANT,18.0,90.982,HARD,6.0,2.0,0
2026_R01,ANT,19.0,115.334,HARD,7.0,2.0,0
2026_R01,ANT,20.0,88.479,HARD,8.0,2.0,0
2026_R01,ANT,21.0,82.781,HARD,9.0,2.0,0
2026_R01,ANT,22.0,82.862,HARD,10.0,2.0,0
2026_R01,ANT,23.0,82.582,HARD,11.0,2.0,0
2026_R01,ANT,24.0,83.222,HARD,12.0,2.0,0
2026_R01,ANT,25.0,84.545,HARD,13.0,2.0,0
2026_R01,ANT,26.0,83.138,HARD,14.0,2.0,0
2026_R01,ANT,27.0,83.103,HARD,15.0,2.0,0
2026_R01,ANT,28.0,83.03,HARD,16.0,2.0,0
2026_R01,ANT,29.0,82.968,HARD,17.0,2.0,0
2026_R01,ANT,30.0,82.889,HARD,18.0,2.0,0
2026_R01,ANT,31.0,82.88,HARD,19.0,2.0,0
2026_R01,ANT,32.0,83.239,HARD,20.0,2.0,0
2026_R01,ANT,33.0,83.017,HARD,21.0,2.0,0
2026_R01,ANT,34.0,98.387,HARD,22.0,2.0,0
2026_R01,ANT,35.0,83.292,HARD,23.0,2.0,0
2026_R01,ANT,36.0,82.865,HARD,24.0,2.0,0
2026_R01,ANT,37.0,82.966,HARD,25.0,2.0,0
2026_R01,ANT,38.0,82.989,HARD,26.0,2.0,0
2026_R01,ANT,39.0,82.921,HARD,27.0,2.0,0
2026_R01,ANT,40.0,82.672,HARD,28.0,2.0,0
2026_R01,ANT,41.0,82.928,HARD,29.0,2.0,0
2026_R01,ANT,42.0,82.942,HARD,30.0,2.0,0
2026_R01,ANT,43.0,83.015,HARD,31.0,2.0,0
2026_R01,ANT,44.0,83.079,HARD,32.0,2.0,0
2026_R01,ANT,45.0,83.123,HARD,33.0,2.0,0
2026_R01,ANT,46.0,83.038,HARD,34.0,2.0,0
2026_R01,ANT,47.0,83.066,HARD,35.0,2.0,0
2026_R01,ANT,48.0,82.992,HARD,36.0,2.0,0
2026_R01,ANT,49.0,83.245,HARD,37.0,2.0,0
2026_R01,ANT,50.0,82.903,HARD,38.0,2.0,0
2026_R01,ANT,51.0,82.625,HARD,39.0,2.0,0
2026_R01,ANT,52.0,82.558,HARD,40.0,2.0,0
2026_R01,ANT,53.0,82.613,HARD,41.0,2.0,0
2026_R01,ANT,54.0,82.842,HARD,42.0,2.0,0
2026_R01,ANT,55.0,82.928,HARD,43.0,2.0,0
2026_R01,ANT,56.0,82.603,HARD,44.0,2.0,0
2026_R01,ANT,57.0,82.417,HARD,45.0,2.0,0
2026_R01,ANT,58.0,82.653,HARD,46.0,2.0,0
2026_R01,ALO,1.0,98.271,SOFT,1.0,1.0,0
2026_R01,ALO,2.0,87.598,SOFT,2.0,1.0,0
2026_R01,ALO,3.0,88.035,SOFT,3.0,1.0,0
2026_R01,ALO,4.0,87.424,SOFT,4.0,1.0,0
2026_R01,ALO,5.0,88.835,SOFT,5.0,1.0,0
2026_R01,ALO,6.0,88.763,SOFT,6.0,1.0,0
2026_R01,ALO,7.0,87.876,SOFT,7.0,1.0,0
2026_R01,ALO,8.0,86.792,SOFT,8.0,1.0,0
2026_R01,ALO,9.0,87.04,SOFT,9.0,1.0,0
2026_R01,ALO,10.0,87.475,SOFT,10.0,1.0,0
2026_R01,ALO,11.0,119.99,SOFT,11.0,1.0,1
2026_R01,ALO,12.0,122.34,SOFT,1.0,2.0,0
2026_R01,ALO,13.0,,SOFT,2.0,2.0,1
2026_R01,ALO,14.0,98.828,SOFT,3.0,3.0,0
2026_R01,ALO,15.0,85.713,SOFT,4.0,3.0,0
2026_R01,ALO,16.0,86.131,SOFT,5.0,3.0,0
2026_R01,ALO,17.0,86.376,SOFT,6.0,3.0,0
2026_R01,ALO,18.0,85.908,SOFT,7.0,3.0,0
2026_R01,ALO,19.0,88.14,SOFT,8.0,3.0,0
2026_R01,ALO,20.0,86.641,SOFT,9.0,3.0,0
2026_R01,ALO,21.0,88.082,SOFT,10.0,3.0,0
2026_R01,ALO,22.0,,SOFT,11.0,3.0,1
2026_R01,LEC,1.0,91.929,MEDIUM,1.0,1.0,0
2026_R01,LEC,2.0,86.212,MEDIUM,2.0,1.0,0
2026_R01,LEC,3.0,85.453,MEDIUM,3.0,1.0,0
2026_R01,LEC,4.0,84.553,MEDIUM,4.0,1.0,0
2026_R01,LEC,5.0,83.981,MEDIUM,5.0,1.0,0
2026_R01,LEC,6.0,84.822,MEDIUM,6.0,1.0,0
2026_R01,LEC,7.0,84.034,MEDIUM,7.0,1.0,0
2026_R01,LEC,8.0,85.563,MEDIUM,8.0,1.0,0
2026_R01,LEC,9.0,85.602,MEDIUM,9.0,1.0,0
2026_R01,LEC,10.0,83.977,MEDIUM,10.0,1.0,0
2026_R01,LEC,11.0,83.798,MEDIUM,11.0,1.0,0
2026_R01,LEC,12.0,114.008,MEDIUM,12.0,1.0,0
2026_R01,LEC,13.0,115.178,MEDIUM,13.0,1.0,0
2026_R01,LEC,14.0,90.489,MEDIUM,14.0,1.0,0
2026_R01,LEC,15.0,83.765,MEDIUM,15.0,1.0,0
2026_R01,LEC,16.0,83.511,MEDIUM,16.0,1.0,0
2026_R01,LEC,17.0,84.356,MEDIUM,17.0,1.0,0
2026_R01,LEC,18.0,89.602,MEDIUM,18.0,1.0,0
2026_R01,LEC,19.0,113.653,MEDIUM,19.0,1.0,0
2026_R01,LEC,20.0,93.183,MEDIUM,20.0,1.0,0
2026_R01,LEC,21.0,83.322,MEDIUM,21.0,1.0,0
2026_R01,LEC,22.0,83.416,MEDIUM,22.0,1.0,0
2026_R01,LEC,23.0,83.476,MEDIUM,23.0,1.0,0
2026_R01,LEC,24.0,83.66,MEDIUM,24.0,1.0,0
2026_R01,LEC,25.0,97.834,MEDIUM,25.0,1.0,1
2026_R01,LEC,26.0,89.317,HARD,1.0,2.0,0
2026_R01,LEC,27.0,83.106,HARD,2.0,2.0,0
2026_R01,LEC,28.0,83.089,HARD,3.0,2.0,0
2026_R01,LEC,29.0,82.987,HARD,4.0,2.0,0
2026_R01,LEC,30.0,83.026,HARD,5.0,2.0,0
2026_R01,LEC,31.0,82.934,HARD,6.0,2.0,0
2026_R01,LEC,32.0,82.947,HARD,7.0,2.0,0
2026_R01,LEC,33.0,83.174,HARD,8.0,2.0,0
2026_R01,LEC,34.0,98.516,HARD,9.0,2.0,0
2026_R01,LEC,35.0,83.542,HARD,10.0,2.0,0
2026_R01,LEC,36.0,84.376,HARD,11.0,2.0,0
2026_R01,LEC,37.0,83.236,HARD,12.0,2.0,0
2026_R01,LEC,38.0,82.579,HARD,13.0,2.0,0
2026_R01,LEC,39.0,82.728,HARD,14.0,2.0,0
2026_R01,LEC,40.0,82.93,HARD,15.0,2.0,0
2026_R01,LEC,41.0,82.995,HARD,16.0,2.0,0
2026_R01,LEC,42.0,82.846,HARD,17.0,2.0,0
2026_R01,LEC,43.0,82.75,HARD,18.0,2.0,0
2026_R01,LEC,44.0,83.094,HARD,19.0,2.0,0
2026_R01,LEC,45.0,83.16,HARD,20.0,2.0,0
2026_R01,LEC,46.0,82.894,HARD,21.0,2.0,0
2026_R01,LEC,47.0,82.952,HARD,22.0,2.0,0
2026_R01,LEC,48.0,82.899,HARD,23.0,2.0,0
2026_R01,LEC,49.0,83.364,HARD,24.0,2.0,0
2026_R01,LEC,50.0,83.2,HARD,25.0,2.0,0
2026_R01,LEC,51.0,82.989,HARD,26.0,2.0,0
2026_R01,LEC,52.0,83.049,HARD,27.0,2.0,0
2026_R01,LEC,53.0,83.014,HARD,28.0,2.0,0
2026_R01,LEC,54.0,83.045,HARD,29.0,2.0,0
2026_R01,LEC,55.0,82.825,HARD,30.0,2.0,0
2026_R01,LEC,56.0,82.965,HARD,31.0,2.0,0
2026_R01,LEC,57.0,83.098,HARD,32.0,2.0,0
2026_R01,LEC,58.0,83.317,HARD,33.0,2.0,0
2026_R01,STR,1.0,103.37,MEDIUM,1.0,1.0,0
2026_R01,STR,2.0,88.773,MEDIUM,2.0,1.0,0
2026_R01,STR,3.0,88.58,MEDIUM,3.0,1.0,0
2026_R01,STR,4.0,88.079,MEDIUM,4.0,1.0,0
2026_R01,STR,5.0,88.185,MEDIUM,5.0,1.0,0
2026_R01,STR,6.0,88.202,MEDIUM,6.0,1.0,0
2026_R01,STR,7.0,87.987,MEDIUM,7.0,1.0,0
2026_R01,STR,8.0,87.644,MEDIUM,8.0,1.0,0
2026_R01,STR,9.0,88.072,MEDIUM,9.0,1.0,0
2026_R01,STR,10.0,87.614,MEDIUM,10.0,1.0,0
2026_R01,STR,11.0,132.251,MEDIUM,11.0,1.0,1
2026_R01,STR,12.0,118.206,HARD,1.0,2.0,0
2026_R01,STR,13.0,98.945,HARD,2.0,2.0,0
2026_R01,STR,14.0,87.008,HARD,3.0,2.0,0
2026_R01,STR,15.0,86.872,HARD,4.0,2.0,0
2026_R01,STR,16.0,87.37,HARD,5.0,2.0,0
2026_R01,STR,17.0,90.502,HARD,6.0,2.0,0
2026_R01,STR,18.0,114.0,HARD,7.0,2.0,0
2026_R01,STR,19.0,99.887,HARD,8.0,2.0,0
2026_R01,STR,20.0,88.097,HARD,9.0,2.0,0
2026_R01,STR,21.0,87.915,HARD,10.0,2.0,0
2026_R01,STR,22.0,87.48,HARD,11.0,2.0,0
2026_R01,STR,23.0,87.511,HARD,12.0,2.0,0
2026_R01,STR,24.0,87.122,HARD,13.0,2.0,0
2026_R01,STR,25.0,89.033,HARD,14.0,2.0,0
2026_R01,STR,26.0,118.866,HARD,15.0,2.0,1
2026_R01,STR,27.0,97.514,SOFT,1.0,3.0,0
2026_R01,STR,28.0,86.074,SOFT,2.0,3.0,0
2026_R01,STR,29.0,86.064,SOFT,3.0,3.0,0
2026_R01,STR,30.0,87.416,SOFT,4.0,3.0,0
2026_R01,STR,31.0,86.387,SOFT,5.0,3.0,0
2026_R01,STR,32.0,102.468,SOFT,6.0,3.0,0
2026_R01,STR,33.0,86.528,SOFT,7.0,3.0,0
2026_R01,STR,34.0,,SOFT,8.0,3.0,1
2026_R01,STR,35.0,95.637,SOFT,1.0,4.0,0
2026_R01,STR,36.0,85.41,SOFT,2.0,4.0,0
2026_R01,STR,37.0,86.32,SOFT,3.0,4.0,0
2026_R01,STR,38.0,86.37,SOFT,4.0,4.0,0
2026_R01,STR,39.0,105.889,SOFT,5.0,4.0,1
2026_R01,STR,40.0,92.972,SOFT,1.0,5.0,0
2026_R01,STR,41.0,85.444,SOFT,2.0,5.0,0
2026_R01,STR,42.0,85.707,SOFT,3.0,5.0,0
2026_R01,STR,43.0,85.919,SOFT,4.0,5.0,0
2026_R01,ALB,1.0,99.376,MEDIUM,1.0,1.0,0
2026_R01,ALB,2.0,87.78,MEDIUM,2.0,1.0,0
2026_R01,ALB,3.0,87.512,MEDIUM,3.0,1.0,0
2026_R01,ALB,4.0,87.911,MEDIUM,4.0,1.0,0
2026_R01,ALB,5.0,87.176,MEDIUM,5.0,1.0,0
2026_R01,ALB,6.0,86.436,MEDIUM,6.0,1.0,0
2026_R01,ALB,7.0,85.688,MEDIUM,7.0,1.0,0
2026_R01,ALB,8.0,85.558,MEDIUM,8.0,1.0,0
2026_R01,ALB,9.0,85.728,MEDIUM,9.0,1.0,0
2026_R01,ALB,10.0,86.03,MEDIUM,10.0,1.0,0
2026_R01,ALB,11.0,93.98,MEDIUM,11.0,1.0,0
2026_R01,ALB,12.0,125.578,MEDIUM,12.0,1.0,1
2026_R01,ALB,13.0,112.348,HARD,1.0,2.0,0
2026_R01,ALB,14.0,85.379,HARD,2.0,2.0,0
2026_R01,ALB,15.0,85.035,HARD,3.0,2.0,0
2026_R01,ALB,16.0,88.434,HARD,4.0,2.0,0
2026_R01,ALB,17.0,85.662,HARD,5.0,2.0,0
2026_R01,ALB,18.0,104.028,HARD,6.0,2.0,0
2026_R01,ALB,19.0,109.476,HARD,7.0,2.0,0
2026_R01,ALB,20.0,85.041,HARD,8.0,2.0,0
2026_R01,ALB,21.0,85.065,HARD,9.0,2.0,0
2026_R01,ALB,22.0,85.297,HARD,10.0,2.0,0
2026_R01,ALB,23.0,85.258,HARD,11.0,2.0,0
2026_R01,ALB,24.0,85.334,HARD,12.0,2.0,0
2026_R01,ALB,25.0,85.569,HARD,13.0,2.0,0
2026_R01,ALB,26.0,85.782,HARD,14.0,2.0,0
2026_R01,ALB,27.0,85.734,HARD,15.0,2.0,0
2026_R01,ALB,28.0,86.642,HARD,16.0,2.0,0
2026_R01,ALB,29.0,86.614,HARD,17.0,2.0,0
2026_R01,ALB,30.0,86.472,HARD,18.0,2.0,0
2026_R01,ALB,31.0,86.523,HARD,19.0,2.0,0
2026_R01,ALB,32.0,86.459,HARD,20.0,2.0,0
2026_R01,ALB,33.0,110.03,HARD,21.0,2.0,1
2026_R01,ALB,34.0,90.918,SOFT,1.0,3.0,0
2026_R01,ALB,35.0,84.446,SOFT,2.0,3.0,0
2026_R01,ALB,36.0,84.375,SOFT,3.0,3.0,0
2026_R01,ALB,37.0,85.052,SOFT,4.0,3.0,0
2026_R01,ALB,38.0,86.338,SOFT,5.0,3.0,0
2026_R01,ALB,39.0,84.858,SOFT,6.0,3.0,0
2026_R01,ALB,40.0,86.672,SOFT,7.0,3.0,0
2026_R01,ALB,41.0,84.876,SOFT,8.0,3.0,0
2026_R01,ALB,42.0,84.858,SOFT,9.0,3.0,0
2026_R01,ALB,43.0,84.956,SOFT,10.0,3.0,0
2026_R01,ALB,44.0,84.841,SOFT,11.0,3.0,0
2026_R01,ALB,45.0,84.702,SOFT,12.0,3.0,0
2026_R01,ALB,46.0,84.777,SOFT,13.0,3.0,0
2026_R01,ALB,47.0,84.815,SOFT,14.0,3.0,0
2026_R01,ALB,48.0,84.773,SOFT,15.0,3.0,0
2026_R01,ALB,49.0,84.785,SOFT,16.0,3.0,0
2026_R01,ALB,50.0,84.856,SOFT,17.0,3.0,0
2026_R01,ALB,51.0,84.749,SOFT,18.0,3.0,0
2026_R01,ALB,52.0,84.764,SOFT,19.0,3.0,0
2026_R01,ALB,53.0,85.019,SOFT,20.0,3.0,0
2026_R01,ALB,54.0,84.861,SOFT,21.0,3.0,0
2026_R01,ALB,55.0,84.995,SOFT,22.0,3.0,0
2026_R01,ALB,56.0,86.387,SOFT,23.0,3.0,0
2026_R01,ALB,57.0,86.268,SOFT,24.0,3.0,0
2026_R01,VER,1.0,101.333,HARD,1.0,1.0,0
2026_R01,VER,2.0,86.828,HARD,2.0,1.0,0
2026_R01,VER,3.0,87.096,HARD,3.0,1.0,0
2026_R01,VER,4.0,86.571,HARD,4.0,1.0,0
2026_R01,VER,5.0,84.879,HARD,5.0,1.0,0
2026_R01,VER,6.0,84.968,HARD,6.0,1.0,0
2026_R01,VER,7.0,85.384,HARD,7.0,1.0,0
2026_R01,VER,8.0,84.707,HARD,8.0,1.0,0
2026_R01,VER,9.0,85.071,HARD,9.0,1.0,0
2026_R01,VER,10.0,85.133,HARD,10.0,1.0,0
2026_R01,VER,11.0,91.029,HARD,11.0,1.0,0
2026_R01,VER,12.0,114.214,HARD,12.0,1.0,0
2026_R01,VER,13.0,114.861,HARD,13.0,1.0,0
2026_R01,VER,14.0,86.13,HARD,14.0,1.0,0
2026_R01,VER,15.0,84.098,HARD,15.0,1.0,0
2026_R01,VER,16.0,84.606,HARD,16.0,1.0,0
2026_R01,VER,17.0,84.757,HARD,17.0,1.0,0
2026_R01,VER,18.0,108.547,HARD,18.0,1.0,1
2026_R01,VER,19.0,116.349,MEDIUM,1.0,2.0,0
2026_R01,VER,20.0,83.566,MEDIUM,2.0,2.0,0
2026_R01,VER,21.0,83.536,MEDIUM,3.0,2.0,0
2026_R01,VER,22.0,83.458,MEDIUM,4.0,2.0,0
2026_R01,VER,23.0,83.516,MEDIUM,5.0,2.0,0
2026_R01,VER,24.0,83.472,MEDIUM,6.0,2.0,0
2026_R01,VER,25.0,83.554,MEDIUM,7.0,2.0,0
2026_R01,VER,26.0,83.363,MEDIUM,8.0,2.0,0
2026_R01,VER,27.0,83.74,MEDIUM,9.0,2.0,0
2026_R01,VER,28.0,83.463,MEDIUM,10.0,2.0,0
2026_R01,VER,29.0,83.439,MEDIUM,11.0,2.0,0
2026_R01,VER,30.0,83.39,MEDIUM,12.0,2.0,0
2026_R01,VER,31.0,83.51,MEDIUM,13.0,2.0,0
2026_R01,VER,32.0,83.587,MEDIUM,14.0,2.0,0
2026_R01,VER,33.0,83.93,MEDIUM,15.0,2.0,0
2026_R01,VER,34.0,98.216,MEDIUM,16.0,2.0,0
2026_R01,VER,35.0,84.556,MEDIUM,17.0,2.0,0
2026_R01,VER,36.0,83.967,MEDIUM,18.0,2.0,0
2026_R01,VER,37.0,83.675,MEDIUM,19.0,2.0,0
2026_R01,VER,38.0,83.912,MEDIUM,20.0,2.0,0
2026_R01,VER,39.0,83.715,MEDIUM,21.0,2.0,0
2026_R01,VER,40.0,84.595,MEDIUM,22.0,2.0,0
2026_R01,VER,41.0,98.866,MEDIUM,23.0,2.0,1
2026_R01,VER,42.0,87.991,HARD,1.0,3.0,0
2026_R01,VER,43.0,82.091,HARD,2.0,3.0,0
2026_R01,VER,44.0,82.52,HARD,3.0,3.0,0
2026_R01,VER,45.0,82.453,HARD,4.0,3.0,0
2026_R01,VER,46.0,82.81,HARD,5.0,3.0,0
2026_R01,VER,47.0,82.489,HARD,6.0,3.0,0
2026_R01,VER,48.0,82.906,HARD,7.0,3.0,0
2026_R01,VER,49.0,82.939,HARD,8.0,3.0,0
2026_R01,VER,50.0,82.738,HARD,9.0,3.0,0
2026_R01,VER,51.0,82.69,HARD,10.0,3.0,0
2026_R01,VER,52.0,82.683,HARD,11.0,3.0,0
2026_R01,VER,53.0,83.109,HARD,12.0,3.0,0
2026_R01,VER,54.0,83.09,HARD,13.0,3.0,0
2026_R01,VER,55.0,83.211,HARD,14.0,3.0,0
2026_R01,VER,56.0,83.109,HARD,15.0,3.0,0
2026_R01,VER,57.0,83.469,HARD,16.0,3.0,0
2026_R01,VER,58.0,83.533,HARD,17.0,3.0,0
2026_R01,LAW,1.0,102.188,MEDIUM,1.0,1.0,0
2026_R01,LAW,2.0,88.537,MEDIUM,2.0,1.0,0
2026_R01,LAW,3.0,86.869,MEDIUM,3.0,1.0,0
2026_R01,LAW,4.0,86.661,MEDIUM,4.0,1.0,0
2026_R01,LAW,5.0,87.142,MEDIUM,5.0,1.0,0
2026_R01,LAW,6.0,87.96,MEDIUM,6.0,1.0,0
2026_R01,LAW,7.0,86.644,MEDIUM,7.0,1.0,0
2026_R01,LAW,8.0,85.888,MEDIUM,8.0,1.0,0
2026_R01,LAW,9.0,86.025,MEDIUM,9.0,1.0,0
2026_R01,LAW,10.0,85.751,MEDIUM,10.0,1.0,0
2026_R01,LAW,11.0,110.026,MEDIUM,11.0,1.0,1
2026_R01,LAW,12.0,130.384,HARD,1.0,2.0,0
2026_R01,LAW,13.0,95.45,HARD,2.0,2.0,0
2026_R01,LAW,14.0,85.233,HARD,3.0,2.0,0
2026_R01,LAW,15.0,86.791,HARD,4.0,2.0,0
2026_R01,LAW,16.0,89.919,HARD,5.0,2.0,0
2026_R01,LAW,17.0,85.839,HARD,6.0,2.0,0
2026_R01,LAW,18.0,108.965,HARD,7.0,2.0,0
2026_R01,LAW,19.0,105.808,HARD,8.0,2.0,0
2026_R01,LAW,20.0,85.068,HARD,9.0,2.0,0
2026_R01,LAW,21.0,84.91,HARD,10.0,2.0,0
2026_R01,LAW,22.0,85.041,HARD,11.0,2.0,0
2026_R01,LAW,23.0,85.074,HARD,12.0,2.0,0
2026_R01,LAW,24.0,86.526,HARD,13.0,2.0,0
2026_R01,LAW,25.0,85.255,HARD,14.0,2.0,0
2026_R01,LAW,26.0,84.972,HARD,15.0,2.0,0
2026_R01,LAW,27.0,85.173,HARD,16.0,2.0,0
2026_R01,LAW,28.0,85.377,HARD,17.0,2.0,0
2026_R01,LAW,29.0,85.253,HARD,18.0,2.0,0
2026_R01,LAW,30.0,85.65,HARD,19.0,2.0,0
2026_R01,LAW,31.0,85.792,HARD,20.0,2.0,0
2026_R01,LAW,32.0,85.867,HARD,21.0,2.0,0
2026_R01,LAW,33.0,114.107,HARD,22.0,2.0,1
2026_R01,LAW,34.0,90.927,SOFT,1.0,3.0,0
2026_R01,LAW,35.0,84.21,SOFT,2.0,3.0,0
2026_R01,LAW,36.0,86.728,SOFT,3.0,3.0,0
2026_R01,LAW,37.0,85.74,SOFT,4.0,3.0,0
2026_R01,LAW,38.0,84.423,SOFT,5.0,3.0,0
2026_R01,LAW,39.0,84.124,SOFT,6.0,3.0,0
2026_R01,LAW,40.0,84.077,SOFT,7.0,3.0,0
2026_R01,LAW,41.0,83.92,SOFT,8.0,3.0,0
2026_R01,LAW,42.0,84.048,SOFT,9.0,3.0,0
2026_R01,LAW,43.0,84.232,SOFT,10.0,3.0,0
2026_R01,LAW,44.0,84.071,SOFT,11.0,3.0,0
2026_R01,LAW,45.0,84.31,SOFT,12.0,3.0,0
2026_R01,LAW,46.0,84.023,SOFT,13.0,3.0,0
2026_R01,LAW,47.0,83.783,SOFT,14.0,3.0,0
2026_R01,LAW,48.0,84.222,SOFT,15.0,3.0,0
2026_R01,LAW,49.0,83.932,SOFT,16.0,3.0,0
2026_R01,LAW,50.0,83.912,SOFT,17.0,3.0,0
2026_R01,LAW,51.0,84.46,SOFT,18.0,3.0,0
2026_R01,LAW,52.0,84.665,SOFT,19.0,3.0,0
2026_R01,LAW,53.0,85.162,SOFT,20.0,3.0,0
2026_R01,LAW,54.0,84.525,SOFT,21.0,3.0,0
2026_R01,LAW,55.0,85.123,SOFT,22.0,3.0,0
2026_R01,LAW,56.0,86.895,SOFT,23.0,3.0,0
2026_R01,LAW,57.0,86.317,SOFT,24.0,3.0,0
2026_R01,OCO,1.0,97.5,MEDIUM,1.0,1.0,0
2026_R01,OCO,2.0,87.035,MEDIUM,2.0,1.0,0
2026_R01,OCO,3.0,86.567,MEDIUM,3.0,1.0,0
2026_R01,OCO,4.0,86.186,MEDIUM,4.0,1.0,0
2026_R01,OCO,5.0,86.808,MEDIUM,5.0,1.0,0
2026_R01,OCO,6.0,85.569,MEDIUM,6.0,1.0,0
2026_R01,OCO,7.0,85.087,MEDIUM,7.0,1.0,0
2026_R01,OCO,8.0,85.029,MEDIUM,8.0,1.0,0
2026_R01,OCO,9.0,85.552,MEDIUM,9.0,1.0,0
2026_R01,OCO,10.0,85.632,MEDIUM,10.0,1.0,0
2026_R01,OCO,11.0,105.949,MEDIUM,11.0,1.0,1
2026_R01,OCO,12.0,116.405,HARD,1.0,2.0,0
2026_R01,OCO,13.0,112.218,HARD,2.0,2.0,0
2026_R01,OCO,14.0,85.303,HARD,3.0,2.0,0
2026_R01,OCO,15.0,85.36,HARD,4.0,2.0,0
2026_R01,OCO,16.0,85.43,HARD,5.0,2.0,0
2026_R01,OCO,17.0,85.716,HARD,6.0,2.0,0
2026_R01,OCO,18.0,101.381,HARD,7.0,2.0,0
2026_R01,OCO,19.0,112.711,HARD,8.0,2.0,0
2026_R01,OCO,20.0,86.713,HARD,9.0,2.0,0
2026_R01,OCO,21.0,86.571,HARD,10.0,2.0,0
2026_R01,OCO,22.0,84.821,HARD,11.0,2.0,0
2026_R01,OCO,23.0,84.65,HARD,12.0,2.0,0
2026_R01,OCO,24.0,85.255,HARD,13.0,2.0,0
2026_R01,OCO,25.0,84.424,HARD,14.0,2.0,0
2026_R01,OCO,26.0,84.696,HARD,15.0,2.0,0
2026_R01,OCO,27.0,84.801,HARD,16.0,2.0,0
2026_R01,OCO,28.0,84.737,HARD,17.0,2.0,0
2026_R01,OCO,29.0,84.769,HARD,18.0,2.0,0
2026_R01,OCO,30.0,84.966,HARD,19.0,2.0,0
2026_R01,OCO,31.0,85.307,HARD,20.0,2.0,0
2026_R01,OCO,32.0,85.045,HARD,21.0,2.0,0
2026_R01,OCO,33.0,93.284,HARD,22.0,2.0,0
2026_R01,OCO,34.0,90.235,HARD,23.0,2.0,0
2026_R01,OCO,35.0,85.199,HARD,24.0,2.0,0
2026_R01,OCO,36.0,85.018,HARD,25.0,2.0,0
2026_R01,OCO,37.0,85.462,HARD,26.0,2.0,0
2026_R01,OCO,38.0,86.972,HARD,27.0,2.0,0
2026_R01,OCO,39.0,85.913,HARD,28.0,2.0,0
2026_R01,OCO,40.0,85.433,HARD,29.0,2.0,0
2026_R01,OCO,41.0,85.164,HARD,30.0,2.0,0
2026_R01,OCO,42.0,85.249,HARD,31.0,2.0,0
2026_R01,OCO,43.0,85.106,HARD,32.0,2.0,0
2026_R01,OCO,44.0,86.597,HARD,33.0,2.0,0
2026_R01,OCO,45.0,85.228,HARD,34.0,2.0,0
2026_R01,OCO,46.0,86.221,HARD,35.0,2.0,0
2026_R01,OCO,47.0,86.334,HARD,36.0,2.0,0
2026_R01,OCO,48.0,85.019,HARD,37.0,2.0,0
2026_R01,OCO,49.0,85.115,HARD,38.0,2.0,0
2026_R01,OCO,50.0,86.815,HARD,39.0,2.0,0
2026_R01,OCO,51.0,86.297,HARD,40.0,2.0,0
2026_R01,OCO,52.0,84.584,HARD,41.0,2.0,0
2026_R01,OCO,53.0,84.622,HARD,42.0,2.0,0
2026_R01,OCO,54.0,84.908,HARD,43.0,2.0,0
2026_R01,OCO,55.0,84.577,HARD,44.0,2.0,0
2026_R01,OCO,56.0,84.533,HARD,45.0,2.0,0
2026_R01,OCO,57.0,84.573,HARD,46.0,2.0,0
2026_R01,LIN,1.0,96.081,MEDIUM,1.0,1.0,0
2026_R01,LIN,2.0,87.218,MEDIUM,2.0,1.0,0
2026_R01,LIN,3.0,85.497,MEDIUM,3.0,1.0,0
2026_R01,LIN,4.0,86.072,MEDIUM,4.0,1.0,0
2026_R01,LIN,5.0,86.235,MEDIUM,5.0,1.0,0
2026_R01,LIN,6.0,85.392,MEDIUM,6.0,1.0,0
2026_R01,LIN,7.0,85.194,MEDIUM,7.0,1.0,0
2026_R01,LIN,8.0,85.26,MEDIUM,8.0,1.0,0
2026_R01,LIN,9.0,85.337,MEDIUM,9.0,1.0,0
2026_R01,LIN,10.0,85.565,MEDIUM,10.0,1.0,0
2026_R01,LIN,11.0,92.238,MEDIUM,11.0,1.0,0
2026_R01,LIN,12.0,112.0,MEDIUM,12.0,1.0,0
2026_R01,LIN,13.0,114.878,MEDIUM,13.0,1.0,0
2026_R01,LIN,14.0,88.161,MEDIUM,14.0,1.0,0
2026_R01,LIN,15.0,84.877,MEDIUM,15.0,1.0,0
2026_R01,LIN,16.0,85.898,MEDIUM,16.0,1.0,0
2026_R01,LIN,17.0,85.096,MEDIUM,17.0,1.0,0
2026_R01,LIN,18.0,108.224,MEDIUM,18.0,1.0,1
2026_R01,LIN,19.0,117.225,HARD,1.0,2.0,0
2026_R01,LIN,20.0,85.424,HARD,2.0,2.0,0
2026_R01,LIN,21.0,84.182,HARD,3.0,2.0,0
2026_R01,LIN,22.0,84.29,HARD,4.0,2.0,0
2026_R01,LIN,23.0,84.909,HARD,5.0,2.0,0
2026_R01,LIN,24.0,84.554,HARD,6.0,2.0,0
2026_R01,LIN,25.0,84.263,HARD,7.0,2.0,0
2026_R01,LIN,26.0,84.205,HARD,8.0,2.0,0
2026_R01,LIN,27.0,84.361,HARD,9.0,2.0,0
2026_R01,LIN,28.0,84.475,HARD,10.0,2.0,0
2026_R01,LIN,29.0,84.916,HARD,11.0,2.0,0
2026_R01,LIN,30.0,84.282,HARD,12.0,2.0,0
2026_R01,LIN,31.0,84.876,HARD,13.0,2.0,0
2026_R01,LIN,32.0,84.671,HARD,14.0,2.0,0
2026_R01,LIN,33.0,89.426,HARD,15.0,2.0,0
2026_R01,LIN,34.0,93.812,HARD,16.0,2.0,0
2026_R01,LIN,35.0,84.536,HARD,17.0,2.0,0
2026_R01,LIN,36.0,84.698,HARD,18.0,2.0,0
2026_R01,LIN,37.0,84.523,HARD,19.0,2.0,0
2026_R01,LIN,38.0,84.797,HARD,20.0,2.0,0
2026_R01,LIN,39.0,85.955,HARD,21.0,2.0,0
2026_R01,LIN,40.0,88.242,HARD,22.0,2.0,0
2026_R01,LIN,41.0,85.406,HARD,23.0,2.0,0
2026_R01,LIN,42.0,85.409,HARD,24.0,2.0,0
2026_R01,LIN,43.0,84.862,HARD,25.0,2.0,0
2026_R01,LIN,44.0,84.747,HARD,26.0,2.0,0
2026_R01,LIN,45.0,84.645,HARD,27.0,2.0,0
2026_R01,LIN,46.0,84.688,HARD,28.0,2.0,0
2026_R01,LIN,47.0,84.773,HARD,29.0,2.0,0
2026_R01,LIN,48.0,84.863,HARD,30.0,2.0,0
2026_R01,LIN,49.0,84.774,HARD,31.0,2.0,0
2026_R01,LIN,50.0,84.715,HARD,32.0,2.0,0
2026_R01,LIN,51.0,84.374,HARD,33.0,2.0,0
2026_R01,LIN,52.0,85.21,HARD,34.0,2.0,0
2026_R01,LIN,53.0,86.148,HARD,35.0,2.0,0
2026_R01,LIN,54.0,88.167,HARD,36.0,2.0,0
2026_R01,LIN,55.0,84.614,HARD,37.0,2.0,0
2026_R01,LIN,56.0,84.688,HARD,38.0,2.0,0
2026_R01,LIN,57.0,84.689,HARD,39.0,2.0,0
2026_R01,COL,1.0,101.613,HARD,1.0,1.0,0
2026_R01,COL,2.0,88.166,HARD,2.0,1.0,0
2026_R01,COL,3.0,86.935,HARD,3.0,1.0,0
2026_R01,COL,4.0,86.812,HARD,4.0,1.0,0
2026_R01,COL,5.0,87.512,HARD,5.0,1.0,0
2026_R01,COL,6.0,87.513,HARD,6.0,1.0,0
2026_R01,COL,7.0,86.068,HARD,7.0,1.0,0
2026_R01,COL,8.0,85.818,HARD,8.0,1.0,0
2026_R01,COL,9.0,109.931,HARD,9.0,1.0,1
2026_R01,COL,10.0,92.762,HARD,10.0,2.0,0
2026_R01,COL,11.0,105.807,HARD,11.0,2.0,0
2026_R01,COL,12.0,123.67,HARD,12.0,2.0,0
2026_R01,COL,13.0,93.872,HARD,13.0,2.0,0
2026_R01,COL,14.0,86.663,HARD,14.0,2.0,0
2026_R01,COL,15.0,85.6,HARD,15.0,2.0,0
2026_R01,COL,16.0,85.911,HARD,16.0,2.0,0
2026_R01,COL,17.0,85.708,HARD,17.0,2.0,0
2026_R01,COL,18.0,112.961,HARD,18.0,2.0,0
2026_R01,COL,19.0,101.676,HARD,19.0,2.0,0
2026_R01,COL,20.0,85.331,HARD,20.0,2.0,0
2026_R01,COL,21.0,84.932,HARD,21.0,2.0,0
2026_R01,COL,22.0,85.011,HARD,22.0,2.0,0
2026_R01,COL,23.0,85.136,HARD,23.0,2.0,0
2026_R01,COL,24.0,85.449,HARD,24.0,2.0,0
2026_R01,COL,25.0,85.225,HARD,25.0,2.0,0
2026_R01,COL,26.0,85.174,HARD,26.0,2.0,0
2026_R01,COL,27.0,85.626,HARD,27.0,2.0,0
2026_R01,COL,28.0,86.172,HARD,28.0,2.0,0
2026_R01,COL,29.0,86.483,HARD,29.0,2.0,0
2026_R01,COL,30.0,85.566,HARD,30.0,2.0,0
2026_R01,COL,31.0,87.26,HARD,31.0,2.0,0
2026_R01,COL,32.0,85.707,HARD,32.0,2.0,0
2026_R01,COL,33.0,100.541,HARD,33.0,2.0,0
2026_R01,COL,34.0,86.067,HARD,34.0,2.0,0
2026_R01,COL,35.0,85.633,HARD,35.0,2.0,0
2026_R01,COL,36.0,87.434,HARD,36.0,2.0,0
2026_R01,COL,37.0,87.047,HARD,37.0,2.0,0
2026_R01,COL,38.0,87.012,HARD,38.0,2.0,0
2026_R01,COL,39.0,86.964,HARD,39.0,2.0,0
2026_R01,COL,40.0,86.665,HARD,40.0,2.0,0
2026_R01,COL,41.0,86.469,HARD,41.0,2.0,0
2026_R01,COL,42.0,85.275,HARD,42.0,2.0,0
2026_R01,COL,43.0,85.381,HARD,43.0,2.0,0
2026_R01,COL,44.0,85.24,HARD,44.0,2.0,0
2026_R01,COL,45.0,84.939,HARD,45.0,2.0,0
2026_R01,COL,46.0,102.911,HARD,46.0,2.0,1
2026_R01,COL,47.0,90.309,SOFT,1.0,3.0,0
2026_R01,COL,48.0,82.926,SOFT,2.0,3.0,0
2026_R01,COL,49.0,83.259,SOFT,3.0,3.0,0
2026_R01,COL,50.0,83.721,SOFT,4.0,3.0,0
2026_R01,COL,51.0,85.633,SOFT,5.0,3.0,0
2026_R01,COL,52.0,85.151,SOFT,6.0,3.0,0
2026_R01,COL,53.0,87.12,SOFT,7.0,3.0,0
2026_R01,COL,54.0,83.988,SOFT,8.0,3.0,0
2026_R01,COL,55.0,83.912,SOFT,9.0,3.0,0
2026_R01,COL,56.0,83.621,SOFT,10.0,3.0,0
2026_R01,HAM,1.0,95.261,MEDIUM,1.0,1.0,0
2026_R01,HAM,2.0,84.626,MEDIUM,2.0,1.0,0
2026_R01,HAM,3.0,84.874,MEDIUM,3.0,1.0,0
2026_R01,HAM,4.0,85.066,MEDIUM,4.0,1.0,0
2026_R01,HAM,5.0,84.502,MEDIUM,5.0,1.0,0
2026_R01,HAM,6.0,84.703,MEDIUM,6.0,1.0,0
2026_R01,HAM,7.0,84.365,MEDIUM,7.0,1.0,0
2026_R01,HAM,8.0,84.408,MEDIUM,8.0,1.0,0
2026_R01,HAM,9.0,85.844,MEDIUM,9.0,1.0,0
2026_R01,HAM,10.0,84.255,MEDIUM,10.0,1.0,0
2026_R01,HAM,11.0,84.073,MEDIUM,11.0,1.0,0
2026_R01,HAM,12.0,114.958,MEDIUM,12.0,1.0,0
2026_R01,HAM,13.0,116.315,MEDIUM,13.0,1.0,0
2026_R01,HAM,14.0,88.327,MEDIUM,14.0,1.0,0
2026_R01,HAM,15.0,83.703,MEDIUM,15.0,1.0,0
2026_R01,HAM,16.0,83.412,MEDIUM,16.0,1.0,0
2026_R01,HAM,17.0,84.045,MEDIUM,17.0,1.0,0
2026_R01,HAM,18.0,91.597,MEDIUM,18.0,1.0,0
2026_R01,HAM,19.0,113.1,MEDIUM,19.0,1.0,0
2026_R01,HAM,20.0,91.637,MEDIUM,20.0,1.0,0
2026_R01,HAM,21.0,83.617,MEDIUM,21.0,1.0,0
2026_R01,HAM,22.0,83.509,MEDIUM,22.0,1.0,0
2026_R01,HAM,23.0,83.382,MEDIUM,23.0,1.0,0
2026_R01,HAM,24.0,84.329,MEDIUM,24.0,1.0,0
2026_R01,HAM,25.0,83.66,MEDIUM,25.0,1.0,0
2026_R01,HAM,26.0,84.085,MEDIUM,26.0,1.0,0
2026_R01,HAM,27.0,83.76,MEDIUM,27.0,1.0,0
2026_R01,HAM,28.0,99.578,MEDIUM,28.0,1.0,1
2026_R01,HAM,29.0,89.135,HARD,1.0,2.0,0
2026_R01,HAM,30.0,83.474,HARD,2.0,2.0,0
2026_R01,HAM,31.0,83.129,HARD,3.0,2.0,0
2026_R01,HAM,32.0,83.185,HARD,4.0,2.0,0
2026_R01,HAM,33.0,83.775,HARD,5.0,2.0,0
2026_R01,HAM,34.0,98.315,HARD,6.0,2.0,0
2026_R01,HAM,35.0,83.317,HARD,7.0,2.0,0
2026_R01,HAM,36.0,83.338,HARD,8.0,2.0,0
2026_R01,HAM,37.0,83.086,HARD,9.0,2.0,0
2026_R01,HAM,38.0,82.688,HARD,10.0,2.0,0
2026_R01,HAM,39.0,82.536,HARD,11.0,2.0,0
2026_R01,HAM,40.0,82.55,HARD,12.0,2.0,0
2026_R01,HAM,41.0,82.648,HARD,13.0,2.0,0
2026_R01,HAM,42.0,82.636,HARD,14.0,2.0,0
2026_R01,HAM,43.0,82.559,HARD,15.0,2.0,0
2026_R01,HAM,44.0,82.837,HARD,16.0,2.0,0
2026_R01,HAM,45.0,82.529,HARD,17.0,2.0,0
2026_R01,HAM,46.0,82.945,HARD,18.0,2.0,0
2026_R01,HAM,47.0,82.677,HARD,19.0,2.0,0
2026_R01,HAM,48.0,82.764,HARD,20.0,2.0,0
2026_R01,HAM,49.0,82.835,HARD,21.0,2.0,0
2026_R01,HAM,50.0,83.31,HARD,22.0,2.0,0
2026_R01,HAM,51.0,82.683,HARD,23.0,2.0,0
2026_R01,HAM,52.0,83.008,HARD,24.0,2.0,0
2026_R01,HAM,53.0,83.165,HARD,25.0,2.0,0
2026_R01,HAM,54.0,82.554,HARD,26.0,2.0,0
2026_R01,HAM,55.0,82.423,HARD,27.0,2.0,0
2026_R01,HAM,56.0,82.5,HARD,28.0,2.0,0
2026_R01,HAM,57.0,82.716,HARD,29.0,2.0,0
2026_R01,HAM,58.0,82.637,HARD,30.0,2.0,0
2026_R01,BOR,1.0,98.755,MEDIUM,1.0,1.0,0
2026_R01,BOR,2.0,87.538,MEDIUM,2.0,1.0,0
2026_R01,BOR,3.0,86.324,MEDIUM,3.0,1.0,0
2026_R01,BOR,4.0,86.032,MEDIUM,4.0,1.0,0
2026_R01,BOR,5.0,86.327,MEDIUM,5.0,1.0,0
2026_R01,BOR,6.0,87.463,MEDIUM,6.0,1.0,0
2026_R01,BOR,7.0,85.785,MEDIUM,7.0,1.0,0
2026_R01,BOR,8.0,85.47,MEDIUM,8.0,1.0,0
2026_R01,BOR,9.0,85.224,MEDIUM,9.0,1.0,0
2026_R01,BOR,10.0,85.561,MEDIUM,10.0,1.0,0
2026_R01,BOR,11.0,91.862,MEDIUM,11.0,1.0,0
2026_R01,BOR,12.0,114.364,MEDIUM,12.0,1.0,0
2026_R01,BOR,13.0,114.445,MEDIUM,13.0,1.0,0
2026_R01,BOR,14.0,85.958,MEDIUM,14.0,1.0,0
2026_R01,BOR,15.0,84.819,MEDIUM,15.0,1.0,0
2026_R01,BOR,16.0,84.98,MEDIUM,16.0,1.0,0
2026_R01,BOR,17.0,85.061,MEDIUM,17.0,1.0,0
2026_R01,BOR,18.0,110.359,MEDIUM,18.0,1.0,1
2026_R01,BOR,19.0,115.679,HARD,1.0,2.0,0
2026_R01,BOR,20.0,85.201,HARD,2.0,2.0,0
2026_R01,BOR,21.0,85.044,HARD,3.0,2.0,0
2026_R01,BOR,22.0,84.428,HARD,4.0,2.0,0
2026_R01,BOR,23.0,84.335,HARD,5.0,2.0,0
2026_R01,BOR,24.0,84.327,HARD,6.0,2.0,0
2026_R01,BOR,25.0,84.37,HARD,7.0,2.0,0
2026_R01,BOR,26.0,84.533,HARD,8.0,2.0,0
2026_R01,BOR,27.0,84.535,HARD,9.0,2.0,0
2026_R01,BOR,28.0,84.44,HARD,10.0,2.0,0
2026_R01,BOR,29.0,84.694,HARD,11.0,2.0,0
2026_R01,BOR,30.0,84.364,HARD,12.0,2.0,0
2026_R01,BOR,31.0,84.153,HARD,13.0,2.0,0
2026_R01,BOR,32.0,83.978,HARD,14.0,2.0,0
2026_R01,BOR,33.0,104.235,HARD,15.0,2.0,1
2026_R01,BOR,34.0,93.286,HARD,1.0,3.0,0
2026_R01,BOR,35.0,83.954,HARD,2.0,3.0,0
2026_R01,BOR,36.0,83.655,HARD,3.0,3.0,0
2026_R01,BOR,37.0,83.732,HARD,4.0,3.0,0
2026_R01,BOR,38.0,85.119,HARD,5.0,3.0,0
2026_R01,BOR,39.0,84.83,HARD,6.0,3.0,0
2026_R01,BOR,40.0,84.696,HARD,7.0,3.0,0
2026_R01,BOR,41.0,84.47,HARD,8.0,3.0,0
2026_R01,BOR,42.0,83.803,HARD,9.0,3.0,0
2026_R01,BOR,43.0,83.643,HARD,10.0,3.0,0
2026_R01,BOR,44.0,83.736,HARD,11.0,3.0,0
2026_R01,BOR,45.0,83.257,HARD,12.0,3.0,0
2026_R01,BOR,46.0,83.346,HARD,13.0,3.0,0
2026_R01,BOR,47.0,83.976,HARD,14.0,3.0,0
2026_R01,BOR,48.0,85.008,HARD,15.0,3.0,0
2026_R01,BOR,49.0,84.889,HARD,16.0,3.0,0
2026_R01,BOR,50.0,84.324,HARD,17.0,3.0,0
2026_R01,BOR,51.0,85.635,HARD,18.0,3.0,0
2026_R01,BOR,52.0,84.359,HARD,19.0,3.0,0
2026_R01,BOR,53.0,86.063,HARD,20.0,3.0,0
2026_R01,BOR,54.0,84.548,HARD,21.0,3.0,0
2026_R01,BOR,55.0,85.268,HARD,22.0,3.0,0
2026_R01,BOR,56.0,84.515,HARD,23.0,3.0,0
2026_R01,BOR,57.0,84.821,HARD,24.0,3.0,0
2026_R01,SAI,1.0,99.815,SOFT,1.0,1.0,0
2026_R01,SAI,2.0,87.98,SOFT,2.0,1.0,0
2026_R01,SAI,3.0,88.093,SOFT,3.0,1.0,0
2026_R01,SAI,4.0,87.216,SOFT,4.0,1.0,0
2026_R01,SAI,5.0,87.511,SOFT,5.0,1.0,0
2026_R01,SAI,6.0,86.872,SOFT,6.0,1.0,0
2026_R01,SAI,7.0,85.698,SOFT,7.0,1.0,0
2026_R01,SAI,8.0,85.433,SOFT,8.0,1.0,0
2026_R01,SAI,9.0,85.826,SOFT,9.0,1.0,0
2026_R01,SAI,10.0,86.202,SOFT,10.0,1.0,0
2026_R01,SAI,11.0,106.912,SOFT,11.0,1.0,1
2026_R01,SAI,12.0,116.846,HARD,1.0,2.0,0
2026_R01,SAI,13.0,108.341,HARD,2.0,2.0,0
2026_R01,SAI,14.0,84.927,HARD,3.0,2.0,0
2026_R01,SAI,15.0,84.824,HARD,4.0,2.0,0
2026_R01,SAI,16.0,84.94,HARD,5.0,2.0,0
2026_R01,SAI,17.0,85.151,HARD,6.0,2.0,0
2026_R01,SAI,18.0,102.82,HARD,7.0,2.0,0
2026_R01,SAI,19.0,110.08,HARD,8.0,2.0,0
2026_R01,SAI,20.0,85.394,HARD,9.0,2.0,0
2026_R01,SAI,21.0,85.409,HARD,10.0,2.0,0
2026_R01,SAI,22.0,85.37,HARD,11.0,2.0,0
2026_R01,SAI,23.0,85.6,HARD,12.0,2.0,0
2026_R01,SAI,24.0,85.704,HARD,13.0,2.0,0
2026_R01,SAI,25.0,86.122,HARD,14.0,2.0,0
2026_R01,SAI,26.0,86.141,HARD,15.0,2.0,0
2026_R01,SAI,27.0,86.124,HARD,16.0,2.0,0
2026_R01,SAI,28.0,86.796,HARD,17.0,2.0,0
2026_R01,SAI,29.0,88.049,HARD,18.0,2.0,0
2026_R01,SAI,30.0,87.095,HARD,19.0,2.0,0
2026_R01,SAI,31.0,86.639,HARD,20.0,2.0,0
2026_R01,SAI,32.0,87.386,HARD,21.0,2.0,0
2026_R01,SAI,33.0,119.861,HARD,22.0,2.0,1
2026_R01,SAI,34.0,93.021,MEDIUM,1.0,3.0,0
2026_R01,SAI,35.0,84.881,MEDIUM,2.0,3.0,0
2026_R01,SAI,36.0,84.804,MEDIUM,3.0,3.0,0
2026_R01,SAI,37.0,85.21,MEDIUM,4.0,3.0,0
2026_R01,SAI,38.0,87.205,MEDIUM,5.0,3.0,0
2026_R01,SAI,39.0,87.266,MEDIUM,6.0,3.0,0
2026_R01,SAI,40.0,86.222,MEDIUM,7.0,3.0,0
2026_R01,SAI,41.0,86.717,MEDIUM,8.0,3.0,0
2026_R01,SAI,42.0,85.361,MEDIUM,9.0,3.0,0
2026_R01,SAI,43.0,85.287,MEDIUM,10.0,3.0,0
2026_R01,SAI,44.0,85.529,MEDIUM,11.0,3.0,0
2026_R01,SAI,45.0,116.391,MEDIUM,12.0,3.0,1
2026_R01,SAI,46.0,91.589,SOFT,1.0,4.0,0
2026_R01,SAI,47.0,96.209,SOFT,2.0,4.0,0
2026_R01,SAI,48.0,84.977,SOFT,3.0,4.0,0
2026_R01,SAI,49.0,83.922,SOFT,4.0,4.0,0
2026_R01,SAI,50.0,83.6,SOFT,5.0,4.0,0
2026_R01,SAI,51.0,83.87,SOFT,6.0,4.0,0
2026_R01,SAI,52.0,83.59,SOFT,7.0,4.0,0
2026_R01,SAI,53.0,87.961,SOFT,8.0,4.0,0
2026_R01,SAI,54.0,84.266,SOFT,9.0,4.0,0
2026_R01,SAI,55.0,83.809,SOFT,10.0,4.0,0
2026_R01,SAI,56.0,84.823,SOFT,11.0,4.0,0
2026_R01,HAD,1.0,96.046,MEDIUM,1.0,1.0,0
2026_R01,HAD,2.0,85.987,MEDIUM,2.0,1.0,0
2026_R01,HAD,3.0,85.556,MEDIUM,3.0,1.0,0
2026_R01,HAD,4.0,85.342,MEDIUM,4.0,1.0,0
2026_R01,HAD,5.0,85.355,MEDIUM,5.0,1.0,0
2026_R01,HAD,6.0,85.879,MEDIUM,6.0,1.0,0
2026_R01,HAD,7.0,85.445,MEDIUM,7.0,1.0,0
2026_R01,HAD,8.0,85.313,MEDIUM,8.0,1.0,0
2026_R01,HAD,9.0,85.239,MEDIUM,9.0,1.0,0
2026_R01,HAD,10.0,85.363,MEDIUM,10.0,1.0,0
2026_R01,HAD,11.0,,MEDIUM,11.0,1.0,0
2026_R01,RUS,1.0,92.694,MEDIUM,1.0,1.0,0
2026_R01,RUS,2.0,85.007,MEDIUM,2.0,1.0,0
2026_R01,RUS,3.0,86.444,MEDIUM,3.0,1.0,0
2026_R01,RUS,4.0,84.789,MEDIUM,4.0,1.0,0
2026_R01,RUS,5.0,84.017,MEDIUM,5.0,1.0,0
2026_R01,RUS,6.0,84.639,MEDIUM,6.0,1.0,0
2026_R01,RUS,7.0,84.099,MEDIUM,7.0,1.0,0
2026_R01,RUS,8.0,85.19,MEDIUM,8.0,1.0,0
2026_R01,RUS,9.0,85.978,MEDIUM,9.0,1.0,0
2026_R01,RUS,10.0,84.112,MEDIUM,10.0,1.0,0
2026_R01,RUS,11.0,83.967,MEDIUM,11.0,1.0,0
2026_R01,RUS,12.0,125.94,MEDIUM,12.0,1.0,1
2026_R01,RUS,13.0,117.659,HARD,1.0,2.0,0
2026_R01,RUS,14.0,87.094,HARD,2.0,2.0,0
2026_R01,RUS,15.0,82.825,HARD,3.0,2.0,0
2026_R01,RUS,16.0,82.923,HARD,4.0,2.0,0
2026_R01,RUS,17.0,82.765,HARD,5.0,2.0,0
2026_R01,RUS,18.0,88.979,HARD,6.0,2.0,0
2026_R01,RUS,19.0,115.257,HARD,7.0,2.0,0
2026_R01,RUS,20.0,90.936,HARD,8.0,2.0,0
2026_R01,RUS,21.0,82.67,HARD,9.0,2.0,0
2026_R01,RUS,22.0,82.892,HARD,10.0,2.0,0
2026_R01,RUS,23.0,82.828,HARD,11.0,2.0,0
2026_R01,RUS,24.0,83.466,HARD,12.0,2.0,0
2026_R01,RUS,25.0,82.879,HARD,13.0,2.0,0
2026_R01,RUS,26.0,83.093,HARD,14.0,2.0,0
2026_R01,RUS,27.0,83.188,HARD,15.0,2.0,0
2026_R01,RUS,28.0,83.39,HARD,16.0,2.0,0
2026_R01,RUS,29.0,83.486,HARD,17.0,2.0,0
2026_R01,RUS,30.0,83.272,HARD,18.0,2.0,0
2026_R01,RUS,31.0,83.147,HARD,19.0,2.0,0
2026_R01,RUS,32.0,83.54,HARD,20.0,2.0,0
2026_R01,RUS,33.0,83.838,HARD,21.0,2.0,0
2026_R01,RUS,34.0,97.592,HARD,22.0,2.0,0
2026_R01,RUS,35.0,83.017,HARD,23.0,2.0,0
2026_R01,RUS,36.0,82.729,HARD,24.0,2.0,0
2026_R01,RUS,37.0,82.839,HARD,25.0,2.0,0
2026_R01,RUS,38.0,82.863,HARD,26.0,2.0,0
2026_R01,RUS,39.0,82.738,HARD,27.0,2.0,0
2026_R01,RUS,40.0,82.915,HARD,28.0,2.0,0
2026_R01,RUS,41.0,83.073,HARD,29.0,2.0,0
2026_R01,RUS,42.0,83.054,HARD,30.0,2.0,0
2026_R01,RUS,43.0,82.893,HARD,31.0,2.0,0
2026_R01,RUS,44.0,82.856,HARD,32.0,2.0,0
2026_R01,RUS,45.0,83.477,HARD,33.0,2.0,0
2026_R01,RUS,46.0,83.751,HARD,34.0,2.0,0
2026_R01,RUS,47.0,83.033,HARD,35.0,2.0,0
2026_R01,RUS,48.0,83.034,HARD,36.0,2.0,0
2026_R01,RUS,49.0,82.844,HARD,37.0,2.0,0
2026_R01,RUS,50.0,83.087,HARD,38.0,2.0,0
2026_R01,RUS,51.0,82.762,HARD,39.0,2.0,0
2026_R01,RUS,52.0,83.106,HARD,40.0,2.0,0
2026_R01,RUS,53.0,83.069,HARD,41.0,2.0,0
2026_R01,RUS,54.0,83.1,HARD,42.0,2.0,0
2026_R01,RUS,55.0,82.67,HARD,43.0,2.0,0
2026_R01,RUS,56.0,82.757,HARD,44.0,2.0,0
2026_R01,RUS,57.0,83.188,HARD,45.0,2.0,0
2026_R01,RUS,58.0,83.351,HARD,46.0,2.0,0
2026_R01,BOT,1.0,100.85,HARD,1.0,1.0,0
2026_R01,BOT,2.0,90.152,HARD,2.0,1.0,0
2026_R01,BOT,3.0,89.219,HARD,3.0,1.0,0
2026_R01,BOT,4.0,88.057,HARD,4.0,1.0,0
2026_R01,BOT,5.0,87.738,HARD,5.0,1.0,0
2026_R01,BOT,6.0,87.804,HARD,6.0,1.0,0
2026_R01,BOT,7.0,87.457,HARD,7.0,1.0,0
2026_R01,BOT,8.0,87.364,HARD,8.0,1.0,0
2026_R01,BOT,9.0,87.679,HARD,9.0,1.0,0
2026_R01,BOT,10.0,87.661,HARD,10.0,1.0,0
2026_R01,BOT,11.0,99.058,HARD,11.0,1.0,0
2026_R01,BOT,12.0,,HARD,12.0,1.0,1
2026_R01,BOT,13.0,104.111,HARD,13.0,2.0,0
2026_R01,BOT,14.0,91.389,HARD,14.0,2.0,0
2026_R01,BOT,15.0,91.33,HARD,15.0,2.0,0
2026_R01,BOT,16.0,,HARD,16.0,2.0,0
2026_R01,BEA,1.0,99.765,MEDIUM,1.0,1.0,0
2026_R01,BEA,2.0,87.321,MEDIUM,2.0,1.0,0
2026_R01,BEA,3.0,86.384,MEDIUM,3.0,1.0,0
2026_R01,BEA,4.0,85.92,MEDIUM,4.0,1.0,0
2026_R01,BEA,5.0,86.003,MEDIUM,5.0,1.0,0
2026_R01,BEA,6.0,85.969,MEDIUM,6.0,1.0,0
2026_R01,BEA,7.0,85.195,MEDIUM,7.0,1.0,0
2026_R01,BEA,8.0,86.046,MEDIUM,8.0,1.0,0
2026_R01,BEA,9.0,85.397,MEDIUM,9.0,1.0,0
2026_R01,BEA,10.0,85.668,MEDIUM,10.0,1.0,0
2026_R01,BEA,11.0,91.403,MEDIUM,11.0,1.0,0
2026_R01,BEA,12.0,115.039,MEDIUM,12.0,1.0,0
2026_R01,BEA,13.0,113.783,MEDIUM,13.0,1.0,0
2026_R01,BEA,14.0,85.628,MEDIUM,14.0,1.0,0
2026_R01,BEA,15.0,84.562,MEDIUM,15.0,1.0,0
2026_R01,BEA,16.0,84.563,MEDIUM,16.0,1.0,0
2026_R01,BEA,17.0,84.807,MEDIUM,17.0,1.0,0
2026_R01,BEA,18.0,107.604,MEDIUM,18.0,1.0,1
2026_R01,BEA,19.0,116.677,HARD,1.0,2.0,0
2026_R01,BEA,20.0,85.186,HARD,2.0,2.0,0
2026_R01,BEA,21.0,84.203,HARD,3.0,2.0,0
2026_R01,BEA,22.0,84.02,HARD,4.0,2.0,0
2026_R01,BEA,23.0,84.968,HARD,5.0,2.0,0
2026_R01,BEA,24.0,84.692,HARD,6.0,2.0,0
2026_R01,BEA,25.0,84.058,HARD,7.0,2.0,0
2026_R01,BEA,26.0,84.155,HARD,8.0,2.0,0
2026_R01,BEA,27.0,84.284,HARD,9.0,2.0,0
2026_R01,BEA,28.0,84.216,HARD,10.0,2.0,0
2026_R01,BEA,29.0,85.315,HARD,11.0,2.0,0
2026_R01,BEA,30.0,84.509,HARD,12.0,2.0,0
2026_R01,BEA,31.0,84.627,HARD,13.0,2.0,0
2026_R01,BEA,32.0,85.006,HARD,14.0,2.0,0
2026_R01,BEA,33.0,90.647,HARD,15.0,2.0,0
2026_R01,BEA,34.0,92.31,HARD,16.0,2.0,0
2026_R01,BEA,35.0,84.914,HARD,17.0,2.0,0
2026_R01,BEA,36.0,84.598,HARD,18.0,2.0,0
2026_R01,BEA,37.0,84.5,HARD,19.0,2.0,0
2026_R01,BEA,38.0,85.093,HARD,20.0,2.0,0
2026_R01,BEA,39.0,84.756,HARD,21.0,2.0,0
2026_R01,BEA,40.0,86.988,HARD,22.0,2.0,0
2026_R01,BEA,41.0,85.049,HARD,23.0,2.0,0
2026_R01,BEA,42.0,84.503,HARD,24.0,2.0,0
2026_R01,BEA,43.0,84.549,HARD,25.0,2.0,0
2026_R01,BEA,44.0,84.612,HARD,26.0,2.0,0
2026_R01,BEA,45.0,84.13,HARD,27.0,2.0,0
2026_R01,BEA,46.0,84.55,HARD,28.0,2.0,0
2026_R01,BEA,47.0,84.76,HARD,29.0,2.0,0
2026_R01,BEA,48.0,84.404,HARD,30.0,2.0,0
2026_R01,BEA,49.0,84.281,HARD,31.0,2.0,0
2026_R01,BEA,50.0,84.467,HARD,32.0,2.0,0
2026_R01,BEA,51.0,84.233,HARD,33.0,2.0,0
2026_R01,BEA,52.0,84.264,HARD,34.0,2.0,0
2026_R01,BEA,53.0,84.615,HARD,35.0,2.0,0
2026_R01,BEA,54.0,84.61,HARD,36.0,2.0,0
2026_R01,BEA,55.0,84.5,HARD,37.0,2.0,0
2026_R01,BEA,56.0,86.439,HARD,38.0,2.0,0
2026_R01,BEA,57.0,86.649,HARD,39.0,2.0,0
2026_R02,GAS,1.0,102.591,MEDIUM,1.0,1.0,0
2026_R02,GAS,2.0,98.917,MEDIUM,2.0,1.0,0
2026_R02,GAS,3.0,98.923,MEDIUM,3.0,1.0,0
2026_R02,GAS,4.0,98.717,MEDIUM,4.0,1.0,0
2026_R02,GAS,5.0,98.474,MEDIUM,5.0,1.0,0
2026_R02,GAS,6.0,98.298,MEDIUM,6.0,1.0,0
2026_R02,GAS,7.0,98.635,MEDIUM,7.0,1.0,0
2026_R02,GAS,8.0,98.427,MEDIUM,8.0,1.0,0
2026_R02,GAS,9.0,98.609,MEDIUM,9.0,1.0,0
2026_R02,GAS,10.0,112.994,MEDIUM,10.0,1.0,1
2026_R02,GAS,11.0,,HARD,1.0,2.0,0
2026_R02,GAS,12.0,,HARD,2.0,2.0,0
2026_R02,GAS,13.0,145.559,HARD,3.0,2.0,0
2026_R02,GAS,14.0,100.408,HARD,4.0,2.0,0
2026_R02,GAS,15.0,98.883,HARD,5.0,2.0,0
2026_R02,GAS,16.0,98.644,HARD,6.0,2.0,0
2026_R02,GAS,17.0,98.238,HARD,7.0,2.0,0
2026_R02,GAS,18.0,97.593,HARD,8.0,2.0,0
2026_R02,GAS,19.0,99.325,HARD,9.0,2.0,0
2026_R02,GAS,20.0,99.504,HARD,10.0,2.0,0
2026_R02,GAS,21.0,99.208,HARD,11.0,2.0,0
2026_R02,GAS,22.0,99.338,HARD,12.0,2.0,0
2026_R02,GAS,23.0,98.067,HARD,13.0,2.0,0
2026_R02,GAS,24.0,98.373,HARD,14.0,2.0,0
2026_R02,GAS,25.0,98.568,HARD,15.0,2.0,0
2026_R02,GAS,26.0,97.82,HARD,16.0,2.0,0
2026_R02,GAS,27.0,98.163,HARD,17.0,2.0,0
2026_R02,GAS,28.0,98.225,HARD,18.0,2.0,0
2026_R02,GAS,29.0,97.566,HARD,19.0,2.0,0
2026_R02,GAS,30.0,98.132,HARD,20.0,2.0,0
2026_R02,GAS,31.0,97.634,HARD,21.0,2.0,0
2026_R02,GAS,32.0,97.253,HARD,22.0,2.0,0
2026_R02,GAS,33.0,97.123,HARD,23.0,2.0,0
2026_R02,GAS,34.0,97.193,HARD,24.0,2.0,0
2026_R02,GAS,35.0,97.293,HARD,25.0,2.0,0
2026_R02,GAS,36.0,97.103,HARD,26.0,2.0,0
2026_R02,GAS,37.0,96.752,HARD,27.0,2.0,0
2026_R02,GAS,38.0,96.672,HARD,28.0,2.0,0
2026_R02,GAS,39.0,96.754,HARD,29.0,2.0,0
2026_R02,GAS,40.0,96.865,HARD,30.0,2.0,0
2026_R02,GAS,41.0,97.214,HARD,31.0,2.0,0
2026_R02,GAS,42.0,97.026,HARD,32.0,2.0,0
2026_R02,GAS,43.0,96.877,HARD,33.0,2.0,0
2026_R02,GAS,44.0,96.764,HARD,34.0,2.0,0
2026_R02,GAS,45.0,96.895,HARD,35.0,2.0,0
2026_R02,GAS,46.0,96.748,HARD,36.0,2.0,0
2026_R02,GAS,47.0,97.584,HARD,37.0,2.0,0
2026_R02,GAS,48.0,97.01,HARD,38.0,2.0,0
2026_R02,GAS,49.0,96.752,HARD,39.0,2.0,0
2026_R02,GAS,50.0,97.04,HARD,40.0,2.0,0
2026_R02,GAS,51.0,96.753,HARD,41.0,2.0,0
2026_R02,GAS,52.0,96.642,HARD,42.0,2.0,0
2026_R02,GAS,53.0,96.505,HARD,43.0,2.0,0
2026_R02,GAS,54.0,96.682,HARD,44.0,2.0,0
2026_R02,GAS,55.0,96.638,HARD,45.0,2.0,0
2026_R02,GAS,56.0,96.569,HARD,46.0,2.0,0
2026_R02,PER,1.0,115.089,MEDIUM,1.0,1.0,0
2026_R02,PER,2.0,101.066,MEDIUM,2.0,1.0,0
2026_R02,PER,3.0,101.224,MEDIUM,3.0,1.0,0
2026_R02,PER,4.0,100.934,MEDIUM,4.0,1.0,0
2026_R02,PER,5.0,100.978,MEDIUM,5.0,1.0,0
2026_R02,PER,6.0,100.557,MEDIUM,6.0,1.0,0
2026_R02,PER,7.0,100.918,MEDIUM,7.0,1.0,0
2026_R02,PER,8.0,101.103,MEDIUM,8.0,1.0,0
2026_R02,PER,9.0,101.781,MEDIUM,9.0,1.0,0
2026_R02,PER,10.0,121.617,MEDIUM,10.0,1.0,0
2026_R02,PER,11.0,138.719,MEDIUM,11.0,1.0,1
2026_R02,PER,12.0,137.935,HARD,1.0,2.0,0
2026_R02,PER,13.0,139.666,HARD,2.0,2.0,0
2026_R02,PER,14.0,101.759,HARD,3.0,2.0,0
2026_R02,PER,15.0,100.004,HARD,4.0,2.0,0
2026_R02,PER,16.0,99.621,HARD,5.0,2.0,0
2026_R02,PER,17.0,102.203,HARD,6.0,2.0,0
2026_R02,PER,18.0,99.321,HARD,7.0,2.0,0
2026_R02,PER,19.0,99.731,HARD,8.0,2.0,0
2026_R02,PER,20.0,100.134,HARD,9.0,2.0,0
2026_R02,PER,21.0,99.682,HARD,10.0,2.0,0
2026_R02,PER,22.0,99.622,HARD,11.0,2.0,0
2026_R02,PER,23.0,99.75,HARD,12.0,2.0,0
2026_R02,PER,24.0,99.736,HARD,13.0,2.0,0
2026_R02,PER,25.0,100.542,HARD,14.0,2.0,0
2026_R02,PER,26.0,100.01,HARD,15.0,2.0,0
2026_R02,PER,27.0,100.307,HARD,16.0,2.0,0
2026_R02,PER,28.0,99.583,HARD,17.0,2.0,0
2026_R02,PER,29.0,100.437,HARD,18.0,2.0,0
2026_R02,PER,30.0,100.016,HARD,19.0,2.0,0
2026_R02,PER,31.0,99.977,HARD,20.0,2.0,0
2026_R02,PER,32.0,99.799,HARD,21.0,2.0,0
2026_R02,PER,33.0,100.106,HARD,22.0,2.0,0
2026_R02,PER,34.0,100.185,HARD,23.0,2.0,0
2026_R02,PER,35.0,99.48,HARD,24.0,2.0,0
2026_R02,PER,36.0,99.551,HARD,25.0,2.0,0
2026_R02,PER,37.0,99.606,HARD,26.0,2.0,0
2026_R02,PER,38.0,100.111,HARD,27.0,2.0,0
2026_R02,PER,39.0,99.616,HARD,28.0,2.0,0
2026_R02,PER,40.0,99.591,HARD,29.0,2.0,0
2026_R02,PER,41.0,100.557,HARD,30.0,2.0,0
2026_R02,PER,42.0,99.127,HARD,31.0,2.0,0
2026_R02,PER,43.0,101.151,HARD,32.0,2.0,0
2026_R02,PER,44.0,103.964,HARD,33.0,2.0,0
2026_R02,PER,45.0,108.834,HARD,34.0,2.0,0
2026_R02,PER,46.0,100.983,HARD,35.0,2.0,0
2026_R02,PER,47.0,99.88,HARD,36.0,2.0,0
2026_R02,PER,48.0,100.227,HARD,37.0,2.0,0
2026_R02,PER,49.0,99.462,HARD,38.0,2.0,0
2026_R02,PER,50.0,98.523,HARD,39.0,2.0,0
2026_R02,PER,51.0,99.014,HARD,40.0,2.0,0
2026_R02,PER,52.0,99.526,HARD,41.0,2.0,0
2026_R02,PER,53.0,98.959,HARD,42.0,2.0,0
2026_R02,PER,54.0,99.076,HARD,43.0,2.0,0
2026_R02,PER,55.0,98.898,HARD,44.0,2.0,0
2026_R02,ANT,1.0,100.137,MEDIUM,1.0,1.0,0
2026_R02,ANT,2.0,98.305,MEDIUM,2.0,1.0,0
2026_R02,ANT,3.0,98.013,MEDIUM,3.0,1.0,0
2026_R02,ANT,4.0,97.394,MEDIUM,4.0,1.0,0
2026_R02,ANT,5.0,97.535,MEDIUM,5.0,1.0,0
2026_R02,ANT,6.0,97.172,MEDIUM,6.0,1.0,0
2026_R02,ANT,7.0,97.412,MEDIUM,7.0,1.0,0
2026_R02,ANT,8.0,97.322,MEDIUM,8.0,1.0,0
2026_R02,ANT,9.0,97.356,MEDIUM,9.0,1.0,0
2026_R02,ANT,10.0,106.671,MEDIUM,10.0,1.0,1
2026_R02,ANT,11.0,,HARD,1.0,2.0,0
2026_R02,ANT,12.0,149.91,HARD,2.0,2.0,0
2026_R02,ANT,13.0,,HARD,3.0,2.0,0
2026_R02,ANT,14.0,98.957,HARD,4.0,2.0,0
2026_R02,ANT,15.0,98.222,HARD,5.0,2.0,0
2026_R02,ANT,16.0,96.604,HARD,6.0,2.0,0
2026_R02,ANT,17.0,96.555,HARD,7.0,2.0,0
2026_R02,ANT,18.0,97.059,HARD,8.0,2.0,0
2026_R02,ANT,19.0,96.816,HARD,9.0,2.0,0
2026_R02,ANT,20.0,96.762,HARD,10.0,2.0,0
2026_R02,ANT,21.0,96.929,HARD,11.0,2.0,0
2026_R02,ANT,22.0,96.612,HARD,12.0,2.0,0
2026_R02,ANT,23.0,96.806,HARD,13.0,2.0,0
2026_R02,ANT,24.0,96.513,HARD,14.0,2.0,0
2026_R02,ANT,25.0,96.514,HARD,15.0,2.0,0
2026_R02,ANT,26.0,96.588,HARD,16.0,2.0,0
2026_R02,ANT,27.0,96.59,HARD,17.0,2.0,0
2026_R02,ANT,28.0,96.589,HARD,18.0,2.0,0
2026_R02,ANT,29.0,96.381,HARD,19.0,2.0,0
2026_R02,ANT,30.0,96.166,HARD,20.0,2.0,0
2026_R02,ANT,31.0,96.108,HARD,21.0,2.0,0
2026_R02,ANT,32.0,95.983,HARD,22.0,2.0,0
2026_R02,ANT,33.0,96.443,HARD,23.0,2.0,0
2026_R02,ANT,34.0,96.021,HARD,24.0,2.0,0
2026_R02,ANT,35.0,96.037,HARD,25.0,2.0,0
2026_R02,ANT,36.0,96.014,HARD,26.0,2.0,0
2026_R02,ANT,37.0,96.159,HARD,27.0,2.0,0
2026_R02,ANT,38.0,95.526,HARD,28.0,2.0,0
2026_R02,ANT,39.0,95.494,HARD,29.0,2.0,0
2026_R02,ANT,40.0,96.15,HARD,30.0,2.0,0
2026_R02,ANT,41.0,95.343,HARD,31.0,2.0,0
2026_R02,ANT,42.0,95.93,HARD,32.0,2.0,0
2026_R02,ANT,43.0,95.936,HARD,33.0,2.0,0
2026_R02,ANT,44.0,95.332,HARD,34.0,2.0,0
2026_R02,ANT,45.0,95.528,HARD,35.0,2.0,0
2026_R02,ANT,46.0,95.282,HARD,36.0,2.0,0
2026_R02,ANT,47.0,95.501,HARD,37.0,2.0,0
2026_R02,ANT,48.0,95.706,HARD,38.0,2.0,0
2026_R02,ANT,49.0,95.523,HARD,39.0,2.0,0
2026_R02,ANT,50.0,95.659,HARD,40.0,2.0,0
2026_R02,ANT,51.0,96.011,HARD,41.0,2.0,0
2026_R02,ANT,52.0,95.275,HARD,42.0,2.0,0
2026_R02,ANT,53.0,97.53,HARD,43.0,2.0,0
2026_R02,ANT,54.0,96.176,HARD,44.0,2.0,0
2026_R02,ANT,55.0,96.378,HARD,45.0,2.0,0
2026_R02,ANT,56.0,96.929,HARD,46.0,2.0,0
2026_R02,ALO,1.0,107.23,HARD,1.0,1.0,0
2026_R02,ALO,2.0,102.291,HARD,2.0,1.0,0
2026_R02,ALO,3.0,101.588,HARD,3.0,1.0,0
2026_R02,ALO,4.0,100.471,HARD,4.0,1.0,0
2026_R02,ALO,5.0,101.554,HARD,5.0,1.0,0
2026_R02,ALO,6.0,101.824,HARD,6.0,1.0,0
2026_R02,ALO,7.0,101.659,HARD,7.0,1.0,0
2026_R02,ALO,8.0,101.113,HARD,8.0,1.0,0
2026_R02,ALO,9.0,101.631,HARD,9.0,1.0,0
2026_R02,ALO,10.0,119.919,HARD,10.0,1.0,0
2026_R02,ALO,11.0,135.393,HARD,11.0,1.0,0
2026_R02,ALO,12.0,140.998,HARD,12.0,1.0,0
2026_R02,ALO,13.0,143.746,HARD,13.0,1.0,0
2026_R02,ALO,14.0,103.5,HARD,14.0,1.0,0
2026_R02,ALO,15.0,101.183,HARD,15.0,1.0,0
2026_R02,ALO,16.0,100.26,HARD,16.0,1.0,0
2026_R02,ALO,17.0,100.363,HARD,17.0,1.0,0
2026_R02,ALO,18.0,101.241,HARD,18.0,1.0,0
2026_R02,ALO,19.0,100.356,HARD,19.0,1.0,0
2026_R02,ALO,20.0,100.254,HARD,20.0,1.0,0
2026_R02,ALO,21.0,99.812,HARD,21.0,1.0,0
2026_R02,ALO,22.0,99.938,HARD,22.0,1.0,0
2026_R02,ALO,23.0,99.801,HARD,23.0,1.0,0
2026_R02,ALO,24.0,99.767,HARD,24.0,1.0,0
2026_R02,ALO,25.0,99.721,HARD,25.0,1.0,0
2026_R02,ALO,26.0,99.755,HARD,26.0,1.0,0
2026_R02,ALO,27.0,100.242,HARD,27.0,1.0,0
2026_R02,ALO,28.0,99.745,HARD,28.0,1.0,0
2026_R02,ALO,29.0,99.945,HARD,29.0,1.0,0
2026_R02,ALO,30.0,100.349,HARD,30.0,1.0,0
2026_R02,ALO,31.0,106.419,HARD,31.0,1.0,1
2026_R02,ALO,32.0,127.515,MEDIUM,1.0,2.0,1
2026_R02,LEC,1.0,101.064,MEDIUM,1.0,1.0,0
2026_R02,LEC,2.0,98.558,MEDIUM,2.0,1.0,0
2026_R02,LEC,3.0,99.148,MEDIUM,3.0,1.0,0
2026_R02,LEC,4.0,97.835,MEDIUM,4.0,1.0,0
2026_R02,LEC,5.0,97.863,MEDIUM,5.0,1.0,0
2026_R02,LEC,6.0,98.136,MEDIUM,6.0,1.0,0
2026_R02,LEC,7.0,97.994,MEDIUM,7.0,1.0,0
2026_R02,LEC,8.0,97.794,MEDIUM,8.0,1.0,0
2026_R02,LEC,9.0,98.13,MEDIUM,9.0,1.0,0
2026_R02,LEC,10.0,112.397,MEDIUM,10.0,1.0,1
2026_R02,LEC,11.0,,HARD,1.0,2.0,0
2026_R02,LEC,12.0,,HARD,2.0,2.0,0
2026_R02,LEC,13.0,146.486,HARD,3.0,2.0,0
2026_R02,LEC,14.0,99.851,HARD,4.0,2.0,0
2026_R02,LEC,15.0,97.205,HARD,5.0,2.0,0
2026_R02,LEC,16.0,97.306,HARD,6.0,2.0,0
2026_R02,LEC,17.0,96.877,HARD,7.0,2.0,0
2026_R02,LEC,18.0,96.599,HARD,8.0,2.0,0
2026_R02,LEC,19.0,96.861,HARD,9.0,2.0,0
2026_R02,LEC,20.0,96.833,HARD,10.0,2.0,0
2026_R02,LEC,21.0,96.705,HARD,11.0,2.0,0
2026_R02,LEC,22.0,96.643,HARD,12.0,2.0,0
2026_R02,LEC,23.0,96.813,HARD,13.0,2.0,0
2026_R02,LEC,24.0,97.277,HARD,14.0,2.0,0
2026_R02,LEC,25.0,97.681,HARD,15.0,2.0,0
2026_R02,LEC,26.0,97.574,HARD,16.0,2.0,0
2026_R02,LEC,27.0,97.872,HARD,17.0,2.0,0
2026_R02,LEC,28.0,97.076,HARD,18.0,2.0,0
2026_R02,LEC,29.0,97.107,HARD,19.0,2.0,0
2026_R02,LEC,30.0,96.797,HARD,20.0,2.0,0
2026_R02,LEC,31.0,96.409,HARD,21.0,2.0,0
2026_R02,LEC,32.0,96.624,HARD,22.0,2.0,0
2026_R02,LEC,33.0,96.55,HARD,23.0,2.0,0
2026_R02,LEC,34.0,96.729,HARD,24.0,2.0,0
2026_R02,LEC,35.0,98.511,HARD,25.0,2.0,0
2026_R02,LEC,36.0,97.247,HARD,26.0,2.0,0
2026_R02,LEC,37.0,96.767,HARD,27.0,2.0,0
2026_R02,LEC,38.0,96.759,HARD,28.0,2.0,0
2026_R02,LEC,39.0,96.993,HARD,29.0,2.0,0
2026_R02,LEC,40.0,98.256,HARD,30.0,2.0,0
2026_R02,LEC,41.0,96.84,HARD,31.0,2.0,0
2026_R02,LEC,42.0,96.795,HARD,32.0,2.0,0
2026_R02,LEC,43.0,96.584,HARD,33.0,2.0,0
2026_R02,LEC,44.0,96.649,HARD,34.0,2.0,0
2026_R02,LEC,45.0,97.224,HARD,35.0,2.0,0
2026_R02,LEC,46.0,96.271,HARD,36.0,2.0,0
2026_R02,LEC,47.0,96.204,HARD,37.0,2.0,0
2026_R02,LEC,48.0,96.228,HARD,38.0,2.0,0
2026_R02,LEC,49.0,96.331,HARD,39.0,2.0,0
2026_R02,LEC,50.0,96.387,HARD,40.0,2.0,0
2026_R02,LEC,51.0,96.744,HARD,41.0,2.0,0
2026_R02,LEC,52.0,96.324,HARD,42.0,2.0,0
2026_R02,LEC,53.0,96.32,HARD,43.0,2.0,0
2026_R02,LEC,54.0,96.213,HARD,44.0,2.0,0
2026_R02,LEC,55.0,96.134,HARD,45.0,2.0,0
2026_R02,LEC,56.0,96.011,HARD,46.0,2.0,0
2026_R02,STR,1.0,109.471,HARD,1.0,1.0,0
2026_R02,STR,2.0,101.83,HARD,2.0,1.0,0
2026_R02,STR,3.0,101.798,HARD,3.0,1.0,0
2026_R02,STR,4.0,101.854,HARD,4.0,1.0,0
2026_R02,STR,5.0,100.992,HARD,5.0,1.0,0
2026_R02,STR,6.0,100.971,HARD,6.0,1.0,0
2026_R02,STR,7.0,100.956,HARD,7.0,1.0,0
2026_R02,STR,8.0,101.174,HARD,8.0,1.0,0
2026_R02,STR,9.0,100.883,HARD,9.0,1.0,0
2026_R02,STR,10.0,,HARD,10.0,1.0,0
2026_R02,HUL,1.0,108.719,HARD,1.0,1.0,0
2026_R02,HUL,2.0,101.634,HARD,2.0,1.0,0
2026_R02,HUL,3.0,99.907,HARD,3.0,1.0,0
2026_R02,HUL,4.0,99.517,HARD,4.0,1.0,0
2026_R02,HUL,5.0,99.264,HARD,5.0,1.0,0
2026_R02,HUL,6.0,98.775,HARD,6.0,1.0,0
2026_R02,HUL,7.0,99.39,HARD,7.0,1.0,0
2026_R02,HUL,8.0,99.027,HARD,8.0,1.0,0
2026_R02,HUL,9.0,99.164,HARD,9.0,1.0,0
2026_R02,HUL,10.0,113.809,HARD,10.0,1.0,0
2026_R02,HUL,11.0,141.998,HARD,11.0,1.0,0
2026_R02,HUL,12.0,,HARD,12.0,1.0,0
2026_R02,HUL,13.0,145.608,HARD,13.0,1.0,0
2026_R02,HUL,14.0,100.945,HARD,14.0,1.0,0
2026_R02,HUL,15.0,99.198,HARD,15.0,1.0,0
2026_R02,HUL,16.0,99.566,HARD,16.0,1.0,0
2026_R02,HUL,17.0,99.235,HARD,17.0,1.0,0
2026_R02,HUL,18.0,98.874,HARD,18.0,1.0,0
2026_R02,HUL,19.0,98.382,HARD,19.0,1.0,0
2026_R02,HUL,20.0,98.824,HARD,20.0,1.0,0
2026_R02,HUL,21.0,98.394,HARD,21.0,1.0,0
2026_R02,HUL,22.0,98.443,HARD,22.0,1.0,0
2026_R02,HUL,23.0,99.496,HARD,23.0,1.0,0
2026_R02,HUL,24.0,98.712,HARD,24.0,1.0,0
2026_R02,HUL,25.0,98.588,HARD,25.0,1.0,0
2026_R02,HUL,26.0,98.302,HARD,26.0,1.0,0
2026_R02,HUL,27.0,97.959,HARD,27.0,1.0,0
2026_R02,HUL,28.0,98.15,HARD,28.0,1.0,0
2026_R02,HUL,29.0,98.677,HARD,29.0,1.0,0
2026_R02,HUL,30.0,97.859,HARD,30.0,1.0,0
2026_R02,HUL,31.0,97.762,HARD,31.0,1.0,0
2026_R02,HUL,32.0,98.296,HARD,32.0,1.0,0
2026_R02,HUL,33.0,98.663,HARD,33.0,1.0,0
2026_R02,HUL,34.0,98.427,HARD,34.0,1.0,0
2026_R02,HUL,35.0,104.913,HARD,35.0,1.0,1
2026_R02,HUL,36.0,132.21,MEDIUM,1.0,2.0,0
2026_R02,HUL,37.0,96.62,MEDIUM,2.0,2.0,0
2026_R02,HUL,38.0,96.18,MEDIUM,3.0,2.0,0
2026_R02,HUL,39.0,97.116,MEDIUM,4.0,2.0,0
2026_R02,HUL,40.0,96.873,MEDIUM,5.0,2.0,0
2026_R02,HUL,41.0,96.625,MEDIUM,6.0,2.0,0
2026_R02,HUL,42.0,98.675,MEDIUM,7.0,2.0,0
2026_R02,HUL,43.0,96.761,MEDIUM,8.0,2.0,0
2026_R02,HUL,44.0,96.868,MEDIUM,9.0,2.0,0
2026_R02,HUL,45.0,96.901,MEDIUM,10.0,2.0,0
2026_R02,HUL,46.0,96.985,MEDIUM,11.0,2.0,0
2026_R02,HUL,47.0,98.763,MEDIUM,12.0,2.0,0
2026_R02,HUL,48.0,96.776,MEDIUM,13.0,2.0,0
2026_R02,HUL,49.0,98.064,MEDIUM,14.0,2.0,0
2026_R02,HUL,50.0,97.696,MEDIUM,15.0,2.0,0
2026_R02,HUL,51.0,97.505,MEDIUM,16.0,2.0,0
2026_R02,HUL,52.0,97.614,MEDIUM,17.0,2.0,0
2026_R02,HUL,53.0,97.97,MEDIUM,18.0,2.0,0
2026_R02,HUL,54.0,97.609,MEDIUM,19.0,2.0,0
2026_R02,HUL,55.0,97.571,MEDIUM,20.0,2.0,0
2026_R02,VER,1.0,107.91,SOFT,4.0,1.0,0
2026_R02,VER,2.0,100.295,SOFT,5.0,1.0,0
2026_R02,VER,3.0,99.08,SOFT,6.0,1.0,0
2026_R02,VER,4.0,99.12,SOFT,7.0,1.0,0
2026_R02,VER,5.0,99.582,SOFT,8.0,1.0,0
2026_R02,VER,6.0,99.206,SOFT,9.0,1.0,0
2026_R02,VER,7.0,99.574,SOFT,10.0,1.0,0
2026_R02,VER,8.0,99.465,SOFT,11.0,1.0,0
2026_R02,VER,9.0,105.525,SOFT,12.0,1.0,1
2026_R02,VER,10.0,143.152,HARD,1.0,2.0,0
2026_R02,VER,11.0,135.068,HARD,2.0,2.0,0
2026_R02,VER,12.0,129.669,HARD,3.0,2.0,0
2026_R02,VER,13.0,142.347,HARD,4.0,2.0,0
2026_R02,VER,14.0,99.573,HARD,5.0,2.0,0
2026_R02,VER,15.0,99.068,HARD,6.0,2.0,0
2026_R02,VER,16.0,98.953,HARD,7.0,2.0,0
2026_R02,VER,17.0,98.267,HARD,8.0,2.0,0
2026_R02,VER,18.0,97.35,HARD,9.0,2.0,0
2026_R02,VER,19.0,99.035,HARD,10.0,2.0,0
2026_R02,VER,20.0,98.531,HARD,11.0,2.0,0
2026_R02,VER,21.0,98.768,HARD,12.0,2.0,0
2026_R02,VER,22.0,98.147,HARD,13.0,2.0,0
2026_R02,VER,23.0,98.039,HARD,14.0,2.0,0
2026_R02,VER,24.0,97.88,HARD,15.0,2.0,0
2026_R02,VER,25.0,97.869,HARD,16.0,2.0,0
2026_R02,VER,26.0,97.38,HARD,17.0,2.0,0
2026_R02,VER,27.0,97.645,HARD,18.0,2.0,0
2026_R02,VER,28.0,97.368,HARD,19.0,2.0,0
2026_R02,VER,29.0,97.672,HARD,20.0,2.0,0
2026_R02,VER,30.0,97.587,HARD,21.0,2.0,0
2026_R02,VER,31.0,97.518,HARD,22.0,2.0,0
2026_R02,VER,32.0,97.76,HARD,23.0,2.0,0
2026_R02,VER,33.0,97.381,HARD,24.0,2.0,0
2026_R02,VER,34.0,97.41,HARD,25.0,2.0,0
2026_R02,VER,35.0,97.49,HARD,26.0,2.0,0
2026_R02,VER,36.0,97.229,HARD,27.0,2.0,0
2026_R02,VER,37.0,97.15,HARD,28.0,2.0,0
2026_R02,VER,38.0,97.063,HARD,29.0,2.0,0
2026_R02,VER,39.0,97.046,HARD,30.0,2.0,0
2026_R02,VER,40.0,97.255,HARD,31.0,2.0,0
2026_R02,VER,41.0,97.405,HARD,32.0,2.0,0
2026_R02,VER,42.0,97.383,HARD,33.0,2.0,0
2026_R02,VER,43.0,97.123,HARD,34.0,2.0,0
2026_R02,VER,44.0,97.092,HARD,35.0,2.0,0
2026_R02,VER,45.0,,HARD,36.0,2.0,1
2026_R02,LAW,1.0,106.084,MEDIUM,1.0,1.0,0
2026_R02,LAW,2.0,99.798,MEDIUM,2.0,1.0,0
2026_R02,LAW,3.0,98.947,MEDIUM,3.0,1.0,0
2026_R02,LAW,4.0,99.114,MEDIUM,4.0,1.0,0
2026_R02,LAW,5.0,100.055,MEDIUM,5.0,1.0,0
2026_R02,LAW,6.0,99.51,MEDIUM,6.0,1.0,0
2026_R02,LAW,7.0,99.709,MEDIUM,7.0,1.0,0
2026_R02,LAW,8.0,99.878,MEDIUM,8.0,1.0,0
2026_R02,LAW,9.0,106.179,MEDIUM,9.0,1.0,1
2026_R02,LAW,10.0,142.138,HARD,1.0,2.0,0
2026_R02,LAW,11.0,135.169,HARD,2.0,2.0,0
2026_R02,LAW,12.0,130.584,HARD,3.0,2.0,0
2026_R02,LAW,13.0,142.417,HARD,4.0,2.0,0
2026_R02,LAW,14.0,100.779,HARD,5.0,2.0,0
2026_R02,LAW,15.0,99.02,HARD,6.0,2.0,0
2026_R02,LAW,16.0,99.437,HARD,7.0,2.0,0
2026_R02,LAW,17.0,98.909,HARD,8.0,2.0,0
2026_R02,LAW,18.0,98.709,HARD,9.0,2.0,0
2026_R02,LAW,19.0,98.989,HARD,10.0,2.0,0
2026_R02,LAW,20.0,99.187,HARD,11.0,2.0,0
2026_R02,LAW,21.0,98.491,HARD,12.0,2.0,0
2026_R02,LAW,22.0,98.8,HARD,13.0,2.0,0
2026_R02,LAW,23.0,98.552,HARD,14.0,2.0,0
2026_R02,LAW,24.0,98.546,HARD,15.0,2.0,0
2026_R02,LAW,25.0,98.599,HARD,16.0,2.0,0
2026_R02,LAW,26.0,98.445,HARD,17.0,2.0,0
2026_R02,LAW,27.0,98.358,HARD,18.0,2.0,0
2026_R02,LAW,28.0,98.389,HARD,19.0,2.0,0
2026_R02,LAW,29.0,98.308,HARD,20.0,2.0,0
2026_R02,LAW,30.0,97.894,HARD,21.0,2.0,0
2026_R02,LAW,31.0,98.084,HARD,22.0,2.0,0
2026_R02,LAW,32.0,97.959,HARD,23.0,2.0,0
2026_R02,LAW,33.0,97.898,HARD,24.0,2.0,0
2026_R02,LAW,34.0,98.224,HARD,25.0,2.0,0
2026_R02,LAW,35.0,98.009,HARD,26.0,2.0,0
2026_R02,LAW,36.0,97.981,HARD,27.0,2.0,0
2026_R02,LAW,37.0,97.972,HARD,28.0,2.0,0
2026_R02,LAW,38.0,97.568,HARD,29.0,2.0,0
2026_R02,LAW,39.0,97.763,HARD,30.0,2.0,0
2026_R02,LAW,40.0,97.81,HARD,31.0,2.0,0
2026_R02,LAW,41.0,97.616,HARD,32.0,2.0,0
2026_R02,LAW,42.0,97.556,HARD,33.0,2.0,0
2026_R02,LAW,43.0,97.561,HARD,34.0,2.0,0
2026_R02,LAW,44.0,97.354,HARD,35.0,2.0,0
2026_R02,LAW,45.0,97.547,HARD,36.0,2.0,0
2026_R02,LAW,46.0,97.369,HARD,37.0,2.0,0
2026_R02,LAW,47.0,97.298,HARD,38.0,2.0,0
2026_R02,LAW,48.0,97.443,HARD,39.0,2.0,0
2026_R02,LAW,49.0,97.457,HARD,40.0,2.0,0
2026_R02,LAW,50.0,97.201,HARD,41.0,2.0,0
2026_R02,LAW,51.0,97.393,HARD,42.0,2.0,0
2026_R02,LAW,52.0,97.324,HARD,43.0,2.0,0
2026_R02,LAW,53.0,97.35,HARD,44.0,2.0,0
2026_R02,LAW,54.0,97.202,HARD,45.0,2.0,0
2026_R02,LAW,55.0,97.166,HARD,46.0,2.0,0
2026_R02,LAW,56.0,97.096,HARD,47.0,2.0,0
2026_R02,OCO,1.0,106.693,HARD,1.0,1.0,0
2026_R02,OCO,2.0,99.736,HARD,2.0,1.0,0
2026_R02,OCO,3.0,99.082,HARD,3.0,1.0,0
2026_R02,OCO,4.0,99.102,HARD,4.0,1.0,0
2026_R02,OCO,5.0,98.846,HARD,5.0,1.0,0
2026_R02,OCO,6.0,98.758,HARD,6.0,1.0,0
2026_R02,OCO,7.0,99.086,HARD,7.0,1.0,0
2026_R02,OCO,8.0,99.015,HARD,8.0,1.0,0
2026_R02,OCO,9.0,99.018,HARD,9.0,1.0,0
2026_R02,OCO,10.0,112.375,HARD,10.0,1.0,0
2026_R02,OCO,11.0,144.244,HARD,11.0,1.0,0
2026_R02,OCO,12.0,149.854,HARD,12.0,1.0,0
2026_R02,OCO,13.0,149.97,HARD,13.0,1.0,0
2026_R02,OCO,14.0,100.325,HARD,14.0,1.0,0
2026_R02,OCO,15.0,99.043,HARD,15.0,1.0,0
2026_R02,OCO,16.0,99.417,HARD,16.0,1.0,0
2026_R02,OCO,17.0,98.357,HARD,17.0,1.0,0
2026_R02,OCO,18.0,98.671,HARD,18.0,1.0,0
2026_R02,OCO,19.0,99.911,HARD,19.0,1.0,0
2026_R02,OCO,20.0,98.991,HARD,20.0,1.0,0
2026_R02,OCO,21.0,99.822,HARD,21.0,1.0,0
2026_R02,OCO,22.0,98.7,HARD,22.0,1.0,0
2026_R02,OCO,23.0,98.334,HARD,23.0,1.0,0
2026_R02,OCO,24.0,98.85,HARD,24.0,1.0,0
2026_R02,OCO,25.0,98.331,HARD,25.0,1.0,0
2026_R02,OCO,26.0,97.825,HARD,26.0,1.0,0
2026_R02,OCO,27.0,98.121,HARD,27.0,1.0,0
2026_R02,OCO,28.0,98.669,HARD,28.0,1.0,0
2026_R02,OCO,29.0,104.567,HARD,29.0,1.0,1
2026_R02,OCO,30.0,118.996,MEDIUM,1.0,2.0,0
2026_R02,OCO,31.0,96.926,MEDIUM,2.0,2.0,0
2026_R02,OCO,32.0,97.104,MEDIUM,3.0,2.0,0
2026_R02,OCO,33.0,108.417,MEDIUM,4.0,2.0,0
2026_R02,OCO,34.0,98.474,MEDIUM,5.0,2.0,0
2026_R02,OCO,35.0,98.037,MEDIUM,6.0,2.0,0
2026_R02,OCO,36.0,98.817,MEDIUM,7.0,2.0,0
2026_R02,OCO,37.0,97.83,MEDIUM,8.0,2.0,0
2026_R02,OCO,38.0,97.694,MEDIUM,9.0,2.0,0
2026_R02,OCO,39.0,98.017,MEDIUM,10.0,2.0,0
2026_R02,OCO,40.0,98.068,MEDIUM,11.0,2.0,0
2026_R02,OCO,41.0,97.901,MEDIUM,12.0,2.0,0
2026_R02,OCO,42.0,98.014,MEDIUM,13.0,2.0,0
2026_R02,OCO,43.0,99.758,MEDIUM,14.0,2.0,0
2026_R02,OCO,44.0,97.846,MEDIUM,15.0,2.0,0
2026_R02,OCO,45.0,99.146,MEDIUM,16.0,2.0,0
2026_R02,OCO,46.0,103.55,MEDIUM,17.0,2.0,1
2026_R02,OCO,47.0,140.887,SOFT,1.0,3.0,0
2026_R02,OCO,48.0,96.461,SOFT,2.0,3.0,0
2026_R02,OCO,49.0,96.746,SOFT,3.0,3.0,0
2026_R02,OCO,50.0,96.427,SOFT,4.0,3.0,0
2026_R02,OCO,51.0,96.476,SOFT,5.0,3.0,0
2026_R02,OCO,52.0,97.671,SOFT,6.0,3.0,0
2026_R02,OCO,53.0,96.642,SOFT,7.0,3.0,0
2026_R02,OCO,54.0,95.964,SOFT,8.0,3.0,0
2026_R02,OCO,55.0,96.281,SOFT,9.0,3.0,0
2026_R02,LIN,1.0,106.513,HARD,1.0,1.0,0
2026_R02,LIN,2.0,101.049,HARD,2.0,1.0,0
2026_R02,LIN,3.0,99.308,HARD,3.0,1.0,0
2026_R02,LIN,4.0,99.298,HARD,4.0,1.0,0
2026_R02,LIN,5.0,99.395,HARD,5.0,1.0,0
2026_R02,LIN,6.0,99.363,HARD,6.0,1.0,0
2026_R02,LIN,7.0,99.198,HARD,7.0,1.0,0
2026_R02,LIN,8.0,99.45,HARD,8.0,1.0,0
2026_R02,LIN,9.0,99.859,HARD,9.0,1.0,0
2026_R02,LIN,10.0,113.138,HARD,10.0,1.0,0
2026_R02,LIN,11.0,143.056,HARD,11.0,1.0,0
2026_R02,LIN,12.0,149.824,HARD,12.0,1.0,0
2026_R02,LIN,13.0,147.571,HARD,13.0,1.0,0
2026_R02,LIN,14.0,100.873,HARD,14.0,1.0,0
2026_R02,LIN,15.0,99.084,HARD,15.0,1.0,0
2026_R02,LIN,16.0,99.328,HARD,16.0,1.0,0
2026_R02,LIN,17.0,99.287,HARD,17.0,1.0,0
2026_R02,LIN,18.0,99.47,HARD,18.0,1.0,0
2026_R02,LIN,19.0,99.363,HARD,19.0,1.0,0
2026_R02,LIN,20.0,99.466,HARD,20.0,1.0,0
2026_R02,LIN,21.0,99.78,HARD,21.0,1.0,0
2026_R02,LIN,22.0,99.306,HARD,22.0,1.0,0
2026_R02,LIN,23.0,98.456,HARD,23.0,1.0,0
2026_R02,LIN,24.0,98.975,HARD,24.0,1.0,0
2026_R02,LIN,25.0,99.529,HARD,25.0,1.0,0
2026_R02,LIN,26.0,99.139,HARD,26.0,1.0,0
2026_R02,LIN,27.0,110.154,HARD,27.0,1.0,0
2026_R02,LIN,28.0,99.843,HARD,28.0,1.0,0
2026_R02,LIN,29.0,98.66,HARD,29.0,1.0,0
2026_R02,LIN,30.0,98.503,HARD,30.0,1.0,0
2026_R02,LIN,31.0,98.543,HARD,31.0,1.0,0
2026_R02,LIN,32.0,98.387,HARD,32.0,1.0,0
2026_R02,LIN,33.0,98.223,HARD,33.0,1.0,0
2026_R02,LIN,34.0,98.471,HARD,34.0,1.0,0
2026_R02,LIN,35.0,98.321,HARD,35.0,1.0,0
2026_R02,LIN,36.0,98.052,HARD,36.0,1.0,0
2026_R02,LIN,37.0,98.067,HARD,37.0,1.0,0
2026_R02,LIN,38.0,97.97,HARD,38.0,1.0,0
2026_R02,LIN,39.0,98.031,HARD,39.0,1.0,0
2026_R02,LIN,40.0,98.037,HARD,40.0,1.0,0
2026_R02,LIN,41.0,100.061,HARD,41.0,1.0,0
2026_R02,LIN,42.0,103.637,HARD,42.0,1.0,1
2026_R02,LIN,43.0,117.028,MEDIUM,1.0,2.0,0
2026_R02,LIN,44.0,96.338,MEDIUM,2.0,2.0,0
2026_R02,LIN,45.0,96.104,MEDIUM,3.0,2.0,0
2026_R02,LIN,46.0,96.099,MEDIUM,4.0,2.0,0
2026_R02,LIN,47.0,96.147,MEDIUM,5.0,2.0,0
2026_R02,LIN,48.0,96.224,MEDIUM,6.0,2.0,0
2026_R02,LIN,49.0,96.203,MEDIUM,7.0,2.0,0
2026_R02,LIN,50.0,96.382,MEDIUM,8.0,2.0,0
2026_R02,LIN,51.0,96.782,MEDIUM,9.0,2.0,0
2026_R02,LIN,52.0,96.945,MEDIUM,10.0,2.0,0
2026_R02,LIN,53.0,97.164,MEDIUM,11.0,2.0,0
2026_R02,LIN,54.0,97.477,MEDIUM,12.0,2.0,0
2026_R02,LIN,55.0,97.504,MEDIUM,13.0,2.0,0
2026_R02,COL,1.0,105.498,HARD,1.0,1.0,0
2026_R02,COL,2.0,99.308,HARD,2.0,1.0,0
2026_R02,COL,3.0,98.925,HARD,3.0,1.0,0
2026_R02,COL,4.0,98.865,HARD,4.0,1.0,0
2026_R02,COL,5.0,98.91,HARD,5.0,1.0,0
2026_R02,COL,6.0,98.734,HARD,6.0,1.0,0
2026_R02,COL,7.0,98.805,HARD,7.0,1.0,0
2026_R02,COL,8.0,98.959,HARD,8.0,1.0,0
2026_R02,COL,9.0,99.036,HARD,9.0,1.0,0
2026_R02,COL,10.0,111.471,HARD,10.0,1.0,0
2026_R02,COL,11.0,146.642,HARD,11.0,1.0,0
2026_R02,COL,12.0,149.978,HARD,12.0,1.0,0
2026_R02,COL,13.0,,HARD,13.0,1.0,0
2026_R02,COL,14.0,99.465,HARD,14.0,1.0,0
2026_R02,COL,15.0,98.829,HARD,15.0,1.0,0
2026_R02,COL,16.0,100.106,HARD,16.0,1.0,0
2026_R02,COL,17.0,98.383,HARD,17.0,1.0,0
2026_R02,COL,18.0,98.946,HARD,18.0,1.0,0
2026_R02,COL,19.0,99.566,HARD,19.0,1.0,0
2026_R02,COL,20.0,98.955,HARD,20.0,1.0,0
2026_R02,COL,21.0,99.324,HARD,21.0,1.0,0
2026_R02,COL,22.0,99.182,HARD,22.0,1.0,0
2026_R02,COL,23.0,98.493,HARD,23.0,1.0,0
2026_R02,COL,24.0,98.447,HARD,24.0,1.0,0
2026_R02,COL,25.0,98.384,HARD,25.0,1.0,0
2026_R02,COL,26.0,98.07,HARD,26.0,1.0,0
2026_R02,COL,27.0,98.288,HARD,27.0,1.0,0
2026_R02,COL,28.0,99.299,HARD,28.0,1.0,0
2026_R02,COL,29.0,98.724,HARD,29.0,1.0,0
2026_R02,COL,30.0,98.235,HARD,30.0,1.0,0
2026_R02,COL,31.0,97.802,HARD,31.0,1.0,0
2026_R02,COL,32.0,102.819,HARD,32.0,1.0,1
2026_R02,COL,33.0,124.117,MEDIUM,1.0,2.0,0
2026_R02,COL,34.0,97.233,MEDIUM,2.0,2.0,0
2026_R02,COL,35.0,96.783,MEDIUM,3.0,2.0,0
2026_R02,COL,36.0,97.023,MEDIUM,4.0,2.0,0
2026_R02,COL,37.0,96.958,MEDIUM,5.0,2.0,0
2026_R02,COL,38.0,96.819,MEDIUM,6.0,2.0,0
2026_R02,COL,39.0,97.217,MEDIUM,7.0,2.0,0
2026_R02,COL,40.0,96.841,MEDIUM,8.0,2.0,0
2026_R02,COL,41.0,97.448,MEDIUM,9.0,2.0,0
2026_R02,COL,42.0,97.53,MEDIUM,10.0,2.0,0
2026_R02,COL,43.0,97.381,MEDIUM,11.0,2.0,0
2026_R02,COL,44.0,97.075,MEDIUM,12.0,2.0,0
2026_R02,COL,45.0,97.426,MEDIUM,13.0,2.0,0
2026_R02,COL,46.0,97.139,MEDIUM,14.0,2.0,0
2026_R02,COL,47.0,97.504,MEDIUM,15.0,2.0,0
2026_R02,COL,48.0,97.598,MEDIUM,16.0,2.0,0
2026_R02,COL,49.0,99.052,MEDIUM,17.0,2.0,0
2026_R02,COL,50.0,97.592,MEDIUM,18.0,2.0,0
2026_R02,COL,51.0,97.781,MEDIUM,19.0,2.0,0
2026_R02,COL,52.0,98.022,MEDIUM,20.0,2.0,0
2026_R02,COL,53.0,99.609,MEDIUM,21.0,2.0,0
2026_R02,COL,54.0,98.685,MEDIUM,22.0,2.0,0
2026_R02,COL,55.0,98.237,MEDIUM,23.0,2.0,0
2026_R02,HAM,1.0,99.448,MEDIUM,1.0,1.0,0
2026_R02,HAM,2.0,99.561,MEDIUM,2.0,1.0,0
2026_R02,HAM,3.0,98.587,MEDIUM,3.0,1.0,0
2026_R02,HAM,4.0,98.234,MEDIUM,4.0,1.0,0
2026_R02,HAM,5.0,97.636,MEDIUM,5.0,1.0,0
2026_R02,HAM,6.0,97.962,MEDIUM,6.0,1.0,0
2026_R02,HAM,7.0,98.221,MEDIUM,7.0,1.0,0
2026_R02,HAM,8.0,97.929,MEDIUM,8.0,1.0,0
2026_R02,HAM,9.0,98.371,MEDIUM,9.0,1.0,0
2026_R02,HAM,10.0,109.946,MEDIUM,10.0,1.0,1
2026_R02,HAM,11.0,,HARD,1.0,2.0,0
2026_R02,HAM,12.0,,HARD,2.0,2.0,0
2026_R02,HAM,13.0,148.395,HARD,3.0,2.0,0
2026_R02,HAM,14.0,98.966,HARD,4.0,2.0,0
2026_R02,HAM,15.0,97.073,HARD,5.0,2.0,0
2026_R02,HAM,16.0,96.931,HARD,6.0,2.0,0
2026_R02,HAM,17.0,96.697,HARD,7.0,2.0,0
2026_R02,HAM,18.0,97.117,HARD,8.0,2.0,0
2026_R02,HAM,19.0,97.103,HARD,9.0,2.0,0
2026_R02,HAM,20.0,96.915,HARD,10.0,2.0,0
2026_R02,HAM,21.0,96.972,HARD,11.0,2.0,0
2026_R02,HAM,22.0,97.006,HARD,12.0,2.0,0
2026_R02,HAM,23.0,97.049,HARD,13.0,2.0,0
2026_R02,HAM,24.0,98.223,HARD,14.0,2.0,0
2026_R02,HAM,25.0,97.893,HARD,15.0,2.0,0
2026_R02,HAM,26.0,96.739,HARD,16.0,2.0,0
2026_R02,HAM,27.0,99.232,HARD,17.0,2.0,0
2026_R02,HAM,28.0,97.218,HARD,18.0,2.0,0
2026_R02,HAM,29.0,96.771,HARD,19.0,2.0,0
2026_R02,HAM,30.0,96.685,HARD,20.0,2.0,0
2026_R02,HAM,31.0,96.496,HARD,21.0,2.0,0
2026_R02,HAM,32.0,96.629,HARD,22.0,2.0,0
2026_R02,HAM,33.0,96.496,HARD,23.0,2.0,0
2026_R02,HAM,34.0,96.752,HARD,24.0,2.0,0
2026_R02,HAM,35.0,97.337,HARD,25.0,2.0,0
2026_R02,HAM,36.0,97.001,HARD,26.0,2.0,0
2026_R02,HAM,37.0,96.649,HARD,27.0,2.0,0
2026_R02,HAM,38.0,96.876,HARD,28.0,2.0,0
2026_R02,HAM,39.0,98.092,HARD,29.0,2.0,0
2026_R02,HAM,40.0,96.952,HARD,30.0,2.0,0
2026_R02,HAM,41.0,96.471,HARD,31.0,2.0,0
2026_R02,HAM,42.0,96.516,HARD,32.0,2.0,0
2026_R02,HAM,43.0,96.218,HARD,33.0,2.0,0
2026_R02,HAM,44.0,96.24,HARD,34.0,2.0,0
2026_R02,HAM,45.0,96.396,HARD,35.0,2.0,0
2026_R02,HAM,46.0,96.309,HARD,36.0,2.0,0
2026_R02,HAM,47.0,96.204,HARD,37.0,2.0,0
2026_R02,HAM,48.0,96.151,HARD,38.0,2.0,0
2026_R02,HAM,49.0,96.385,HARD,39.0,2.0,0
2026_R02,HAM,50.0,96.237,HARD,40.0,2.0,0
2026_R02,HAM,51.0,96.134,HARD,41.0,2.0,0
2026_R02,HAM,52.0,96.296,HARD,42.0,2.0,0
2026_R02,HAM,53.0,96.199,HARD,43.0,2.0,0
2026_R02,HAM,54.0,96.44,HARD,44.0,2.0,0
2026_R02,HAM,55.0,96.092,HARD,45.0,2.0,0
2026_R02,HAM,56.0,96.103,HARD,46.0,2.0,0
2026_R02,SAI,1.0,107.507,MEDIUM,1.0,1.0,0
2026_R02,SAI,2.0,100.743,MEDIUM,2.0,1.0,0
2026_R02,SAI,3.0,99.987,MEDIUM,3.0,1.0,0
2026_R02,SAI,4.0,98.988,MEDIUM,4.0,1.0,0
2026_R02,SAI,5.0,99.754,MEDIUM,5.0,1.0,0
2026_R02,SAI,6.0,100.138,MEDIUM,6.0,1.0,0
2026_R02,SAI,7.0,100.631,MEDIUM,7.0,1.0,0
2026_R02,SAI,8.0,99.913,MEDIUM,8.0,1.0,0
2026_R02,SAI,9.0,105.134,MEDIUM,9.0,1.0,1
2026_R02,SAI,10.0,143.187,HARD,1.0,2.0,0
2026_R02,SAI,11.0,135.222,HARD,2.0,2.0,0
2026_R02,SAI,12.0,127.751,HARD,3.0,2.0,0
2026_R02,SAI,13.0,141.35,HARD,4.0,2.0,0
2026_R02,SAI,14.0,100.484,HARD,5.0,2.0,0
2026_R02,SAI,15.0,99.125,HARD,6.0,2.0,0
2026_R02,SAI,16.0,99.428,HARD,7.0,2.0,0
2026_R02,SAI,17.0,99.029,HARD,8.0,2.0,0
2026_R02,SAI,18.0,98.657,HARD,9.0,2.0,0
2026_R02,SAI,19.0,99.119,HARD,10.0,2.0,0
2026_R02,SAI,20.0,99.397,HARD,11.0,2.0,0
2026_R02,SAI,21.0,99.144,HARD,12.0,2.0,0
2026_R02,SAI,22.0,100.245,HARD,13.0,2.0,0
2026_R02,SAI,23.0,99.101,HARD,14.0,2.0,0
2026_R02,SAI,24.0,98.964,HARD,15.0,2.0,0
2026_R02,SAI,25.0,98.754,HARD,16.0,2.0,0
2026_R02,SAI,26.0,98.708,HARD,17.0,2.0,0
2026_R02,SAI,27.0,99.708,HARD,18.0,2.0,0
2026_R02,SAI,28.0,98.672,HARD,19.0,2.0,0
2026_R02,SAI,29.0,98.814,HARD,20.0,2.0,0
2026_R02,SAI,30.0,98.509,HARD,21.0,2.0,0
2026_R02,SAI,31.0,98.46,HARD,22.0,2.0,0
2026_R02,SAI,32.0,98.339,HARD,23.0,2.0,0
2026_R02,SAI,33.0,98.462,HARD,24.0,2.0,0
2026_R02,SAI,34.0,98.763,HARD,25.0,2.0,0
2026_R02,SAI,35.0,98.672,HARD,26.0,2.0,0
2026_R02,SAI,36.0,98.744,HARD,27.0,2.0,0
2026_R02,SAI,37.0,98.48,HARD,28.0,2.0,0
2026_R02,SAI,38.0,98.495,HARD,29.0,2.0,0
2026_R02,SAI,39.0,98.585,HARD,30.0,2.0,0
2026_R02,SAI,40.0,98.358,HARD,31.0,2.0,0
2026_R02,SAI,41.0,98.421,HARD,32.0,2.0,0
2026_R02,SAI,42.0,98.272,HARD,33.0,2.0,0
2026_R02,SAI,43.0,98.283,HARD,34.0,2.0,0
2026_R02,SAI,44.0,98.268,HARD,35.0,2.0,0
2026_R02,SAI,45.0,98.104,HARD,36.0,2.0,0
2026_R02,SAI,46.0,98.034,HARD,37.0,2.0,0
2026_R02,SAI,47.0,98.329,HARD,38.0,2.0,0
2026_R02,SAI,48.0,98.022,HARD,39.0,2.0,0
2026_R02,SAI,49.0,98.022,HARD,40.0,2.0,0
2026_R02,SAI,50.0,99.03,HARD,41.0,2.0,0
2026_R02,SAI,51.0,97.981,HARD,42.0,2.0,0
2026_R02,SAI,52.0,98.424,HARD,43.0,2.0,0
2026_R02,SAI,53.0,100.087,HARD,44.0,2.0,0
2026_R02,SAI,54.0,98.254,HARD,45.0,2.0,0
2026_R02,SAI,55.0,98.228,HARD,46.0,2.0,0
2026_R02,HAD,1.0,123.643,SOFT,4.0,1.0,1
2026_R02,HAD,2.0,120.199,HARD,1.0,2.0,0
2026_R02,HAD,3.0,98.812,HARD,2.0,2.0,0
2026_R02,HAD,4.0,99.088,HARD,3.0,2.0,0
2026_R02,HAD,5.0,98.824,HARD,4.0,2.0,0
2026_R02,HAD,6.0,98.261,HARD,5.0,2.0,0
2026_R02,HAD,7.0,98.457,HARD,6.0,2.0,0
2026_R02,HAD,8.0,98.661,HARD,7.0,2.0,0
2026_R02,HAD,9.0,98.662,HARD,8.0,2.0,0
2026_R02,HAD,10.0,128.038,HARD,9.0,2.0,1
2026_R02,HAD,11.0,,HARD,1.0,3.0,0
2026_R02,HAD,12.0,111.211,HARD,2.0,3.0,0
2026_R02,HAD,13.0,133.423,HARD,3.0,3.0,0
2026_R02,HAD,14.0,99.331,HARD,4.0,3.0,0
2026_R02,HAD,15.0,99.161,HARD,5.0,3.0,0
2026_R02,HAD,16.0,99.689,HARD,6.0,3.0,0
2026_R02,HAD,17.0,98.952,HARD,7.0,3.0,0
2026_R02,HAD,18.0,98.823,HARD,8.0,3.0,0
2026_R02,HAD,19.0,98.757,HARD,9.0,3.0,0
2026_R02,HAD,20.0,99.269,HARD,10.0,3.0,0
2026_R02,HAD,21.0,99.133,HARD,11.0,3.0,0
2026_R02,HAD,22.0,98.392,HARD,12.0,3.0,0
2026_R02,HAD,23.0,98.437,HARD,13.0,3.0,0
2026_R02,HAD,24.0,98.88,HARD,14.0,3.0,0
2026_R02,HAD,25.0,98.617,HARD,15.0,3.0,0
2026_R02,HAD,26.0,98.374,HARD,16.0,3.0,0
2026_R02,HAD,27.0,98.293,HARD,17.0,3.0,0
2026_R02,HAD,28.0,98.359,HARD,18.0,3.0,0
2026_R02,HAD,29.0,98.082,HARD,19.0,3.0,0
2026_R02,HAD,30.0,97.919,HARD,20.0,3.0,0
2026_R02,HAD,31.0,97.868,HARD,21.0,3.0,0
2026_R02,HAD,32.0,98.089,HARD,22.0,3.0,0
2026_R02,HAD,33.0,97.821,HARD,23.0,3.0,0
2026_R02,HAD,34.0,98.039,HARD,24.0,3.0,0
2026_R02,HAD,35.0,97.938,HARD,25.0,3.0,0
2026_R02,HAD,36.0,97.754,HARD,26.0,3.0,0
2026_R02,HAD,37.0,97.842,HARD,27.0,3.0,0
2026_R02,HAD,38.0,97.579,HARD,28.0,3.0,0
2026_R02,HAD,39.0,97.653,HARD,29.0,3.0,0
2026_R02,HAD,40.0,97.935,HARD,30.0,3.0,0
2026_R02,HAD,41.0,97.923,HARD,31.0,3.0,0
2026_R02,HAD,42.0,97.353,HARD,32.0,3.0,0
2026_R02,HAD,43.0,97.647,HARD,33.0,3.0,0
2026_R02,HAD,44.0,97.359,HARD,34.0,3.0,0
2026_R02,HAD,45.0,97.616,HARD,35.0,3.0,0
2026_R02,HAD,46.0,97.311,HARD,36.0,3.0,0
2026_R02,HAD,47.0,98.205,HARD,37.0,3.0,0
2026_R02,HAD,48.0,98.006,HARD,38.0,3.0,0
2026_R02,HAD,49.0,97.83,HARD,39.0,3.0,0
2026_R02,HAD,50.0,97.689,HARD,40.0,3.0,0
2026_R02,HAD,51.0,98.003,HARD,41.0,3.0,0
2026_R02,HAD,52.0,97.805,HARD,42.0,3.0,0
2026_R02,HAD,53.0,97.937,HARD,43.0,3.0,0
2026_R02,HAD,54.0,97.925,HARD,44.0,3.0,0
2026_R02,HAD,55.0,97.798,HARD,45.0,3.0,0
2026_R02,HAD,56.0,97.544,HARD,46.0,3.0,0
2026_R02,RUS,1.0,101.815,MEDIUM,1.0,1.0,0
2026_R02,RUS,2.0,98.075,MEDIUM,2.0,1.0,0
2026_R02,RUS,3.0,98.125,MEDIUM,3.0,1.0,0
2026_R02,RUS,4.0,97.093,MEDIUM,4.0,1.0,0
2026_R02,RUS,5.0,97.462,MEDIUM,5.0,1.0,0
2026_R02,RUS,6.0,97.375,MEDIUM,6.0,1.0,0
2026_R02,RUS,7.0,97.383,MEDIUM,7.0,1.0,0
2026_R02,RUS,8.0,97.266,MEDIUM,8.0,1.0,0
2026_R02,RUS,9.0,97.261,MEDIUM,9.0,1.0,0
2026_R02,RUS,10.0,112.779,MEDIUM,10.0,1.0,1
2026_R02,RUS,11.0,,HARD,1.0,2.0,0
2026_R02,RUS,12.0,149.667,HARD,2.0,2.0,0
2026_R02,RUS,13.0,149.28,HARD,3.0,2.0,0
2026_R02,RUS,14.0,100.588,HARD,4.0,2.0,0
2026_R02,RUS,15.0,98.91,HARD,5.0,2.0,0
2026_R02,RUS,16.0,97.532,HARD,6.0,2.0,0
2026_R02,RUS,17.0,96.42,HARD,7.0,2.0,0
2026_R02,RUS,18.0,96.313,HARD,8.0,2.0,0
2026_R02,RUS,19.0,96.668,HARD,9.0,2.0,0
2026_R02,RUS,20.0,96.617,HARD,10.0,2.0,0
2026_R02,RUS,21.0,96.663,HARD,11.0,2.0,0
2026_R02,RUS,22.0,96.894,HARD,12.0,2.0,0
2026_R02,RUS,23.0,96.561,HARD,13.0,2.0,0
2026_R02,RUS,24.0,97.445,HARD,14.0,2.0,0
2026_R02,RUS,25.0,98.063,HARD,15.0,2.0,0
2026_R02,RUS,26.0,97.187,HARD,16.0,2.0,0
2026_R02,RUS,27.0,97.771,HARD,17.0,2.0,0
2026_R02,RUS,28.0,96.971,HARD,18.0,2.0,0
2026_R02,RUS,29.0,96.158,HARD,19.0,2.0,0
2026_R02,RUS,30.0,96.438,HARD,20.0,2.0,0
2026_R02,RUS,31.0,96.207,HARD,21.0,2.0,0
2026_R02,RUS,32.0,95.977,HARD,22.0,2.0,0
2026_R02,RUS,33.0,96.107,HARD,23.0,2.0,0
2026_R02,RUS,34.0,95.852,HARD,24.0,2.0,0
2026_R02,RUS,35.0,96.162,HARD,25.0,2.0,0
2026_R02,RUS,36.0,95.914,HARD,26.0,2.0,0
2026_R02,RUS,37.0,95.531,HARD,27.0,2.0,0
2026_R02,RUS,38.0,95.529,HARD,28.0,2.0,0
2026_R02,RUS,39.0,95.497,HARD,29.0,2.0,0
2026_R02,RUS,40.0,95.636,HARD,30.0,2.0,0
2026_R02,RUS,41.0,95.641,HARD,31.0,2.0,0
2026_R02,RUS,42.0,96.661,HARD,32.0,2.0,0
2026_R02,RUS,43.0,95.644,HARD,33.0,2.0,0
2026_R02,RUS,44.0,95.542,HARD,34.0,2.0,0
2026_R02,RUS,45.0,95.677,HARD,35.0,2.0,0
2026_R02,RUS,46.0,96.407,HARD,36.0,2.0,0
2026_R02,RUS,47.0,95.668,HARD,37.0,2.0,0
2026_R02,RUS,48.0,96.095,HARD,38.0,2.0,0
2026_R02,RUS,49.0,95.87,HARD,39.0,2.0,0
2026_R02,RUS,50.0,95.681,HARD,40.0,2.0,0
2026_R02,RUS,51.0,95.531,HARD,41.0,2.0,0
2026_R02,RUS,52.0,95.547,HARD,42.0,2.0,0
2026_R02,RUS,53.0,95.691,HARD,43.0,2.0,0
2026_R02,RUS,54.0,96.457,HARD,44.0,2.0,0
2026_R02,RUS,55.0,95.695,HARD,45.0,2.0,0
2026_R02,RUS,56.0,95.4,HARD,46.0,2.0,0
2026_R02,BOT,1.0,108.335,MEDIUM,1.0,1.0,0
2026_R02,BOT,2.0,101.601,MEDIUM,2.0,1.0,0
2026_R02,BOT,3.0,101.829,MEDIUM,3.0,1.0,0
2026_R02,BOT,4.0,100.904,MEDIUM,4.0,1.0,0
2026_R02,BOT,5.0,101.396,MEDIUM,5.0,1.0,0
2026_R02,BOT,6.0,100.278,MEDIUM,6.0,1.0,0
2026_R02,BOT,7.0,100.875,MEDIUM,7.0,1.0,0
2026_R02,BOT,8.0,101.258,MEDIUM,8.0,1.0,0
2026_R02,BOT,9.0,101.349,MEDIUM,9.0,1.0,0
2026_R02,BOT,10.0,125.131,MEDIUM,10.0,1.0,1
2026_R02,BOT,11.0,,HARD,1.0,2.0,0
2026_R02,BOT,12.0,121.448,HARD,2.0,2.0,0
2026_R02,BOT,13.0,139.819,HARD,3.0,2.0,0
2026_R02,BOT,14.0,101.294,HARD,4.0,2.0,0
2026_R02,BOT,15.0,100.006,HARD,5.0,2.0,0
2026_R02,BOT,16.0,99.739,HARD,6.0,2.0,0
2026_R02,BOT,17.0,100.23,HARD,7.0,2.0,0
2026_R02,BOT,18.0,100.099,HARD,8.0,2.0,0
2026_R02,BOT,19.0,100.164,HARD,9.0,2.0,0
2026_R02,BOT,20.0,99.976,HARD,10.0,2.0,0
2026_R02,BOT,21.0,100.045,HARD,11.0,2.0,0
2026_R02,BOT,22.0,99.813,HARD,12.0,2.0,0
2026_R02,BOT,23.0,99.967,HARD,13.0,2.0,0
2026_R02,BOT,24.0,99.846,HARD,14.0,2.0,0
2026_R02,BOT,25.0,99.813,HARD,15.0,2.0,0
2026_R02,BOT,26.0,99.744,HARD,16.0,2.0,0
2026_R02,BOT,27.0,100.805,HARD,17.0,2.0,0
2026_R02,BOT,28.0,99.636,HARD,18.0,2.0,0
2026_R02,BOT,29.0,99.566,HARD,19.0,2.0,0
2026_R02,BOT,30.0,99.692,HARD,20.0,2.0,0
2026_R02,BOT,31.0,99.768,HARD,21.0,2.0,0
2026_R02,BOT,32.0,99.542,HARD,22.0,2.0,0
2026_R02,BOT,33.0,101.146,HARD,23.0,2.0,0
2026_R02,BOT,34.0,99.695,HARD,24.0,2.0,0
2026_R02,BOT,35.0,99.539,HARD,25.0,2.0,0
2026_R02,BOT,36.0,100.552,HARD,26.0,2.0,0
2026_R02,BOT,37.0,99.444,HARD,27.0,2.0,0
2026_R02,BOT,38.0,100.047,HARD,28.0,2.0,0
2026_R02,BOT,39.0,99.734,HARD,29.0,2.0,0
2026_R02,BOT,40.0,100.571,HARD,30.0,2.0,0
2026_R02,BOT,41.0,100.077,HARD,31.0,2.0,0
2026_R02,BOT,42.0,99.02,HARD,32.0,2.0,0
2026_R02,BOT,43.0,99.461,HARD,33.0,2.0,0
2026_R02,BOT,44.0,98.914,HARD,34.0,2.0,0
2026_R02,BOT,45.0,100.379,HARD,35.0,2.0,0
2026_R02,BOT,46.0,99.658,HARD,36.0,2.0,0
2026_R02,BOT,47.0,98.93,HARD,37.0,2.0,0
2026_R02,BOT,48.0,99.135,HARD,38.0,2.0,0
2026_R02,BOT,49.0,99.212,HARD,39.0,2.0,0
2026_R02,BOT,50.0,99.327,HARD,40.0,2.0,0
2026_R02,BOT,51.0,99.581,HARD,41.0,2.0,0
2026_R02,BOT,52.0,99.423,HARD,42.0,2.0,0
2026_R02,BOT,53.0,99.353,HARD,43.0,2.0,0
2026_R02,BOT,54.0,99.423,HARD,44.0,2.0,0
2026_R02,BOT,55.0,98.393,HARD,45.0,2.0,0
2026_R02,BEA,1.0,107.851,MEDIUM,1.0,1.0,0
2026_R02,BEA,2.0,101.136,MEDIUM,2.0,1.0,0
2026_R02,BEA,3.0,99.715,MEDIUM,3.0,1.0,0
2026_R02,BEA,4.0,99.18,MEDIUM,4.0,1.0,0
2026_R02,BEA,5.0,99.504,MEDIUM,5.0,1.0,0
2026_R02,BEA,6.0,98.61,MEDIUM,6.0,1.0,0
2026_R02,BEA,7.0,99.323,MEDIUM,7.0,1.0,0
2026_R02,BEA,8.0,99.436,MEDIUM,8.0,1.0,0
2026_R02,BEA,9.0,99.71,MEDIUM,9.0,1.0,0
2026_R02,BEA,10.0,117.43,MEDIUM,10.0,1.0,1
2026_R02,BEA,11.0,,HARD,1.0,2.0,0
2026_R02,BEA,12.0,140.475,HARD,2.0,2.0,0
2026_R02,BEA,13.0,144.54,HARD,3.0,2.0,0
2026_R02,BEA,14.0,99.24,HARD,4.0,2.0,0
2026_R02,BEA,15.0,99.289,HARD,5.0,2.0,0
2026_R02,BEA,16.0,98.269,HARD,6.0,2.0,0
2026_R02,BEA,17.0,98.343,HARD,7.0,2.0,0
2026_R02,BEA,18.0,98.197,HARD,8.0,2.0,0
2026_R02,BEA,19.0,99.009,HARD,9.0,2.0,0
2026_R02,BEA,20.0,98.618,HARD,10.0,2.0,0
2026_R02,BEA,21.0,98.526,HARD,11.0,2.0,0
2026_R02,BEA,22.0,97.867,HARD,12.0,2.0,0
2026_R02,BEA,23.0,97.615,HARD,13.0,2.0,0
2026_R02,BEA,24.0,97.86,HARD,14.0,2.0,0
2026_R02,BEA,25.0,97.68,HARD,15.0,2.0,0
2026_R02,BEA,26.0,97.392,HARD,16.0,2.0,0
2026_R02,BEA,27.0,97.405,HARD,17.0,2.0,0
2026_R02,BEA,28.0,97.638,HARD,18.0,2.0,0
2026_R02,BEA,29.0,97.684,HARD,19.0,2.0,0
2026_R02,BEA,30.0,97.276,HARD,20.0,2.0,0
2026_R02,BEA,31.0,97.583,HARD,21.0,2.0,0
2026_R02,BEA,32.0,97.496,HARD,22.0,2.0,0
2026_R02,BEA,33.0,97.267,HARD,23.0,2.0,0
2026_R02,BEA,34.0,97.395,HARD,24.0,2.0,0
2026_R02,BEA,35.0,97.42,HARD,25.0,2.0,0
2026_R02,BEA,36.0,97.48,HARD,26.0,2.0,0
2026_R02,BEA,37.0,97.242,HARD,27.0,2.0,0
2026_R02,BEA,38.0,97.222,HARD,28.0,2.0,0
2026_R02,BEA,39.0,97.043,HARD,29.0,2.0,0
2026_R02,BEA,40.0,97.153,HARD,30.0,2.0,0
2026_R02,BEA,41.0,97.029,HARD,31.0,2.0,0
2026_R02,BEA,42.0,97.712,HARD,32.0,2.0,0
2026_R02,BEA,43.0,97.214,HARD,33.0,2.0,0
2026_R02,BEA,44.0,97.416,HARD,34.0,2.0,0
2026_R02,BEA,45.0,97.232,HARD,35.0,2.0,0
2026_R02,BEA,46.0,97.301,HARD,36.0,2.0,0
2026_R02,BEA,47.0,96.805,HARD,37.0,2.0,0
2026_R02,BEA,48.0,97.238,HARD,38.0,2.0,0
2026_R02,BEA,49.0,97.642,HARD,39.0,2.0,0
2026_R02,BEA,50.0,96.989,HARD,40.0,2.0,0
2026_R02,BEA,51.0,96.825,HARD,41.0,2.0,0
2026_R02,BEA,52.0,96.778,HARD,42.0,2.0,0
2026_R02,BEA,53.0,96.68,HARD,43.0,2.0,0
2026_R02,BEA,54.0,96.788,HARD,44.0,2.0,0
2026_R02,BEA,55.0,96.648,HARD,45.0,2.0,0
2026_R02,BEA,56.0,96.429,HARD,46.0,2.0,0
2026_R03,NOR,1.0,97.206,MEDIUM,1.0,1.0,0
2026_R03,NOR,2.0,94.905,MEDIUM,2.0,1.0,0
2026_R03,NOR,3.0,96.301,MEDIUM,3.0,1.0,0
2026_R03,NOR,4.0,95.451,MEDIUM,4.0,1.0,0
2026_R03,NOR,5.0,95.17,MEDIUM,5.0,1.0,0
2026_R03,NOR,6.0,95.051,MEDIUM,6.0,1.0,0
2026_R03,NOR,7.0,95.045,MEDIUM,7.0,1.0,0
2026_R03,NOR,8.0,95.247,MEDIUM,8.0,1.0,0
2026_R03,NOR,9.0,95.672,MEDIUM,9.0,1.0,0
2026_R03,NOR,10.0,95.228,MEDIUM,10.0,1.0,0
2026_R03,NOR,11.0,96.219,MEDIUM,11.0,1.0,0
2026_R03,NOR,12.0,95.457,MEDIUM,12.0,1.0,0
2026_R03,NOR,13.0,95.079,MEDIUM,13.0,1.0,0
2026_R03,NOR,14.0,95.339,MEDIUM,14.0,1.0,0
2026_R03,NOR,15.0,95.315,MEDIUM,15.0,1.0,0
2026_R03,NOR,16.0,98.222,MEDIUM,16.0,1.0,1
2026_R03,NOR,17.0,114.481,HARD,1.0,2.0,0
2026_R03,NOR,18.0,94.916,HARD,2.0,2.0,0
2026_R03,NOR,19.0,94.285,HARD,3.0,2.0,0
2026_R03,NOR,20.0,93.771,HARD,4.0,2.0,0
2026_R03,NOR,21.0,94.161,HARD,5.0,2.0,0
2026_R03,NOR,22.0,120.54,HARD,6.0,2.0,0
2026_R03,NOR,23.0,139.586,HARD,7.0,2.0,0
2026_R03,NOR,24.0,147.128,HARD,8.0,2.0,0
2026_R03,NOR,25.0,,HARD,9.0,2.0,0
2026_R03,NOR,26.0,146.957,HARD,10.0,2.0,0
2026_R03,NOR,27.0,140.302,HARD,11.0,2.0,0
2026_R03,NOR,28.0,95.248,HARD,12.0,2.0,0
2026_R03,NOR,29.0,94.083,HARD,13.0,2.0,0
2026_R03,NOR,30.0,93.851,HARD,14.0,2.0,0
2026_R03,NOR,31.0,94.131,HARD,15.0,2.0,0
2026_R03,NOR,32.0,94.419,HARD,16.0,2.0,0
2026_R03,NOR,33.0,93.787,HARD,17.0,2.0,0
2026_R03,NOR,34.0,93.494,HARD,18.0,2.0,0
2026_R03,NOR,35.0,93.58,HARD,19.0,2.0,0
2026_R03,NOR,36.0,93.359,HARD,20.0,2.0,0
2026_R03,NOR,37.0,93.602,HARD,21.0,2.0,0
2026_R03,NOR,38.0,93.455,HARD,22.0,2.0,0
2026_R03,NOR,39.0,93.679,HARD,23.0,2.0,0
2026_R03,NOR,40.0,93.347,HARD,24.0,2.0,0
2026_R03,NOR,41.0,93.398,HARD,25.0,2.0,0
2026_R03,NOR,42.0,93.702,HARD,26.0,2.0,0
2026_R03,NOR,43.0,93.927,HARD,27.0,2.0,0
2026_R03,NOR,44.0,93.362,HARD,28.0,2.0,0
2026_R03,NOR,45.0,93.521,HARD,29.0,2.0,0
2026_R03,NOR,46.0,93.437,HARD,30.0,2.0,0
2026_R03,NOR,47.0,93.624,HARD,31.0,2.0,0
2026_R03,NOR,48.0,94.608,HARD,32.0,2.0,0
2026_R03,NOR,49.0,93.483,HARD,33.0,2.0,0
2026_R03,NOR,50.0,94.087,HARD,34.0,2.0,0
2026_R03,NOR,51.0,95.007,HARD,35.0,2.0,0
2026_R03,NOR,52.0,93.208,HARD,36.0,2.0,0
2026_R03,NOR,53.0,93.56,HARD,37.0,2.0,0
2026_R03,GAS,1.0,99.651,MEDIUM,1.0,1.0,0
2026_R03,GAS,2.0,95.436,MEDIUM,2.0,1.0,0
2026_R03,GAS,3.0,95.809,MEDIUM,3.0,1.0,0
2026_R03,GAS,4.0,95.899,MEDIUM,4.0,1.0,0
2026_R03,GAS,5.0,95.872,MEDIUM,5.0,1.0,0
2026_R03,GAS,6.0,96.143,MEDIUM,6.0,1.0,0
2026_R03,GAS,7.0,95.944,MEDIUM,7.0,1.0,0
2026_R03,GAS,8.0,95.566,MEDIUM,8.0,1.0,0
2026_R03,GAS,9.0,95.616,MEDIUM,9.0,1.0,0
2026_R03,GAS,10.0,95.871,MEDIUM,10.0,1.0,0
2026_R03,GAS,11.0,95.717,MEDIUM,11.0,1.0,0
2026_R03,GAS,12.0,95.524,MEDIUM,12.0,1.0,0
2026_R03,GAS,13.0,95.928,MEDIUM,13.0,1.0,0
2026_R03,GAS,14.0,96.11,MEDIUM,14.0,1.0,0
2026_R03,GAS,15.0,95.94,MEDIUM,15.0,1.0,0
2026_R03,GAS,16.0,95.837,MEDIUM,16.0,1.0,0
2026_R03,GAS,17.0,95.906,MEDIUM,17.0,1.0,0
2026_R03,GAS,18.0,95.825,MEDIUM,18.0,1.0,0
2026_R03,GAS,19.0,95.802,MEDIUM,19.0,1.0,0
2026_R03,GAS,20.0,95.528,MEDIUM,20.0,1.0,0
2026_R03,GAS,21.0,95.655,MEDIUM,21.0,1.0,0
2026_R03,GAS,22.0,120.96,MEDIUM,22.0,1.0,1
2026_R03,GAS,23.0,148.721,HARD,1.0,2.0,0
2026_R03,GAS,24.0,146.25,HARD,2.0,2.0,0
2026_R03,GAS,25.0,,HARD,3.0,2.0,0
2026_R03,GAS,26.0,146.896,HARD,4.0,2.0,0
2026_R03,GAS,27.0,139.854,HARD,5.0,2.0,0
2026_R03,GAS,28.0,95.812,HARD,6.0,2.0,0
2026_R03,GAS,29.0,94.096,HARD,7.0,2.0,0
2026_R03,GAS,30.0,94.792,HARD,8.0,2.0,0
2026_R03,GAS,31.0,93.999,HARD,9.0,2.0,0
2026_R03,GAS,32.0,94.066,HARD,10.0,2.0,0
2026_R03,GAS,33.0,93.823,HARD,11.0,2.0,0
2026_R03,GAS,34.0,94.021,HARD,12.0,2.0,0
2026_R03,GAS,35.0,93.864,HARD,13.0,2.0,0
2026_R03,GAS,36.0,94.029,HARD,14.0,2.0,0
2026_R03,GAS,37.0,93.839,HARD,15.0,2.0,0
2026_R03,GAS,38.0,94.051,HARD,16.0,2.0,0
2026_R03,GAS,39.0,93.691,HARD,17.0,2.0,0
2026_R03,GAS,40.0,93.776,HARD,18.0,2.0,0
2026_R03,GAS,41.0,93.693,HARD,19.0,2.0,0
2026_R03,GAS,42.0,93.891,HARD,20.0,2.0,0
2026_R03,GAS,43.0,94.329,HARD,21.0,2.0,0
2026_R03,GAS,44.0,94.457,HARD,22.0,2.0,0
2026_R03,GAS,45.0,94.071,HARD,23.0,2.0,0
2026_R03,GAS,46.0,93.861,HARD,24.0,2.0,0
2026_R03,GAS,47.0,94.063,HARD,25.0,2.0,0
2026_R03,GAS,48.0,94.619,HARD,26.0,2.0,0
2026_R03,GAS,49.0,93.824,HARD,27.0,2.0,0
2026_R03,GAS,50.0,94.222,HARD,28.0,2.0,0
2026_R03,GAS,51.0,93.827,HARD,29.0,2.0,0
2026_R03,GAS,52.0,94.097,HARD,30.0,2.0,0
2026_R03,GAS,53.0,94.169,HARD,31.0,2.0,0
2026_R03,PER,1.0,105.73,MEDIUM,1.0,1.0,0
2026_R03,PER,2.0,97.947,MEDIUM,2.0,1.0,0
2026_R03,PER,3.0,98.292,MEDIUM,3.0,1.0,0
2026_R03,PER,4.0,97.934,MEDIUM,4.0,1.0,0
2026_R03,PER,5.0,97.605,MEDIUM,5.0,1.0,0
2026_R03,PER,6.0,98.037,MEDIUM,6.0,1.0,0
2026_R03,PER,7.0,98.207,MEDIUM,7.0,1.0,0
2026_R03,PER,8.0,98.126,MEDIUM,8.0,1.0,0
2026_R03,PER,9.0,97.999,MEDIUM,9.0,1.0,0
2026_R03,PER,10.0,98.258,MEDIUM,10.0,1.0,0
2026_R03,PER,11.0,97.864,MEDIUM,11.0,1.0,0
2026_R03,PER,12.0,97.952,MEDIUM,12.0,1.0,0
2026_R03,PER,13.0,97.942,MEDIUM,13.0,1.0,0
2026_R03,PER,14.0,97.902,MEDIUM,14.0,1.0,0
2026_R03,PER,15.0,98.076,MEDIUM,15.0,1.0,0
2026_R03,PER,16.0,97.789,MEDIUM,16.0,1.0,0
2026_R03,PER,17.0,97.91,MEDIUM,17.0,1.0,0
2026_R03,PER,18.0,99.088,MEDIUM,18.0,1.0,0
2026_R03,PER,19.0,97.961,MEDIUM,19.0,1.0,0
2026_R03,PER,20.0,98.735,MEDIUM,20.0,1.0,0
2026_R03,PER,21.0,108.146,MEDIUM,21.0,1.0,1
2026_R03,PER,22.0,146.275,HARD,1.0,2.0,0
2026_R03,PER,23.0,107.84,HARD,2.0,2.0,0
2026_R03,PER,24.0,113.513,HARD,3.0,2.0,0
2026_R03,PER,25.0,148.789,HARD,4.0,2.0,0
2026_R03,PER,26.0,147.716,HARD,5.0,2.0,0
2026_R03,PER,27.0,132.022,HARD,6.0,2.0,0
2026_R03,PER,28.0,96.988,HARD,7.0,2.0,0
2026_R03,PER,29.0,96.293,HARD,8.0,2.0,0
2026_R03,PER,30.0,96.86,HARD,9.0,2.0,0
2026_R03,PER,31.0,96.192,HARD,10.0,2.0,0
2026_R03,PER,32.0,96.564,HARD,11.0,2.0,0
2026_R03,PER,33.0,96.366,HARD,12.0,2.0,0
2026_R03,PER,34.0,96.37,HARD,13.0,2.0,0
2026_R03,PER,35.0,96.07,HARD,14.0,2.0,0
2026_R03,PER,36.0,96.238,HARD,15.0,2.0,0
2026_R03,PER,37.0,96.249,HARD,16.0,2.0,0
2026_R03,PER,38.0,96.365,HARD,17.0,2.0,0
2026_R03,PER,39.0,96.059,HARD,18.0,2.0,0
2026_R03,PER,40.0,96.26,HARD,19.0,2.0,0
2026_R03,PER,41.0,96.621,HARD,20.0,2.0,0
2026_R03,PER,42.0,96.226,HARD,21.0,2.0,0
2026_R03,PER,43.0,96.354,HARD,22.0,2.0,0
2026_R03,PER,44.0,96.229,HARD,23.0,2.0,0
2026_R03,PER,45.0,96.161,HARD,24.0,2.0,0
2026_R03,PER,46.0,96.088,HARD,25.0,2.0,0
2026_R03,PER,47.0,96.104,HARD,26.0,2.0,0
2026_R03,PER,48.0,95.96,HARD,27.0,2.0,0
2026_R03,PER,49.0,96.18,HARD,28.0,2.0,0
2026_R03,PER,50.0,96.069,HARD,29.0,2.0,0
2026_R03,PER,51.0,95.994,HARD,30.0,2.0,0
2026_R03,PER,52.0,95.704,HARD,31.0,2.0,0
2026_R03,PER,53.0,95.637,HARD,32.0,2.0,0
2026_R03,ANT,1.0,98.784,MEDIUM,1.0,1.0,0
2026_R03,ANT,2.0,94.475,MEDIUM,2.0,1.0,0
2026_R03,ANT,3.0,95.536,MEDIUM,3.0,1.0,0
2026_R03,ANT,4.0,95.523,MEDIUM,4.0,1.0,0
2026_R03,ANT,5.0,95.24,MEDIUM,5.0,1.0,0
2026_R03,ANT,6.0,94.962,MEDIUM,6.0,1.0,0
2026_R03,ANT,7.0,95.076,MEDIUM,7.0,1.0,0
2026_R03,ANT,8.0,95.203,MEDIUM,8.0,1.0,0
2026_R03,ANT,9.0,95.534,MEDIUM,9.0,1.0,0
2026_R03,ANT,10.0,95.41,MEDIUM,10.0,1.0,0
2026_R03,ANT,11.0,95.115,MEDIUM,11.0,1.0,0
2026_R03,ANT,12.0,95.027,MEDIUM,12.0,1.0,0
2026_R03,ANT,13.0,94.944,MEDIUM,13.0,1.0,0
2026_R03,ANT,14.0,95.261,MEDIUM,14.0,1.0,0
2026_R03,ANT,15.0,95.377,MEDIUM,15.0,1.0,0
2026_R03,ANT,16.0,96.164,MEDIUM,16.0,1.0,0
2026_R03,ANT,17.0,94.686,MEDIUM,17.0,1.0,0
2026_R03,ANT,18.0,94.095,MEDIUM,18.0,1.0,0
2026_R03,ANT,19.0,94.343,MEDIUM,19.0,1.0,0
2026_R03,ANT,20.0,94.241,MEDIUM,20.0,1.0,0
2026_R03,ANT,21.0,93.948,MEDIUM,21.0,1.0,0
2026_R03,ANT,22.0,113.376,MEDIUM,22.0,1.0,1
2026_R03,ANT,23.0,,HARD,1.0,2.0,0
2026_R03,ANT,24.0,,HARD,2.0,2.0,0
2026_R03,ANT,25.0,,HARD,3.0,2.0,0
2026_R03,ANT,26.0,146.03,HARD,4.0,2.0,0
2026_R03,ANT,27.0,146.237,HARD,5.0,2.0,0
2026_R03,ANT,28.0,93.649,HARD,6.0,2.0,0
2026_R03,ANT,29.0,93.367,HARD,7.0,2.0,0
2026_R03,ANT,30.0,92.859,HARD,8.0,2.0,0
2026_R03,ANT,31.0,93.258,HARD,9.0,2.0,0
2026_R03,ANT,32.0,92.868,HARD,10.0,2.0,0
2026_R03,ANT,33.0,92.999,HARD,11.0,2.0,0
2026_R03,ANT,34.0,92.909,HARD,12.0,2.0,0
2026_R03,ANT,35.0,92.912,HARD,13.0,2.0,0
2026_R03,ANT,36.0,92.933,HARD,14.0,2.0,0
2026_R03,ANT,37.0,92.984,HARD,15.0,2.0,0
2026_R03,ANT,38.0,92.955,HARD,16.0,2.0,0
2026_R03,ANT,39.0,92.731,HARD,17.0,2.0,0
2026_R03,ANT,40.0,92.993,HARD,18.0,2.0,0
2026_R03,ANT,41.0,92.736,HARD,19.0,2.0,0
2026_R03,ANT,42.0,92.826,HARD,20.0,2.0,0
2026_R03,ANT,43.0,92.538,HARD,21.0,2.0,0
2026_R03,ANT,44.0,92.57,HARD,22.0,2.0,0
2026_R03,ANT,45.0,92.819,HARD,23.0,2.0,0
2026_R03,ANT,46.0,92.722,HARD,24.0,2.0,0
2026_R03,ANT,47.0,93.211,HARD,25.0,2.0,0
2026_R03,ANT,48.0,93.589,HARD,26.0,2.0,0
2026_R03,ANT,49.0,92.432,HARD,27.0,2.0,0
2026_R03,ANT,50.0,93.352,HARD,28.0,2.0,0
2026_R03,ANT,51.0,92.889,HARD,29.0,2.0,0
2026_R03,ANT,52.0,92.925,HARD,30.0,2.0,0
2026_R03,ANT,53.0,94.063,HARD,31.0,2.0,0
2026_R03,ALO,1.0,107.044,MEDIUM,1.0,1.0,0
2026_R03,ALO,2.0,98.589,MEDIUM,2.0,1.0,0
2026_R03,ALO,3.0,98.501,MEDIUM,3.0,1.0,0
2026_R03,ALO,4.0,98.517,MEDIUM,4.0,1.0,0
2026_R03,ALO,5.0,98.528,MEDIUM,5.0,1.0,0
2026_R03,ALO,6.0,98.652,MEDIUM,6.0,1.0,0
2026_R03,ALO,7.0,98.592,MEDIUM,7.0,1.0,0
2026_R03,ALO,8.0,98.889,MEDIUM,8.0,1.0,0
2026_R03,ALO,9.0,98.296,MEDIUM,9.0,1.0,0
2026_R03,ALO,10.0,98.487,MEDIUM,10.0,1.0,0
2026_R03,ALO,11.0,97.866,MEDIUM,11.0,1.0,0
2026_R03,ALO,12.0,98.235,MEDIUM,12.0,1.0,0
2026_R03,ALO,13.0,98.591,MEDIUM,13.0,1.0,0
2026_R03,ALO,14.0,98.222,MEDIUM,14.0,1.0,0
2026_R03,ALO,15.0,98.641,MEDIUM,15.0,1.0,0
2026_R03,ALO,16.0,98.731,MEDIUM,16.0,1.0,0
2026_R03,ALO,17.0,98.303,MEDIUM,17.0,1.0,0
2026_R03,ALO,18.0,98.504,MEDIUM,18.0,1.0,0
2026_R03,ALO,19.0,98.602,MEDIUM,19.0,1.0,0
2026_R03,ALO,20.0,98.18,MEDIUM,20.0,1.0,0
2026_R03,ALO,21.0,119.021,MEDIUM,21.0,1.0,1
2026_R03,ALO,22.0,144.568,HARD,1.0,2.0,0
2026_R03,ALO,23.0,113.088,HARD,2.0,2.0,1
2026_R03,ALO,24.0,125.307,MEDIUM,1.0,3.0,0
2026_R03,ALO,25.0,118.917,MEDIUM,2.0,3.0,0
2026_R03,ALO,26.0,146.015,MEDIUM,3.0,3.0,0
2026_R03,ALO,27.0,129.786,MEDIUM,4.0,3.0,0
2026_R03,ALO,28.0,97.909,MEDIUM,5.0,3.0,0
2026_R03,ALO,29.0,97.079,MEDIUM,6.0,3.0,0
2026_R03,ALO,30.0,97.411,MEDIUM,7.0,3.0,0
2026_R03,ALO,31.0,97.864,MEDIUM,8.0,3.0,0
2026_R03,ALO,32.0,98.062,MEDIUM,9.0,3.0,0
2026_R03,ALO,33.0,97.702,MEDIUM,10.0,3.0,0
2026_R03,ALO,34.0,97.651,MEDIUM,11.0,3.0,0
2026_R03,ALO,35.0,97.754,MEDIUM,12.0,3.0,0
2026_R03,ALO,36.0,97.786,MEDIUM,13.0,3.0,0
2026_R03,ALO,37.0,97.458,MEDIUM,14.0,3.0,0
2026_R03,ALO,38.0,97.241,MEDIUM,15.0,3.0,0
2026_R03,ALO,39.0,97.124,MEDIUM,16.0,3.0,0
2026_R03,ALO,40.0,97.098,MEDIUM,17.0,3.0,0
2026_R03,ALO,41.0,96.828,MEDIUM,18.0,3.0,0
2026_R03,ALO,42.0,96.957,MEDIUM,19.0,3.0,0
2026_R03,ALO,43.0,97.337,MEDIUM,20.0,3.0,0
2026_R03,ALO,44.0,96.771,MEDIUM,21.0,3.0,0
2026_R03,ALO,45.0,96.677,MEDIUM,22.0,3.0,0
2026_R03,ALO,46.0,97.589,MEDIUM,23.0,3.0,0
2026_R03,ALO,47.0,96.221,MEDIUM,24.0,3.0,0
2026_R03,ALO,48.0,96.837,MEDIUM,25.0,3.0,0
2026_R03,ALO,49.0,97.112,MEDIUM,26.0,3.0,0
2026_R03,ALO,50.0,99.107,MEDIUM,27.0,3.0,0
2026_R03,ALO,51.0,96.751,MEDIUM,28.0,3.0,0
2026_R03,ALO,52.0,98.953,MEDIUM,29.0,3.0,0
2026_R03,LEC,1.0,96.36,MEDIUM,1.0,1.0,0
2026_R03,LEC,2.0,95.126,MEDIUM,2.0,1.0,0
2026_R03,LEC,3.0,95.105,MEDIUM,3.0,1.0,0
2026_R03,LEC,4.0,96.431,MEDIUM,4.0,1.0,0
2026_R03,LEC,5.0,95.209,MEDIUM,5.0,1.0,0
2026_R03,LEC,6.0,95.287,MEDIUM,6.0,1.0,0
2026_R03,LEC,7.0,94.955,MEDIUM,7.0,1.0,0
2026_R03,LEC,8.0,95.458,MEDIUM,8.0,1.0,0
2026_R03,LEC,9.0,95.623,MEDIUM,9.0,1.0,0
2026_R03,LEC,10.0,95.146,MEDIUM,10.0,1.0,0
2026_R03,LEC,11.0,95.145,MEDIUM,11.0,1.0,0
2026_R03,LEC,12.0,95.201,MEDIUM,12.0,1.0,0
2026_R03,LEC,13.0,95.408,MEDIUM,13.0,1.0,0
2026_R03,LEC,14.0,95.305,MEDIUM,14.0,1.0,0
2026_R03,LEC,15.0,95.903,MEDIUM,15.0,1.0,0
2026_R03,LEC,16.0,95.307,MEDIUM,16.0,1.0,0
2026_R03,LEC,17.0,97.448,MEDIUM,17.0,1.0,1
2026_R03,LEC,18.0,114.337,HARD,1.0,2.0,0
2026_R03,LEC,19.0,94.426,HARD,2.0,2.0,0
2026_R03,LEC,20.0,94.266,HARD,3.0,2.0,0
2026_R03,LEC,21.0,94.132,HARD,4.0,2.0,0
2026_R03,LEC,22.0,120.306,HARD,5.0,2.0,0
2026_R03,LEC,23.0,138.074,HARD,6.0,2.0,0
2026_R03,LEC,24.0,147.1,HARD,7.0,2.0,0
2026_R03,LEC,25.0,,HARD,8.0,2.0,0
2026_R03,LEC,26.0,146.662,HARD,9.0,2.0,0
2026_R03,LEC,27.0,142.148,HARD,10.0,2.0,0
2026_R03,LEC,28.0,95.287,HARD,11.0,2.0,0
2026_R03,LEC,29.0,93.666,HARD,12.0,2.0,0
2026_R03,LEC,30.0,93.696,HARD,13.0,2.0,0
2026_R03,LEC,31.0,93.915,HARD,14.0,2.0,0
2026_R03,LEC,32.0,93.494,HARD,15.0,2.0,0
2026_R03,LEC,33.0,93.444,HARD,16.0,2.0,0
2026_R03,LEC,34.0,93.508,HARD,17.0,2.0,0
2026_R03,LEC,35.0,93.252,HARD,18.0,2.0,0
2026_R03,LEC,36.0,93.663,HARD,19.0,2.0,0
2026_R03,LEC,37.0,93.744,HARD,20.0,2.0,0
2026_R03,LEC,38.0,93.128,HARD,21.0,2.0,0
2026_R03,LEC,39.0,93.457,HARD,22.0,2.0,0
2026_R03,LEC,40.0,93.705,HARD,23.0,2.0,0
2026_R03,LEC,41.0,94.154,HARD,24.0,2.0,0
2026_R03,LEC,42.0,93.418,HARD,25.0,2.0,0
2026_R03,LEC,43.0,93.205,HARD,26.0,2.0,0
2026_R03,LEC,44.0,93.304,HARD,27.0,2.0,0
2026_R03,LEC,45.0,93.607,HARD,28.0,2.0,0
2026_R03,LEC,46.0,93.16,HARD,29.0,2.0,0
2026_R03,LEC,47.0,93.122,HARD,30.0,2.0,0
2026_R03,LEC,48.0,93.011,HARD,31.0,2.0,0
2026_R03,LEC,49.0,93.486,HARD,32.0,2.0,0
2026_R03,LEC,50.0,94.173,HARD,33.0,2.0,0
2026_R03,LEC,51.0,92.897,HARD,34.0,2.0,0
2026_R03,LEC,52.0,93.201,HARD,35.0,2.0,0
2026_R03,LEC,53.0,92.634,HARD,36.0,2.0,0
2026_R03,STR,1.0,108.234,MEDIUM,1.0,1.0,0
2026_R03,STR,2.0,98.369,MEDIUM,2.0,1.0,0
2026_R03,STR,3.0,98.229,MEDIUM,3.0,1.0,0
2026_R03,STR,4.0,98.587,MEDIUM,4.0,1.0,0
2026_R03,STR,5.0,98.426,MEDIUM,5.0,1.0,0
2026_R03,STR,6.0,98.617,MEDIUM,6.0,1.0,0
2026_R03,STR,7.0,98.462,MEDIUM,7.0,1.0,0
2026_R03,STR,8.0,97.683,MEDIUM,8.0,1.0,0
2026_R03,STR,9.0,98.199,MEDIUM,9.0,1.0,0
2026_R03,STR,10.0,98.293,MEDIUM,10.0,1.0,0
2026_R03,STR,11.0,98.051,MEDIUM,11.0,1.0,0
2026_R03,STR,12.0,98.622,MEDIUM,12.0,1.0,0
2026_R03,STR,13.0,98.454,MEDIUM,13.0,1.0,0
2026_R03,STR,14.0,98.187,MEDIUM,14.0,1.0,0
2026_R03,STR,15.0,98.853,MEDIUM,15.0,1.0,0
2026_R03,STR,16.0,98.427,MEDIUM,16.0,1.0,0
2026_R03,STR,17.0,98.576,MEDIUM,17.0,1.0,0
2026_R03,STR,18.0,98.454,MEDIUM,18.0,1.0,0
2026_R03,STR,19.0,98.372,MEDIUM,19.0,1.0,0
2026_R03,STR,20.0,98.406,MEDIUM,20.0,1.0,0
2026_R03,STR,21.0,111.658,MEDIUM,21.0,1.0,1
2026_R03,STR,22.0,146.19,HARD,1.0,2.0,0
2026_R03,STR,23.0,105.541,HARD,2.0,2.0,0
2026_R03,STR,24.0,107.875,HARD,3.0,2.0,1
2026_R03,STR,25.0,146.413,MEDIUM,1.0,3.0,0
2026_R03,STR,26.0,148.043,MEDIUM,2.0,3.0,0
2026_R03,STR,27.0,130.846,MEDIUM,3.0,3.0,0
2026_R03,STR,28.0,97.515,MEDIUM,4.0,3.0,0
2026_R03,STR,29.0,97.217,MEDIUM,5.0,3.0,0
2026_R03,STR,30.0,100.631,MEDIUM,6.0,3.0,1
2026_R03,ALB,1.0,105.225,MEDIUM,1.0,1.0,0
2026_R03,ALB,2.0,97.418,MEDIUM,2.0,1.0,0
2026_R03,ALB,3.0,97.464,MEDIUM,3.0,1.0,0
2026_R03,ALB,4.0,98.076,MEDIUM,4.0,1.0,0
2026_R03,ALB,5.0,96.796,MEDIUM,5.0,1.0,0
2026_R03,ALB,6.0,97.307,MEDIUM,6.0,1.0,0
2026_R03,ALB,7.0,97.545,MEDIUM,7.0,1.0,0
2026_R03,ALB,8.0,97.437,MEDIUM,8.0,1.0,0
2026_R03,ALB,9.0,97.212,MEDIUM,9.0,1.0,0
2026_R03,ALB,10.0,97.235,MEDIUM,10.0,1.0,0
2026_R03,ALB,11.0,97.028,MEDIUM,11.0,1.0,0
2026_R03,ALB,12.0,97.058,MEDIUM,12.0,1.0,0
2026_R03,ALB,13.0,96.733,MEDIUM,13.0,1.0,0
2026_R03,ALB,14.0,97.146,MEDIUM,14.0,1.0,0
2026_R03,ALB,15.0,96.948,MEDIUM,15.0,1.0,0
2026_R03,ALB,16.0,96.879,MEDIUM,16.0,1.0,0
2026_R03,ALB,17.0,96.78,MEDIUM,17.0,1.0,0
2026_R03,ALB,18.0,96.992,MEDIUM,18.0,1.0,0
2026_R03,ALB,19.0,96.592,MEDIUM,19.0,1.0,0
2026_R03,ALB,20.0,96.812,MEDIUM,20.0,1.0,0
2026_R03,ALB,21.0,96.417,MEDIUM,21.0,1.0,0
2026_R03,ALB,22.0,131.647,MEDIUM,22.0,1.0,1
2026_R03,ALB,23.0,145.208,HARD,1.0,2.0,0
2026_R03,ALB,24.0,120.292,HARD,2.0,2.0,0
2026_R03,ALB,25.0,148.665,HARD,3.0,2.0,0
2026_R03,ALB,26.0,147.78,HARD,4.0,2.0,0
2026_R03,ALB,27.0,132.369,HARD,5.0,2.0,0
2026_R03,ALB,28.0,96.86,HARD,6.0,2.0,0
2026_R03,ALB,29.0,96.092,HARD,7.0,2.0,0
2026_R03,ALB,30.0,96.762,HARD,8.0,2.0,0
2026_R03,ALB,31.0,95.72,HARD,9.0,2.0,0
2026_R03,ALB,32.0,95.909,HARD,10.0,2.0,0
2026_R03,ALB,33.0,95.767,HARD,11.0,2.0,0
2026_R03,ALB,34.0,95.598,HARD,12.0,2.0,0
2026_R03,ALB,35.0,95.207,HARD,13.0,2.0,0
2026_R03,ALB,36.0,95.138,HARD,14.0,2.0,0
2026_R03,ALB,37.0,95.464,HARD,15.0,2.0,0
2026_R03,ALB,38.0,95.086,HARD,16.0,2.0,0
2026_R03,ALB,39.0,95.036,HARD,17.0,2.0,0
2026_R03,ALB,40.0,94.969,HARD,18.0,2.0,0
2026_R03,ALB,41.0,94.973,HARD,19.0,2.0,0
2026_R03,ALB,42.0,95.7,HARD,20.0,2.0,0
2026_R03,ALB,43.0,95.195,HARD,21.0,2.0,0
2026_R03,ALB,44.0,95.263,HARD,22.0,2.0,0
2026_R03,ALB,45.0,97.604,HARD,23.0,2.0,1
2026_R03,ALB,46.0,116.651,SOFT,1.0,3.0,1
2026_R03,ALB,47.0,117.5,SOFT,2.0,4.0,1
2026_R03,ALB,48.0,119.619,SOFT,3.0,5.0,1
2026_R03,ALB,49.0,127.219,SOFT,4.0,6.0,1
2026_R03,ALB,50.0,118.65,MEDIUM,1.0,7.0,0
2026_R03,ALB,51.0,93.427,MEDIUM,2.0,7.0,0
2026_R03,HUL,1.0,106.149,MEDIUM,1.0,1.0,0
2026_R03,HUL,2.0,98.019,MEDIUM,2.0,1.0,0
2026_R03,HUL,3.0,96.53,MEDIUM,3.0,1.0,0
2026_R03,HUL,4.0,96.632,MEDIUM,4.0,1.0,0
2026_R03,HUL,5.0,96.858,MEDIUM,5.0,1.0,0
2026_R03,HUL,6.0,97.522,MEDIUM,6.0,1.0,0
2026_R03,HUL,7.0,97.424,MEDIUM,7.0,1.0,0
2026_R03,HUL,8.0,97.149,MEDIUM,8.0,1.0,0
2026_R03,HUL,9.0,96.695,MEDIUM,9.0,1.0,0
2026_R03,HUL,10.0,96.943,MEDIUM,10.0,1.0,0
2026_R03,HUL,11.0,96.387,MEDIUM,11.0,1.0,0
2026_R03,HUL,12.0,97.397,MEDIUM,12.0,1.0,0
2026_R03,HUL,13.0,96.972,MEDIUM,13.0,1.0,0
2026_R03,HUL,14.0,96.49,MEDIUM,14.0,1.0,0
2026_R03,HUL,15.0,95.778,MEDIUM,15.0,1.0,0
2026_R03,HUL,16.0,96.277,MEDIUM,16.0,1.0,0
2026_R03,HUL,17.0,96.171,MEDIUM,17.0,1.0,0
2026_R03,HUL,18.0,96.037,MEDIUM,18.0,1.0,0
2026_R03,HUL,19.0,95.575,MEDIUM,19.0,1.0,0
2026_R03,HUL,20.0,95.655,MEDIUM,20.0,1.0,0
2026_R03,HUL,21.0,95.944,MEDIUM,21.0,1.0,0
2026_R03,HUL,22.0,124.599,MEDIUM,22.0,1.0,0
2026_R03,HUL,23.0,129.419,MEDIUM,23.0,1.0,1
2026_R03,HUL,24.0,144.563,HARD,1.0,2.0,0
2026_R03,HUL,25.0,,HARD,2.0,2.0,0
2026_R03,HUL,26.0,147.547,HARD,3.0,2.0,0
2026_R03,HUL,27.0,135.697,HARD,4.0,2.0,0
2026_R03,HUL,28.0,96.375,HARD,5.0,2.0,0
2026_R03,HUL,29.0,96.82,HARD,6.0,2.0,0
2026_R03,HUL,30.0,96.242,HARD,7.0,2.0,0
2026_R03,HUL,31.0,94.637,HARD,8.0,2.0,0
2026_R03,HUL,32.0,94.905,HARD,9.0,2.0,0
2026_R03,HUL,33.0,94.82,HARD,10.0,2.0,0
2026_R03,HUL,34.0,95.027,HARD,11.0,2.0,0
2026_R03,HUL,35.0,95.547,HARD,12.0,2.0,0
2026_R03,HUL,36.0,95.386,HARD,13.0,2.0,0
2026_R03,HUL,37.0,95.018,HARD,14.0,2.0,0
2026_R03,HUL,38.0,94.831,HARD,15.0,2.0,0
2026_R03,HUL,39.0,94.222,HARD,16.0,2.0,0
2026_R03,HUL,40.0,94.132,HARD,17.0,2.0,0
2026_R03,HUL,41.0,94.011,HARD,18.0,2.0,0
2026_R03,HUL,42.0,94.212,HARD,19.0,2.0,0
2026_R03,HUL,43.0,94.168,HARD,20.0,2.0,0
2026_R03,HUL,44.0,94.426,HARD,21.0,2.0,0
2026_R03,HUL,45.0,95.678,HARD,22.0,2.0,0
2026_R03,HUL,46.0,96.379,HARD,23.0,2.0,0
2026_R03,HUL,47.0,93.732,HARD,24.0,2.0,0
2026_R03,HUL,48.0,94.137,HARD,25.0,2.0,0
2026_R03,HUL,49.0,94.171,HARD,26.0,2.0,0
2026_R03,HUL,50.0,94.177,HARD,27.0,2.0,0
2026_R03,HUL,51.0,94.101,HARD,28.0,2.0,0
2026_R03,HUL,52.0,93.853,HARD,29.0,2.0,0
2026_R03,HUL,53.0,93.796,HARD,30.0,2.0,0
2026_R03,VER,1.0,101.273,MEDIUM,1.0,1.0,0
2026_R03,VER,2.0,96.628,MEDIUM,2.0,1.0,0
2026_R03,VER,3.0,95.854,MEDIUM,3.0,1.0,0
2026_R03,VER,4.0,95.867,MEDIUM,4.0,1.0,0
2026_R03,VER,5.0,96.922,MEDIUM,5.0,1.0,0
2026_R03,VER,6.0,96.551,MEDIUM,6.0,1.0,0
2026_R03,VER,7.0,96.067,MEDIUM,7.0,1.0,0
2026_R03,VER,8.0,95.725,MEDIUM,8.0,1.0,0
2026_R03,VER,9.0,95.848,MEDIUM,9.0,1.0,0
2026_R03,VER,10.0,95.727,MEDIUM,10.0,1.0,0
2026_R03,VER,11.0,95.63,MEDIUM,11.0,1.0,0
2026_R03,VER,12.0,95.699,MEDIUM,12.0,1.0,0
2026_R03,VER,13.0,95.755,MEDIUM,13.0,1.0,0
2026_R03,VER,14.0,95.773,MEDIUM,14.0,1.0,0
2026_R03,VER,15.0,95.652,MEDIUM,15.0,1.0,0
2026_R03,VER,16.0,95.587,MEDIUM,16.0,1.0,0
2026_R03,VER,17.0,95.535,MEDIUM,17.0,1.0,0
2026_R03,VER,18.0,95.608,MEDIUM,18.0,1.0,0
2026_R03,VER,19.0,95.587,MEDIUM,19.0,1.0,0
2026_R03,VER,20.0,95.6,MEDIUM,20.0,1.0,0
2026_R03,VER,21.0,96.124,MEDIUM,21.0,1.0,0
2026_R03,VER,22.0,121.756,MEDIUM,22.0,1.0,1
2026_R03,VER,23.0,145.562,HARD,1.0,2.0,0
2026_R03,VER,24.0,146.013,HARD,2.0,2.0,0
2026_R03,VER,25.0,,HARD,3.0,2.0,0
2026_R03,VER,26.0,147.257,HARD,4.0,2.0,0
2026_R03,VER,27.0,139.224,HARD,5.0,2.0,0
2026_R03,VER,28.0,96.011,HARD,6.0,2.0,0
2026_R03,VER,29.0,94.141,HARD,7.0,2.0,0
2026_R03,VER,30.0,94.752,HARD,8.0,2.0,0
2026_R03,VER,31.0,94.295,HARD,9.0,2.0,0
2026_R03,VER,32.0,94.128,HARD,10.0,2.0,0
2026_R03,VER,33.0,93.925,HARD,11.0,2.0,0
2026_R03,VER,34.0,93.841,HARD,12.0,2.0,0
2026_R03,VER,35.0,93.861,HARD,13.0,2.0,0
2026_R03,VER,36.0,93.97,HARD,14.0,2.0,0
2026_R03,VER,37.0,93.852,HARD,15.0,2.0,0
2026_R03,VER,38.0,94.052,HARD,16.0,2.0,0
2026_R03,VER,39.0,94.139,HARD,17.0,2.0,0
2026_R03,VER,40.0,93.988,HARD,18.0,2.0,0
2026_R03,VER,41.0,93.552,HARD,19.0,2.0,0
2026_R03,VER,42.0,93.706,HARD,20.0,2.0,0
2026_R03,VER,43.0,94.147,HARD,21.0,2.0,0
2026_R03,VER,44.0,94.215,HARD,22.0,2.0,0
2026_R03,VER,45.0,94.346,HARD,23.0,2.0,0
2026_R03,VER,46.0,93.911,HARD,24.0,2.0,0
2026_R03,VER,47.0,93.886,HARD,25.0,2.0,0
2026_R03,VER,48.0,93.704,HARD,26.0,2.0,0
2026_R03,VER,49.0,95.043,HARD,27.0,2.0,0
2026_R03,VER,50.0,93.921,HARD,28.0,2.0,0
2026_R03,VER,51.0,93.845,HARD,29.0,2.0,0
2026_R03,VER,52.0,93.973,HARD,30.0,2.0,0
2026_R03,VER,53.0,94.007,HARD,31.0,2.0,0
2026_R03,LAW,1.0,102.498,MEDIUM,1.0,1.0,0
2026_R03,LAW,2.0,97.029,MEDIUM,2.0,1.0,0
2026_R03,LAW,3.0,97.03,MEDIUM,3.0,1.0,0
2026_R03,LAW,4.0,96.522,MEDIUM,4.0,1.0,0
2026_R03,LAW,5.0,96.38,MEDIUM,5.0,1.0,0
2026_R03,LAW,6.0,97.206,MEDIUM,6.0,1.0,0
2026_R03,LAW,7.0,96.572,MEDIUM,7.0,1.0,0
2026_R03,LAW,8.0,96.432,MEDIUM,8.0,1.0,0
2026_R03,LAW,9.0,96.629,MEDIUM,9.0,1.0,0
2026_R03,LAW,10.0,96.618,MEDIUM,10.0,1.0,0
2026_R03,LAW,11.0,96.55,MEDIUM,11.0,1.0,0
2026_R03,LAW,12.0,97.258,MEDIUM,12.0,1.0,0
2026_R03,LAW,13.0,97.049,MEDIUM,13.0,1.0,0
2026_R03,LAW,14.0,97.013,MEDIUM,14.0,1.0,0
2026_R03,LAW,15.0,96.726,MEDIUM,15.0,1.0,0
2026_R03,LAW,16.0,96.822,MEDIUM,16.0,1.0,0
2026_R03,LAW,17.0,96.72,MEDIUM,17.0,1.0,0
2026_R03,LAW,18.0,96.604,MEDIUM,18.0,1.0,0
2026_R03,LAW,19.0,96.716,MEDIUM,19.0,1.0,0
2026_R03,LAW,20.0,96.442,MEDIUM,20.0,1.0,0
2026_R03,LAW,21.0,96.18,MEDIUM,21.0,1.0,0
2026_R03,LAW,22.0,126.314,MEDIUM,22.0,1.0,1
2026_R03,LAW,23.0,144.976,HARD,1.0,2.0,0
2026_R03,LAW,24.0,125.496,HARD,2.0,2.0,0
2026_R03,LAW,25.0,,HARD,3.0,2.0,0
2026_R03,LAW,26.0,147.096,HARD,4.0,2.0,0
2026_R03,LAW,27.0,138.047,HARD,5.0,2.0,0
2026_R03,LAW,28.0,96.376,HARD,6.0,2.0,0
2026_R03,LAW,29.0,94.925,HARD,7.0,2.0,0
2026_R03,LAW,30.0,94.86,HARD,8.0,2.0,0
2026_R03,LAW,31.0,94.716,HARD,9.0,2.0,0
2026_R03,LAW,32.0,94.647,HARD,10.0,2.0,0
2026_R03,LAW,33.0,94.773,HARD,11.0,2.0,0
2026_R03,LAW,34.0,94.85,HARD,12.0,2.0,0
2026_R03,LAW,35.0,94.999,HARD,13.0,2.0,0
2026_R03,LAW,36.0,94.581,HARD,14.0,2.0,0
2026_R03,LAW,37.0,94.938,HARD,15.0,2.0,0
2026_R03,LAW,38.0,94.436,HARD,16.0,2.0,0
2026_R03,LAW,39.0,94.526,HARD,17.0,2.0,0
2026_R03,LAW,40.0,94.879,HARD,18.0,2.0,0
2026_R03,LAW,41.0,94.796,HARD,19.0,2.0,0
2026_R03,LAW,42.0,94.926,HARD,20.0,2.0,0
2026_R03,LAW,43.0,94.87,HARD,21.0,2.0,0
2026_R03,LAW,44.0,94.882,HARD,22.0,2.0,0
2026_R03,LAW,45.0,94.794,HARD,23.0,2.0,0
2026_R03,LAW,46.0,94.827,HARD,24.0,2.0,0
2026_R03,LAW,47.0,94.955,HARD,25.0,2.0,0
2026_R03,LAW,48.0,94.668,HARD,26.0,2.0,0
2026_R03,LAW,49.0,94.701,HARD,27.0,2.0,0
2026_R03,LAW,50.0,94.634,HARD,28.0,2.0,0
2026_R03,LAW,51.0,94.341,HARD,29.0,2.0,0
2026_R03,LAW,52.0,94.295,HARD,30.0,2.0,0
2026_R03,LAW,53.0,94.23,HARD,31.0,2.0,0
2026_R03,OCO,1.0,101.913,MEDIUM,1.0,1.0,0
2026_R03,OCO,2.0,96.654,MEDIUM,2.0,1.0,0
2026_R03,OCO,3.0,96.094,MEDIUM,3.0,1.0,0
2026_R03,OCO,4.0,95.956,MEDIUM,4.0,1.0,0
2026_R03,OCO,5.0,96.746,MEDIUM,5.0,1.0,0
2026_R03,OCO,6.0,96.55,MEDIUM,6.0,1.0,0
2026_R03,OCO,7.0,96.288,MEDIUM,7.0,1.0,0
2026_R03,OCO,8.0,95.822,MEDIUM,8.0,1.0,0
2026_R03,OCO,9.0,96.357,MEDIUM,9.0,1.0,0
2026_R03,OCO,10.0,96.43,MEDIUM,10.0,1.0,0
2026_R03,OCO,11.0,96.476,MEDIUM,11.0,1.0,0
2026_R03,OCO,12.0,96.593,MEDIUM,12.0,1.0,0
2026_R03,OCO,13.0,96.759,MEDIUM,13.0,1.0,0
2026_R03,OCO,14.0,96.706,MEDIUM,14.0,1.0,0
2026_R03,OCO,15.0,96.608,MEDIUM,15.0,1.0,0
2026_R03,OCO,16.0,96.779,MEDIUM,16.0,1.0,0
2026_R03,OCO,17.0,97.457,MEDIUM,17.0,1.0,0
2026_R03,OCO,18.0,96.456,MEDIUM,18.0,1.0,0
2026_R03,OCO,19.0,98.899,MEDIUM,19.0,1.0,1
2026_R03,OCO,20.0,116.919,HARD,1.0,2.0,0
2026_R03,OCO,21.0,99.072,HARD,2.0,2.0,0
2026_R03,OCO,22.0,125.682,HARD,3.0,2.0,0
2026_R03,OCO,23.0,127.988,HARD,4.0,2.0,0
2026_R03,OCO,24.0,124.437,HARD,5.0,2.0,0
2026_R03,OCO,25.0,,HARD,6.0,2.0,0
2026_R03,OCO,26.0,148.089,HARD,7.0,2.0,0
2026_R03,OCO,27.0,135.872,HARD,8.0,2.0,0
2026_R03,OCO,28.0,96.64,HARD,9.0,2.0,0
2026_R03,OCO,29.0,94.428,HARD,10.0,2.0,0
2026_R03,OCO,30.0,94.872,HARD,11.0,2.0,0
2026_R03,OCO,31.0,94.631,HARD,12.0,2.0,0
2026_R03,OCO,32.0,94.665,HARD,13.0,2.0,0
2026_R03,OCO,33.0,94.697,HARD,14.0,2.0,0
2026_R03,OCO,34.0,94.773,HARD,15.0,2.0,0
2026_R03,OCO,35.0,94.881,HARD,16.0,2.0,0
2026_R03,OCO,36.0,94.717,HARD,17.0,2.0,0
2026_R03,OCO,37.0,94.858,HARD,18.0,2.0,0
2026_R03,OCO,38.0,94.878,HARD,19.0,2.0,0
2026_R03,OCO,39.0,94.348,HARD,20.0,2.0,0
2026_R03,OCO,40.0,94.789,HARD,21.0,2.0,0
2026_R03,OCO,41.0,94.787,HARD,22.0,2.0,0
2026_R03,OCO,42.0,94.903,HARD,23.0,2.0,0
2026_R03,OCO,43.0,94.863,HARD,24.0,2.0,0
2026_R03,OCO,44.0,94.968,HARD,25.0,2.0,0
2026_R03,OCO,45.0,94.967,HARD,26.0,2.0,0
2026_R03,OCO,46.0,94.785,HARD,27.0,2.0,0
2026_R03,OCO,47.0,94.917,HARD,28.0,2.0,0
2026_R03,OCO,48.0,94.692,HARD,29.0,2.0,0
2026_R03,OCO,49.0,94.766,HARD,30.0,2.0,0
2026_R03,OCO,50.0,94.669,HARD,31.0,2.0,0
2026_R03,OCO,51.0,94.389,HARD,32.0,2.0,0
2026_R03,OCO,52.0,94.268,HARD,33.0,2.0,0
2026_R03,OCO,53.0,94.256,HARD,34.0,2.0,0
2026_R03,LIN,1.0,100.66,MEDIUM,1.0,1.0,0
2026_R03,LIN,2.0,96.174,MEDIUM,2.0,1.0,0
2026_R03,LIN,3.0,96.233,MEDIUM,3.0,1.0,0
2026_R03,LIN,4.0,96.039,MEDIUM,4.0,1.0,0
2026_R03,LIN,5.0,98.053,MEDIUM,5.0,1.0,0
2026_R03,LIN,6.0,97.489,MEDIUM,6.0,1.0,0
2026_R03,LIN,7.0,96.39,MEDIUM,7.0,1.0,0
2026_R03,LIN,8.0,96.083,MEDIUM,8.0,1.0,0
2026_R03,LIN,9.0,96.39,MEDIUM,9.0,1.0,0
2026_R03,LIN,10.0,96.491,MEDIUM,10.0,1.0,0
2026_R03,LIN,11.0,97.139,MEDIUM,11.0,1.0,0
2026_R03,LIN,12.0,98.709,MEDIUM,12.0,1.0,0
2026_R03,LIN,13.0,96.242,MEDIUM,13.0,1.0,0
2026_R03,LIN,14.0,96.534,MEDIUM,14.0,1.0,0
2026_R03,LIN,15.0,97.289,MEDIUM,15.0,1.0,0
2026_R03,LIN,16.0,96.823,MEDIUM,16.0,1.0,0
2026_R03,LIN,17.0,96.552,MEDIUM,17.0,1.0,0
2026_R03,LIN,18.0,99.196,MEDIUM,18.0,1.0,1
2026_R03,LIN,19.0,118.75,HARD,1.0,2.0,0
2026_R03,LIN,20.0,95.464,HARD,2.0,2.0,0
2026_R03,LIN,21.0,100.801,HARD,3.0,2.0,0
2026_R03,LIN,22.0,126.769,HARD,4.0,2.0,0
2026_R03,LIN,23.0,123.701,HARD,5.0,2.0,0
2026_R03,LIN,24.0,125.165,HARD,6.0,2.0,0
2026_R03,LIN,25.0,,HARD,7.0,2.0,0
2026_R03,LIN,26.0,147.33,HARD,8.0,2.0,0
2026_R03,LIN,27.0,134.607,HARD,9.0,2.0,0
2026_R03,LIN,28.0,96.421,HARD,10.0,2.0,0
2026_R03,LIN,29.0,96.405,HARD,11.0,2.0,0
2026_R03,LIN,30.0,95.724,HARD,12.0,2.0,0
2026_R03,LIN,31.0,95.962,HARD,13.0,2.0,0
2026_R03,LIN,32.0,95.137,HARD,14.0,2.0,0
2026_R03,LIN,33.0,95.16,HARD,15.0,2.0,0
2026_R03,LIN,34.0,95.225,HARD,16.0,2.0,0
2026_R03,LIN,35.0,95.402,HARD,17.0,2.0,0
2026_R03,LIN,36.0,94.96,HARD,18.0,2.0,0
2026_R03,LIN,37.0,94.86,HARD,19.0,2.0,0
2026_R03,LIN,38.0,94.723,HARD,20.0,2.0,0
2026_R03,LIN,39.0,95.096,HARD,21.0,2.0,0
2026_R03,LIN,40.0,94.521,HARD,22.0,2.0,0
2026_R03,LIN,41.0,94.853,HARD,23.0,2.0,0
2026_R03,LIN,42.0,94.964,HARD,24.0,2.0,0
2026_R03,LIN,43.0,94.885,HARD,25.0,2.0,0
2026_R03,LIN,44.0,94.769,HARD,26.0,2.0,0
2026_R03,LIN,45.0,94.733,HARD,27.0,2.0,0
2026_R03,LIN,46.0,94.676,HARD,28.0,2.0,0
2026_R03,LIN,47.0,94.716,HARD,29.0,2.0,0
2026_R03,LIN,48.0,94.872,HARD,30.0,2.0,0
2026_R03,LIN,49.0,95.229,HARD,31.0,2.0,0
2026_R03,LIN,50.0,94.845,HARD,32.0,2.0,0
2026_R03,LIN,51.0,94.6,HARD,33.0,2.0,0
2026_R03,LIN,52.0,94.585,HARD,34.0,2.0,0
2026_R03,LIN,53.0,94.314,HARD,35.0,2.0,0
2026_R03,COL,1.0,103.16,MEDIUM,1.0,1.0,0
2026_R03,COL,2.0,97.218,MEDIUM,2.0,1.0,0
2026_R03,COL,3.0,97.204,MEDIUM,3.0,1.0,0
2026_R03,COL,4.0,96.549,MEDIUM,4.0,1.0,0
2026_R03,COL,5.0,96.568,MEDIUM,5.0,1.0,0
2026_R03,COL,6.0,96.907,MEDIUM,6.0,1.0,0
2026_R03,COL,7.0,96.509,MEDIUM,7.0,1.0,0
2026_R03,COL,8.0,96.428,MEDIUM,8.0,1.0,0
2026_R03,COL,9.0,96.572,MEDIUM,9.0,1.0,0
2026_R03,COL,10.0,96.649,MEDIUM,10.0,1.0,0
2026_R03,COL,11.0,96.675,MEDIUM,11.0,1.0,0
2026_R03,COL,12.0,96.922,MEDIUM,12.0,1.0,0
2026_R03,COL,13.0,97.357,MEDIUM,13.0,1.0,0
2026_R03,COL,14.0,96.909,MEDIUM,14.0,1.0,0
2026_R03,COL,15.0,96.841,MEDIUM,15.0,1.0,0
2026_R03,COL,16.0,96.702,MEDIUM,16.0,1.0,0
2026_R03,COL,17.0,99.258,MEDIUM,17.0,1.0,1
2026_R03,COL,18.0,116.885,HARD,1.0,2.0,0
2026_R03,COL,19.0,96.885,HARD,2.0,2.0,0
2026_R03,COL,20.0,95.624,HARD,3.0,2.0,0
2026_R03,COL,21.0,103.165,HARD,4.0,2.0,0
2026_R03,COL,22.0,126.567,HARD,5.0,2.0,0
2026_R03,COL,23.0,124.352,HARD,6.0,2.0,0
2026_R03,COL,24.0,123.556,HARD,7.0,2.0,0
2026_R03,COL,25.0,,HARD,8.0,2.0,0
2026_R03,COL,26.0,147.587,HARD,9.0,2.0,0
2026_R03,COL,27.0,133.37,HARD,10.0,2.0,0
2026_R03,COL,28.0,96.673,HARD,11.0,2.0,0
2026_R03,COL,29.0,96.172,HARD,12.0,2.0,0
2026_R03,COL,30.0,96.475,HARD,13.0,2.0,0
2026_R03,COL,31.0,95.922,HARD,14.0,2.0,0
2026_R03,COL,32.0,95.555,HARD,15.0,2.0,0
2026_R03,COL,33.0,95.672,HARD,16.0,2.0,0
2026_R03,COL,34.0,94.76,HARD,17.0,2.0,0
2026_R03,COL,35.0,95.158,HARD,18.0,2.0,0
2026_R03,COL,36.0,95.128,HARD,19.0,2.0,0
2026_R03,COL,37.0,94.952,HARD,20.0,2.0,0
2026_R03,COL,38.0,95.25,HARD,21.0,2.0,0
2026_R03,COL,39.0,95.133,HARD,22.0,2.0,0
2026_R03,COL,40.0,95.333,HARD,23.0,2.0,0
2026_R03,COL,41.0,94.512,HARD,24.0,2.0,0
2026_R03,COL,42.0,95.365,HARD,25.0,2.0,0
2026_R03,COL,43.0,94.746,HARD,26.0,2.0,0
2026_R03,COL,44.0,95.055,HARD,27.0,2.0,0
2026_R03,COL,45.0,95.358,HARD,28.0,2.0,0
2026_R03,COL,46.0,94.853,HARD,29.0,2.0,0
2026_R03,COL,47.0,94.8,HARD,30.0,2.0,0
2026_R03,COL,48.0,94.824,HARD,31.0,2.0,0
2026_R03,COL,49.0,95.043,HARD,32.0,2.0,0
2026_R03,COL,50.0,95.074,HARD,33.0,2.0,0
2026_R03,COL,51.0,95.285,HARD,34.0,2.0,0
2026_R03,COL,52.0,94.784,HARD,35.0,2.0,0
2026_R03,COL,53.0,94.685,HARD,36.0,2.0,0
2026_R03,HAM,1.0,98.386,MEDIUM,1.0,1.0,0
2026_R03,HAM,2.0,95.496,MEDIUM,2.0,1.0,0
2026_R03,HAM,3.0,95.394,MEDIUM,3.0,1.0,0
2026_R03,HAM,4.0,95.805,MEDIUM,4.0,1.0,0
2026_R03,HAM,5.0,95.453,MEDIUM,5.0,1.0,0
2026_R03,HAM,6.0,95.172,MEDIUM,6.0,1.0,0
2026_R03,HAM,7.0,95.448,MEDIUM,7.0,1.0,0
2026_R03,HAM,8.0,95.565,MEDIUM,8.0,1.0,0
2026_R03,HAM,9.0,95.765,MEDIUM,9.0,1.0,0
2026_R03,HAM,10.0,95.166,MEDIUM,10.0,1.0,0
2026_R03,HAM,11.0,95.434,MEDIUM,11.0,1.0,0
2026_R03,HAM,12.0,95.161,MEDIUM,12.0,1.0,0
2026_R03,HAM,13.0,95.397,MEDIUM,13.0,1.0,0
2026_R03,HAM,14.0,95.283,MEDIUM,14.0,1.0,0
2026_R03,HAM,15.0,95.054,MEDIUM,15.0,1.0,0
2026_R03,HAM,16.0,95.355,MEDIUM,16.0,1.0,0
2026_R03,HAM,17.0,94.876,MEDIUM,17.0,1.0,0
2026_R03,HAM,18.0,94.959,MEDIUM,18.0,1.0,0
2026_R03,HAM,19.0,94.98,MEDIUM,19.0,1.0,0
2026_R03,HAM,20.0,95.168,MEDIUM,20.0,1.0,0
2026_R03,HAM,21.0,95.01,MEDIUM,21.0,1.0,0
2026_R03,HAM,22.0,116.919,MEDIUM,22.0,1.0,1
2026_R03,HAM,23.0,,HARD,1.0,2.0,0
2026_R03,HAM,24.0,147.559,HARD,2.0,2.0,0
2026_R03,HAM,25.0,,HARD,3.0,2.0,0
2026_R03,HAM,26.0,145.726,HARD,4.0,2.0,0
2026_R03,HAM,27.0,143.756,HARD,5.0,2.0,0
2026_R03,HAM,28.0,94.067,HARD,6.0,2.0,0
2026_R03,HAM,29.0,93.742,HARD,7.0,2.0,0
2026_R03,HAM,30.0,93.875,HARD,8.0,2.0,0
2026_R03,HAM,31.0,93.67,HARD,9.0,2.0,0
2026_R03,HAM,32.0,93.501,HARD,10.0,2.0,0
2026_R03,HAM,33.0,93.524,HARD,11.0,2.0,0
2026_R03,HAM,34.0,93.301,HARD,12.0,2.0,0
2026_R03,HAM,35.0,93.696,HARD,13.0,2.0,0
2026_R03,HAM,36.0,93.658,HARD,14.0,2.0,0
2026_R03,HAM,37.0,93.934,HARD,15.0,2.0,0
2026_R03,HAM,38.0,93.436,HARD,16.0,2.0,0
2026_R03,HAM,39.0,93.576,HARD,17.0,2.0,0
2026_R03,HAM,40.0,93.869,HARD,18.0,2.0,0
2026_R03,HAM,41.0,94.177,HARD,19.0,2.0,0
2026_R03,HAM,42.0,94.662,HARD,20.0,2.0,0
2026_R03,HAM,43.0,94.359,HARD,21.0,2.0,0
2026_R03,HAM,44.0,93.636,HARD,22.0,2.0,0
2026_R03,HAM,45.0,93.495,HARD,23.0,2.0,0
2026_R03,HAM,46.0,93.442,HARD,24.0,2.0,0
2026_R03,HAM,47.0,94.676,HARD,25.0,2.0,0
2026_R03,HAM,48.0,92.777,HARD,26.0,2.0,0
2026_R03,HAM,49.0,93.867,HARD,27.0,2.0,0
2026_R03,HAM,50.0,95.689,HARD,28.0,2.0,0
2026_R03,HAM,51.0,94.927,HARD,29.0,2.0,0
2026_R03,HAM,52.0,94.193,HARD,30.0,2.0,0
2026_R03,HAM,53.0,93.669,HARD,31.0,2.0,0
2026_R03,BOR,1.0,102.93,MEDIUM,1.0,1.0,0
2026_R03,BOR,2.0,97.158,MEDIUM,2.0,1.0,0
2026_R03,BOR,3.0,98.924,MEDIUM,3.0,1.0,0
2026_R03,BOR,4.0,97.014,MEDIUM,4.0,1.0,0
2026_R03,BOR,5.0,96.613,MEDIUM,5.0,1.0,0
2026_R03,BOR,6.0,96.651,MEDIUM,6.0,1.0,0
2026_R03,BOR,7.0,96.146,MEDIUM,7.0,1.0,0
2026_R03,BOR,8.0,96.613,MEDIUM,8.0,1.0,0
2026_R03,BOR,9.0,96.233,MEDIUM,9.0,1.0,0
2026_R03,BOR,10.0,96.263,MEDIUM,10.0,1.0,0
2026_R03,BOR,11.0,96.814,MEDIUM,11.0,1.0,0
2026_R03,BOR,12.0,96.742,MEDIUM,12.0,1.0,0
2026_R03,BOR,13.0,97.393,MEDIUM,13.0,1.0,0
2026_R03,BOR,14.0,96.882,MEDIUM,14.0,1.0,0
2026_R03,BOR,15.0,96.508,MEDIUM,15.0,1.0,0
2026_R03,BOR,16.0,97.257,MEDIUM,16.0,1.0,0
2026_R03,BOR,17.0,96.844,MEDIUM,17.0,1.0,0
2026_R03,BOR,18.0,96.582,MEDIUM,18.0,1.0,0
2026_R03,BOR,19.0,96.561,MEDIUM,19.0,1.0,0
2026_R03,BOR,20.0,96.022,MEDIUM,20.0,1.0,0
2026_R03,BOR,21.0,95.825,MEDIUM,21.0,1.0,0
2026_R03,BOR,22.0,126.395,MEDIUM,22.0,1.0,1
2026_R03,BOR,23.0,145.57,HARD,1.0,2.0,0
2026_R03,BOR,24.0,124.495,HARD,2.0,2.0,0
2026_R03,BOR,25.0,,HARD,3.0,2.0,0
2026_R03,BOR,26.0,147.016,HARD,4.0,2.0,0
2026_R03,BOR,27.0,137.481,HARD,5.0,2.0,0
2026_R03,BOR,28.0,96.907,HARD,6.0,2.0,0
2026_R03,BOR,29.0,96.612,HARD,7.0,2.0,0
2026_R03,BOR,30.0,95.524,HARD,8.0,2.0,0
2026_R03,BOR,31.0,95.18,HARD,9.0,2.0,0
2026_R03,BOR,32.0,94.993,HARD,10.0,2.0,0
2026_R03,BOR,33.0,94.891,HARD,11.0,2.0,0
2026_R03,BOR,34.0,95.093,HARD,12.0,2.0,0
2026_R03,BOR,35.0,95.767,HARD,13.0,2.0,0
2026_R03,BOR,36.0,95.476,HARD,14.0,2.0,0
2026_R03,BOR,37.0,95.043,HARD,15.0,2.0,0
2026_R03,BOR,38.0,95.887,HARD,16.0,2.0,0
2026_R03,BOR,39.0,94.641,HARD,17.0,2.0,0
2026_R03,BOR,40.0,94.164,HARD,18.0,2.0,0
2026_R03,BOR,41.0,94.664,HARD,19.0,2.0,0
2026_R03,BOR,42.0,95.021,HARD,20.0,2.0,0
2026_R03,BOR,43.0,95.143,HARD,21.0,2.0,0
2026_R03,BOR,44.0,95.013,HARD,22.0,2.0,0
2026_R03,BOR,45.0,94.894,HARD,23.0,2.0,0
2026_R03,BOR,46.0,94.786,HARD,24.0,2.0,0
2026_R03,BOR,47.0,94.722,HARD,25.0,2.0,0
2026_R03,BOR,48.0,94.278,HARD,26.0,2.0,0
2026_R03,BOR,49.0,95.055,HARD,27.0,2.0,0
2026_R03,BOR,50.0,94.586,HARD,28.0,2.0,0
2026_R03,BOR,51.0,94.33,HARD,29.0,2.0,0
2026_R03,BOR,52.0,95.002,HARD,30.0,2.0,0
2026_R03,BOR,53.0,95.123,HARD,31.0,2.0,0
2026_R03,SAI,1.0,103.908,MEDIUM,1.0,1.0,0
2026_R03,SAI,2.0,97.798,MEDIUM,2.0,1.0,0
2026_R03,SAI,3.0,97.881,MEDIUM,3.0,1.0,0
2026_R03,SAI,4.0,97.39,MEDIUM,4.0,1.0,0
2026_R03,SAI,5.0,96.72,MEDIUM,5.0,1.0,0
2026_R03,SAI,6.0,97.683,MEDIUM,6.0,1.0,0
2026_R03,SAI,7.0,97.362,MEDIUM,7.0,1.0,0
2026_R03,SAI,8.0,96.893,MEDIUM,8.0,1.0,0
2026_R03,SAI,9.0,96.848,MEDIUM,9.0,1.0,0
2026_R03,SAI,10.0,96.761,MEDIUM,10.0,1.0,0
2026_R03,SAI,11.0,96.489,MEDIUM,11.0,1.0,0
2026_R03,SAI,12.0,97.374,MEDIUM,12.0,1.0,0
2026_R03,SAI,13.0,96.893,MEDIUM,13.0,1.0,0
2026_R03,SAI,14.0,97.031,MEDIUM,14.0,1.0,0
2026_R03,SAI,15.0,97.747,MEDIUM,15.0,1.0,0
2026_R03,SAI,16.0,96.557,MEDIUM,16.0,1.0,0
2026_R03,SAI,17.0,96.914,MEDIUM,17.0,1.0,0
2026_R03,SAI,18.0,96.768,MEDIUM,18.0,1.0,0
2026_R03,SAI,19.0,96.593,MEDIUM,19.0,1.0,0
2026_R03,SAI,20.0,96.46,MEDIUM,20.0,1.0,0
2026_R03,SAI,21.0,96.49,MEDIUM,21.0,1.0,0
2026_R03,SAI,22.0,126.871,MEDIUM,22.0,1.0,1
2026_R03,SAI,23.0,146.337,HARD,1.0,2.0,0
2026_R03,SAI,24.0,122.885,HARD,2.0,2.0,0
2026_R03,SAI,25.0,,HARD,3.0,2.0,0
2026_R03,SAI,26.0,147.744,HARD,4.0,2.0,0
2026_R03,SAI,27.0,133.468,HARD,5.0,2.0,0
2026_R03,SAI,28.0,96.533,HARD,6.0,2.0,0
2026_R03,SAI,29.0,96.427,HARD,7.0,2.0,0
2026_R03,SAI,30.0,96.134,HARD,8.0,2.0,0
2026_R03,SAI,31.0,96.121,HARD,9.0,2.0,0
2026_R03,SAI,32.0,95.583,HARD,10.0,2.0,0
2026_R03,SAI,33.0,95.094,HARD,11.0,2.0,0
2026_R03,SAI,34.0,95.138,HARD,12.0,2.0,0
2026_R03,SAI,35.0,95.085,HARD,13.0,2.0,0
2026_R03,SAI,36.0,94.903,HARD,14.0,2.0,0
2026_R03,SAI,37.0,94.992,HARD,15.0,2.0,0
2026_R03,SAI,38.0,94.514,HARD,16.0,2.0,0
2026_R03,SAI,39.0,95.177,HARD,17.0,2.0,0
2026_R03,SAI,40.0,94.926,HARD,18.0,2.0,0
2026_R03,SAI,41.0,95.064,HARD,19.0,2.0,0
2026_R03,SAI,42.0,95.071,HARD,20.0,2.0,0
2026_R03,SAI,43.0,95.246,HARD,21.0,2.0,0
2026_R03,SAI,44.0,95.054,HARD,22.0,2.0,0
2026_R03,SAI,45.0,95.017,HARD,23.0,2.0,0
2026_R03,SAI,46.0,95.307,HARD,24.0,2.0,0
2026_R03,SAI,47.0,94.97,HARD,25.0,2.0,0
2026_R03,SAI,48.0,95.021,HARD,26.0,2.0,0
2026_R03,SAI,49.0,95.093,HARD,27.0,2.0,0
2026_R03,SAI,50.0,95.218,HARD,28.0,2.0,0
2026_R03,SAI,51.0,95.356,HARD,29.0,2.0,0
2026_R03,SAI,52.0,94.661,HARD,30.0,2.0,0
2026_R03,SAI,53.0,94.539,HARD,31.0,2.0,0
2026_R03,HAD,1.0,100.293,MEDIUM,1.0,1.0,0
2026_R03,HAD,2.0,98.261,MEDIUM,2.0,1.0,0
2026_R03,HAD,3.0,97.193,MEDIUM,3.0,1.0,0
2026_R03,HAD,4.0,96.017,MEDIUM,4.0,1.0,0
2026_R03,HAD,5.0,96.363,MEDIUM,5.0,1.0,0
2026_R03,HAD,6.0,97.105,MEDIUM,6.0,1.0,0
2026_R03,HAD,7.0,96.393,MEDIUM,7.0,1.0,0
2026_R03,HAD,8.0,96.203,MEDIUM,8.0,1.0,0
2026_R03,HAD,9.0,96.505,MEDIUM,9.0,1.0,0
2026_R03,HAD,10.0,96.234,MEDIUM,10.0,1.0,0
2026_R03,HAD,11.0,96.941,MEDIUM,11.0,1.0,0
2026_R03,HAD,12.0,98.692,MEDIUM,12.0,1.0,0
2026_R03,HAD,13.0,96.464,MEDIUM,13.0,1.0,0
2026_R03,HAD,14.0,96.672,MEDIUM,14.0,1.0,0
2026_R03,HAD,15.0,96.777,MEDIUM,15.0,1.0,0
2026_R03,HAD,16.0,97.204,MEDIUM,16.0,1.0,0
2026_R03,HAD,17.0,96.985,MEDIUM,17.0,1.0,0
2026_R03,HAD,18.0,96.294,MEDIUM,18.0,1.0,0
2026_R03,HAD,19.0,97.735,MEDIUM,19.0,1.0,1
2026_R03,HAD,20.0,115.961,HARD,1.0,2.0,0
2026_R03,HAD,21.0,99.933,HARD,2.0,2.0,0
2026_R03,HAD,22.0,125.71,HARD,3.0,2.0,0
2026_R03,HAD,23.0,127.64,HARD,4.0,2.0,0
2026_R03,HAD,24.0,124.942,HARD,5.0,2.0,0
2026_R03,HAD,25.0,,HARD,6.0,2.0,0
2026_R03,HAD,26.0,147.242,HARD,7.0,2.0,0
2026_R03,HAD,27.0,135.125,HARD,8.0,2.0,0
2026_R03,HAD,28.0,96.376,HARD,9.0,2.0,0
2026_R03,HAD,29.0,96.05,HARD,10.0,2.0,0
2026_R03,HAD,30.0,95.485,HARD,11.0,2.0,0
2026_R03,HAD,31.0,95.255,HARD,12.0,2.0,0
2026_R03,HAD,32.0,94.986,HARD,13.0,2.0,0
2026_R03,HAD,33.0,94.718,HARD,14.0,2.0,0
2026_R03,HAD,34.0,95.145,HARD,15.0,2.0,0
2026_R03,HAD,35.0,95.64,HARD,16.0,2.0,0
2026_R03,HAD,36.0,93.96,HARD,17.0,2.0,0
2026_R03,HAD,37.0,94.637,HARD,18.0,2.0,0
2026_R03,HAD,38.0,94.466,HARD,19.0,2.0,0
2026_R03,HAD,39.0,94.558,HARD,20.0,2.0,0
2026_R03,HAD,40.0,94.361,HARD,21.0,2.0,0
2026_R03,HAD,41.0,94.482,HARD,22.0,2.0,0
2026_R03,HAD,42.0,94.543,HARD,23.0,2.0,0
2026_R03,HAD,43.0,94.872,HARD,24.0,2.0,0
2026_R03,HAD,44.0,94.376,HARD,25.0,2.0,0
2026_R03,HAD,45.0,95.914,HARD,26.0,2.0,0
2026_R03,HAD,46.0,96.112,HARD,27.0,2.0,0
2026_R03,HAD,47.0,95.366,HARD,28.0,2.0,0
2026_R03,HAD,48.0,94.972,HARD,29.0,2.0,0
2026_R03,HAD,49.0,94.946,HARD,30.0,2.0,0
2026_R03,HAD,50.0,94.774,HARD,31.0,2.0,0
2026_R03,HAD,51.0,94.126,HARD,32.0,2.0,0
2026_R03,HAD,52.0,94.301,HARD,33.0,2.0,0
2026_R03,HAD,53.0,93.837,HARD,34.0,2.0,0
2026_R03,RUS,1.0,97.823,MEDIUM,1.0,1.0,0
2026_R03,RUS,2.0,94.87,MEDIUM,2.0,1.0,0
2026_R03,RUS,3.0,94.469,MEDIUM,3.0,1.0,0
2026_R03,RUS,4.0,94.772,MEDIUM,4.0,1.0,0
2026_R03,RUS,5.0,94.71,MEDIUM,5.0,1.0,0
2026_R03,RUS,6.0,94.796,MEDIUM,6.0,1.0,0
2026_R03,RUS,7.0,94.741,MEDIUM,7.0,1.0,0
2026_R03,RUS,8.0,95.043,MEDIUM,8.0,1.0,0
2026_R03,RUS,9.0,96.042,MEDIUM,9.0,1.0,0
2026_R03,RUS,10.0,94.936,MEDIUM,10.0,1.0,0
2026_R03,RUS,11.0,95.332,MEDIUM,11.0,1.0,0
2026_R03,RUS,12.0,95.078,MEDIUM,12.0,1.0,0
2026_R03,RUS,13.0,95.249,MEDIUM,13.0,1.0,0
2026_R03,RUS,14.0,95.101,MEDIUM,14.0,1.0,0
2026_R03,RUS,15.0,95.148,MEDIUM,15.0,1.0,0
2026_R03,RUS,16.0,95.253,MEDIUM,16.0,1.0,0
2026_R03,RUS,17.0,95.033,MEDIUM,17.0,1.0,0
2026_R03,RUS,18.0,94.788,MEDIUM,18.0,1.0,0
2026_R03,RUS,19.0,94.987,MEDIUM,19.0,1.0,0
2026_R03,RUS,20.0,94.523,MEDIUM,20.0,1.0,0
2026_R03,RUS,21.0,96.505,MEDIUM,21.0,1.0,1
2026_R03,RUS,22.0,139.263,HARD,1.0,2.0,0
2026_R03,RUS,23.0,138.104,HARD,2.0,2.0,0
2026_R03,RUS,24.0,149.072,HARD,3.0,2.0,0
2026_R03,RUS,25.0,,HARD,4.0,2.0,0
2026_R03,RUS,26.0,144.757,HARD,5.0,2.0,0
2026_R03,RUS,27.0,145.74,HARD,6.0,2.0,0
2026_R03,RUS,28.0,95.242,HARD,7.0,2.0,0
2026_R03,RUS,29.0,93.717,HARD,8.0,2.0,0
2026_R03,RUS,30.0,93.612,HARD,9.0,2.0,0
2026_R03,RUS,31.0,93.905,HARD,10.0,2.0,0
2026_R03,RUS,32.0,93.405,HARD,11.0,2.0,0
2026_R03,RUS,33.0,93.5,HARD,12.0,2.0,0
2026_R03,RUS,34.0,93.485,HARD,13.0,2.0,0
2026_R03,RUS,35.0,93.336,HARD,14.0,2.0,0
2026_R03,RUS,36.0,93.673,HARD,15.0,2.0,0
2026_R03,RUS,37.0,94.808,HARD,16.0,2.0,0
2026_R03,RUS,38.0,93.527,HARD,17.0,2.0,0
2026_R03,RUS,39.0,93.454,HARD,18.0,2.0,0
2026_R03,RUS,40.0,93.661,HARD,19.0,2.0,0
2026_R03,RUS,41.0,94.191,HARD,20.0,2.0,0
2026_R03,RUS,42.0,94.031,HARD,21.0,2.0,0
2026_R03,RUS,43.0,92.897,HARD,22.0,2.0,0
2026_R03,RUS,44.0,93.053,HARD,23.0,2.0,0
2026_R03,RUS,45.0,93.274,HARD,24.0,2.0,0
2026_R03,RUS,46.0,93.146,HARD,25.0,2.0,0
2026_R03,RUS,47.0,93.176,HARD,26.0,2.0,0
2026_R03,RUS,48.0,93.046,HARD,27.0,2.0,0
2026_R03,RUS,49.0,93.354,HARD,28.0,2.0,0
2026_R03,RUS,50.0,93.217,HARD,29.0,2.0,0
2026_R03,RUS,51.0,94.088,HARD,30.0,2.0,0
2026_R03,RUS,52.0,93.11,HARD,31.0,2.0,0
2026_R03,RUS,53.0,92.549,HARD,32.0,2.0,0
2026_R03,BOT,1.0,107.837,HARD,1.0,1.0,0
2026_R03,BOT,2.0,99.358,HARD,2.0,1.0,0
2026_R03,BOT,3.0,98.311,HARD,3.0,1.0,0
2026_R03,BOT,4.0,98.484,HARD,4.0,1.0,0
2026_R03,BOT,5.0,98.495,HARD,5.0,1.0,0
2026_R03,BOT,6.0,98.627,HARD,6.0,1.0,0
2026_R03,BOT,7.0,98.485,HARD,7.0,1.0,0
2026_R03,BOT,8.0,98.658,HARD,8.0,1.0,0
2026_R03,BOT,9.0,98.823,HARD,9.0,1.0,0
2026_R03,BOT,10.0,98.835,HARD,10.0,1.0,0
2026_R03,BOT,11.0,98.869,HARD,11.0,1.0,0
2026_R03,BOT,12.0,99.272,HARD,12.0,1.0,0
2026_R03,BOT,13.0,98.714,HARD,13.0,1.0,0
2026_R03,BOT,14.0,99.447,HARD,14.0,1.0,0
2026_R03,BOT,15.0,98.951,HARD,15.0,1.0,0
2026_R03,BOT,16.0,98.42,HARD,16.0,1.0,0
2026_R03,BOT,17.0,99.127,HARD,17.0,1.0,0
2026_R03,BOT,18.0,102.013,HARD,18.0,1.0,0
2026_R03,BOT,19.0,101.943,HARD,19.0,1.0,1
2026_R03,BOT,20.0,120.289,MEDIUM,1.0,2.0,0
2026_R03,BOT,21.0,119.977,MEDIUM,2.0,2.0,0
2026_R03,BOT,22.0,140.358,MEDIUM,3.0,2.0,0
2026_R03,BOT,23.0,149.827,MEDIUM,4.0,2.0,0
2026_R03,BOT,24.0,,MEDIUM,5.0,2.0,0
2026_R03,BOT,25.0,116.396,MEDIUM,6.0,2.0,0
2026_R03,BOT,26.0,99.379,MEDIUM,7.0,2.0,0
2026_R03,BOT,27.0,98.153,MEDIUM,8.0,2.0,0
2026_R03,BOT,28.0,97.163,MEDIUM,9.0,2.0,0
2026_R03,BOT,29.0,97.203,MEDIUM,10.0,2.0,0
2026_R03,BOT,30.0,97.369,MEDIUM,11.0,2.0,0
2026_R03,BOT,31.0,97.112,MEDIUM,12.0,2.0,0
2026_R03,BOT,32.0,97.142,MEDIUM,13.0,2.0,0
2026_R03,BOT,33.0,97.072,MEDIUM,14.0,2.0,0
2026_R03,BOT,34.0,97.059,MEDIUM,15.0,2.0,0
2026_R03,BOT,35.0,97.169,MEDIUM,16.0,2.0,0
2026_R03,BOT,36.0,97.19,MEDIUM,17.0,2.0,0
2026_R03,BOT,37.0,96.878,MEDIUM,18.0,2.0,0
2026_R03,BOT,38.0,96.853,MEDIUM,19.0,2.0,0
2026_R03,BOT,39.0,96.92,MEDIUM,20.0,2.0,0
2026_R03,BOT,40.0,96.919,MEDIUM,21.0,2.0,0
2026_R03,BOT,41.0,96.737,MEDIUM,22.0,2.0,0
2026_R03,BOT,42.0,96.631,MEDIUM,23.0,2.0,0
2026_R03,BOT,43.0,96.859,MEDIUM,24.0,2.0,0
2026_R03,BOT,44.0,96.847,MEDIUM,25.0,2.0,0
2026_R03,BOT,45.0,98.889,MEDIUM,26.0,2.0,0
2026_R03,BOT,46.0,96.821,MEDIUM,27.0,2.0,0
2026_R03,BOT,47.0,106.651,MEDIUM,28.0,2.0,0
2026_R03,BOT,48.0,97.066,MEDIUM,29.0,2.0,0
2026_R03,BOT,49.0,99.218,MEDIUM,30.0,2.0,0
2026_R03,BOT,50.0,96.806,MEDIUM,31.0,2.0,0
2026_R03,BOT,51.0,97.217,MEDIUM,32.0,2.0,0
2026_R03,BOT,52.0,96.269,MEDIUM,33.0,2.0,0
2026_R03,PIA,1.0,95.268,MEDIUM,1.0,1.0,0
2026_R03,PIA,2.0,94.949,MEDIUM,2.0,1.0,0
2026_R03,PIA,3.0,94.999,MEDIUM,3.0,1.0,0
2026_R03,PIA,4.0,95.136,MEDIUM,4.0,1.0,0
2026_R03,PIA,5.0,95.124,MEDIUM,5.0,1.0,0
2026_R03,PIA,6.0,95.109,MEDIUM,6.0,1.0,0
2026_R03,PIA,7.0,95.078,MEDIUM,7.0,1.0,0
2026_R03,PIA,8.0,95.815,MEDIUM,8.0,1.0,0
2026_R03,PIA,9.0,94.793,MEDIUM,9.0,1.0,0
2026_R03,PIA,10.0,95.111,MEDIUM,10.0,1.0,0
2026_R03,PIA,11.0,95.419,MEDIUM,11.0,1.0,0
2026_R03,PIA,12.0,95.108,MEDIUM,12.0,1.0,0
2026_R03,PIA,13.0,94.856,MEDIUM,13.0,1.0,0
2026_R03,PIA,14.0,95.095,MEDIUM,14.0,1.0,0
2026_R03,PIA,15.0,94.905,MEDIUM,15.0,1.0,0
2026_R03,PIA,16.0,94.885,MEDIUM,16.0,1.0,0
2026_R03,PIA,17.0,94.916,MEDIUM,17.0,1.0,0
2026_R03,PIA,18.0,97.327,MEDIUM,18.0,1.0,1
2026_R03,PIA,19.0,114.537,HARD,1.0,2.0,0
2026_R03,PIA,20.0,94.774,HARD,2.0,2.0,0
2026_R03,PIA,21.0,94.01,HARD,3.0,2.0,0
2026_R03,PIA,22.0,118.972,HARD,4.0,2.0,0
2026_R03,PIA,23.0,138.911,HARD,5.0,2.0,0
2026_R03,PIA,24.0,149.294,HARD,6.0,2.0,0
2026_R03,PIA,25.0,,HARD,7.0,2.0,0
2026_R03,PIA,26.0,145.382,HARD,8.0,2.0,0
2026_R03,PIA,27.0,146.074,HARD,9.0,2.0,0
2026_R03,PIA,28.0,94.314,HARD,10.0,2.0,0
2026_R03,PIA,29.0,93.667,HARD,11.0,2.0,0
2026_R03,PIA,30.0,93.699,HARD,12.0,2.0,0
2026_R03,PIA,31.0,93.41,HARD,13.0,2.0,0
2026_R03,PIA,32.0,93.605,HARD,14.0,2.0,0
2026_R03,PIA,33.0,93.484,HARD,15.0,2.0,0
2026_R03,PIA,34.0,93.401,HARD,16.0,2.0,0
2026_R03,PIA,35.0,93.509,HARD,17.0,2.0,0
2026_R03,PIA,36.0,93.411,HARD,18.0,2.0,0
2026_R03,PIA,37.0,93.708,HARD,19.0,2.0,0
2026_R03,PIA,38.0,93.712,HARD,20.0,2.0,0
2026_R03,PIA,39.0,93.467,HARD,21.0,2.0,0
2026_R03,PIA,40.0,93.469,HARD,22.0,2.0,0
2026_R03,PIA,41.0,93.764,HARD,23.0,2.0,0
2026_R03,PIA,42.0,93.513,HARD,24.0,2.0,0
2026_R03,PIA,43.0,93.518,HARD,25.0,2.0,0
2026_R03,PIA,44.0,93.431,HARD,26.0,2.0,0
2026_R03,PIA,45.0,93.523,HARD,27.0,2.0,0
2026_R03,PIA,46.0,93.329,HARD,28.0,2.0,0
2026_R03,PIA,47.0,93.197,HARD,29.0,2.0,0
2026_R03,PIA,48.0,93.371,HARD,30.0,2.0,0
2026_R03,PIA,49.0,92.996,HARD,31.0,2.0,0
2026_R03,PIA,50.0,93.266,HARD,32.0,2.0,0
2026_R03,PIA,51.0,93.826,HARD,33.0,2.0,0
2026_R03,PIA,52.0,93.012,HARD,34.0,2.0,0
2026_R03,PIA,53.0,93.294,HARD,35.0,2.0,0
2026_R03,BEA,1.0,104.406,MEDIUM,1.0,1.0,0
2026_R03,BEA,2.0,96.402,MEDIUM,2.0,1.0,0
2026_R03,BEA,3.0,97.62,MEDIUM,3.0,1.0,0
2026_R03,BEA,4.0,96.663,MEDIUM,4.0,1.0,0
2026_R03,BEA,5.0,96.847,MEDIUM,5.0,1.0,0
2026_R03,BEA,6.0,96.914,MEDIUM,6.0,1.0,0
2026_R03,BEA,7.0,97.42,MEDIUM,7.0,1.0,0
2026_R03,BEA,8.0,96.291,MEDIUM,8.0,1.0,0
2026_R03,BEA,9.0,96.294,MEDIUM,9.0,1.0,0
2026_R03,BEA,10.0,96.764,MEDIUM,10.0,1.0,0
2026_R03,BEA,11.0,97.79,MEDIUM,11.0,1.0,0
2026_R03,BEA,12.0,97.128,MEDIUM,12.0,1.0,0
2026_R03,BEA,13.0,96.764,MEDIUM,13.0,1.0,0
2026_R03,BEA,14.0,96.645,MEDIUM,14.0,1.0,0
2026_R03,BEA,15.0,96.624,MEDIUM,15.0,1.0,0
2026_R03,BEA,16.0,98.787,MEDIUM,16.0,1.0,1
2026_R03,BEA,17.0,117.448,HARD,1.0,2.0,0
2026_R03,BEA,18.0,96.054,HARD,2.0,2.0,0
2026_R03,BEA,19.0,95.905,HARD,3.0,2.0,0
2026_R03,BEA,20.0,95.604,HARD,4.0,2.0,0
2026_R03,BEA,21.0,,HARD,5.0,2.0,0
2026_R04,NOR,1.0,98.115,MEDIUM,1.0,1.0,0
2026_R04,NOR,2.0,92.77,MEDIUM,2.0,1.0,0
2026_R04,NOR,3.0,93.263,MEDIUM,3.0,1.0,0
2026_R04,NOR,4.0,93.814,MEDIUM,4.0,1.0,0
2026_R04,NOR,5.0,93.842,MEDIUM,5.0,1.0,0
2026_R04,NOR,6.0,130.35,MEDIUM,6.0,1.0,0
2026_R04,NOR,7.0,137.842,MEDIUM,7.0,1.0,0
2026_R04,NOR,8.0,142.399,MEDIUM,8.0,1.0,0
2026_R04,NOR,9.0,147.626,MEDIUM,9.0,1.0,0
2026_R04,NOR,10.0,139.119,MEDIUM,10.0,1.0,0
2026_R04,NOR,11.0,,MEDIUM,11.0,1.0,0
2026_R04,NOR,12.0,92.556,MEDIUM,12.0,1.0,0
2026_R04,NOR,13.0,92.894,MEDIUM,13.0,1.0,0
2026_R04,NOR,14.0,92.794,MEDIUM,14.0,1.0,0
2026_R04,NOR,15.0,92.987,MEDIUM,15.0,1.0,0
2026_R04,NOR,16.0,92.87,MEDIUM,16.0,1.0,0
2026_R04,NOR,17.0,93.094,MEDIUM,17.0,1.0,0
2026_R04,NOR,18.0,93.04,MEDIUM,18.0,1.0,0
2026_R04,NOR,19.0,93.008,MEDIUM,19.0,1.0,0
2026_R04,NOR,20.0,93.193,MEDIUM,20.0,1.0,0
2026_R04,NOR,21.0,92.881,MEDIUM,21.0,1.0,0
2026_R04,NOR,22.0,93.048,MEDIUM,22.0,1.0,0
2026_R04,NOR,23.0,93.098,MEDIUM,23.0,1.0,0
2026_R04,NOR,24.0,93.093,MEDIUM,24.0,1.0,0
2026_R04,NOR,25.0,93.384,MEDIUM,25.0,1.0,0
2026_R04,NOR,26.0,93.059,MEDIUM,26.0,1.0,0
2026_R04,NOR,27.0,98.504,MEDIUM,27.0,1.0,1
2026_R04,NOR,28.0,107.153,HARD,1.0,2.0,0
2026_R04,NOR,29.0,93.451,HARD,2.0,2.0,0
2026_R04,NOR,30.0,92.247,HARD,3.0,2.0,0
2026_R04,NOR,31.0,92.069,HARD,4.0,2.0,0
2026_R04,NOR,32.0,92.155,HARD,5.0,2.0,0
2026_R04,NOR,33.0,91.991,HARD,6.0,2.0,0
2026_R04,NOR,34.0,92.32,HARD,7.0,2.0,0
2026_R04,NOR,35.0,91.869,HARD,8.0,2.0,0
2026_R04,NOR,36.0,92.326,HARD,9.0,2.0,0
2026_R04,NOR,37.0,92.391,HARD,10.0,2.0,0
2026_R04,NOR,38.0,92.383,HARD,11.0,2.0,0
2026_R04,NOR,39.0,92.657,HARD,12.0,2.0,0
2026_R04,NOR,40.0,92.64,HARD,13.0,2.0,0
2026_R04,NOR,41.0,92.676,HARD,14.0,2.0,0
2026_R04,NOR,42.0,92.662,HARD,15.0,2.0,0
2026_R04,NOR,43.0,92.491,HARD,16.0,2.0,0
2026_R04,NOR,44.0,92.591,HARD,17.0,2.0,0
2026_R04,NOR,45.0,92.469,HARD,18.0,2.0,0
2026_R04,NOR,46.0,92.715,HARD,19.0,2.0,0
2026_R04,NOR,47.0,92.235,HARD,20.0,2.0,0
2026_R04,NOR,48.0,92.398,HARD,21.0,2.0,0
2026_R04,NOR,49.0,92.269,HARD,22.0,2.0,0
2026_R04,NOR,50.0,92.428,HARD,23.0,2.0,0
2026_R04,NOR,51.0,92.394,HARD,24.0,2.0,0
2026_R04,NOR,52.0,92.464,HARD,25.0,2.0,0
2026_R04,NOR,53.0,92.738,HARD,26.0,2.0,0
2026_R04,NOR,54.0,92.038,HARD,27.0,2.0,0
2026_R04,NOR,55.0,92.493,HARD,28.0,2.0,0
2026_R04,NOR,56.0,92.849,HARD,29.0,2.0,0
2026_R04,NOR,57.0,93.474,HARD,30.0,2.0,0
2026_R04,GAS,1.0,105.243,MEDIUM,1.0,1.0,0
2026_R04,GAS,2.0,95.576,MEDIUM,2.0,1.0,0
2026_R04,GAS,3.0,95.046,MEDIUM,3.0,1.0,0
2026_R04,GAS,4.0,94.856,MEDIUM,4.0,1.0,0
2026_R04,GAS,5.0,,MEDIUM,5.0,1.0,0
2026_R04,PER,1.0,107.924,MEDIUM,1.0,1.0,0
2026_R04,PER,2.0,96.783,MEDIUM,2.0,1.0,0
2026_R04,PER,3.0,97.009,MEDIUM,3.0,1.0,0
2026_R04,PER,4.0,96.307,MEDIUM,4.0,1.0,0
2026_R04,PER,5.0,96.828,MEDIUM,5.0,1.0,0
2026_R04,PER,6.0,134.677,MEDIUM,6.0,1.0,0
2026_R04,PER,7.0,128.893,MEDIUM,7.0,1.0,0
2026_R04,PER,8.0,141.449,MEDIUM,8.0,1.0,0
2026_R04,PER,9.0,143.123,MEDIUM,9.0,1.0,0
2026_R04,PER,10.0,140.172,MEDIUM,10.0,1.0,0
2026_R04,PER,11.0,142.406,MEDIUM,11.0,1.0,0
2026_R04,PER,12.0,96.951,MEDIUM,12.0,1.0,0
2026_R04,PER,13.0,96.605,MEDIUM,13.0,1.0,0
2026_R04,PER,14.0,96.571,MEDIUM,14.0,1.0,0
2026_R04,PER,15.0,96.214,MEDIUM,15.0,1.0,0
2026_R04,PER,16.0,96.404,MEDIUM,16.0,1.0,0
2026_R04,PER,17.0,96.436,MEDIUM,17.0,1.0,0
2026_R04,PER,18.0,96.558,MEDIUM,18.0,1.0,0
2026_R04,PER,19.0,96.405,MEDIUM,19.0,1.0,0
2026_R04,PER,20.0,96.498,MEDIUM,20.0,1.0,0
2026_R04,PER,21.0,96.52,MEDIUM,21.0,1.0,0
2026_R04,PER,22.0,96.255,MEDIUM,22.0,1.0,0
2026_R04,PER,23.0,96.617,MEDIUM,23.0,1.0,0
2026_R04,PER,24.0,96.353,MEDIUM,24.0,1.0,0
2026_R04,PER,25.0,96.732,MEDIUM,25.0,1.0,0
2026_R04,PER,26.0,96.278,MEDIUM,26.0,1.0,0
2026_R04,PER,27.0,96.385,MEDIUM,27.0,1.0,0
2026_R04,PER,28.0,96.919,MEDIUM,28.0,1.0,0
2026_R04,PER,29.0,102.282,MEDIUM,29.0,1.0,1
2026_R04,PER,30.0,109.853,HARD,1.0,2.0,0
2026_R04,PER,31.0,94.895,HARD,2.0,2.0,0
2026_R04,PER,32.0,95.379,HARD,3.0,2.0,0
2026_R04,PER,33.0,95.011,HARD,4.0,2.0,0
2026_R04,PER,34.0,95.312,HARD,5.0,2.0,0
2026_R04,PER,35.0,95.648,HARD,6.0,2.0,0
2026_R04,PER,36.0,97.862,HARD,7.0,2.0,0
2026_R04,PER,37.0,95.733,HARD,8.0,2.0,0
2026_R04,PER,38.0,95.539,HARD,9.0,2.0,0
2026_R04,PER,39.0,95.829,HARD,10.0,2.0,0
2026_R04,PER,40.0,97.17,HARD,11.0,2.0,0
2026_R04,PER,41.0,97.35,HARD,12.0,2.0,0
2026_R04,PER,42.0,96.678,HARD,13.0,2.0,0
2026_R04,PER,43.0,97.179,HARD,14.0,2.0,0
2026_R04,PER,44.0,95.557,HARD,15.0,2.0,0
2026_R04,PER,45.0,96.376,HARD,16.0,2.0,0
2026_R04,PER,46.0,96.409,HARD,17.0,2.0,0
2026_R04,PER,47.0,96.892,HARD,18.0,2.0,0
2026_R04,PER,48.0,96.634,HARD,19.0,2.0,0
2026_R04,PER,49.0,96.887,HARD,20.0,2.0,0
2026_R04,PER,50.0,96.556,HARD,21.0,2.0,0
2026_R04,PER,51.0,96.311,HARD,22.0,2.0,0
2026_R04,PER,52.0,95.814,HARD,23.0,2.0,0
2026_R04,PER,53.0,95.356,HARD,24.0,2.0,0
2026_R04,PER,54.0,95.502,HARD,25.0,2.0,0
2026_R04,PER,55.0,95.25,HARD,26.0,2.0,0
2026_R04,PER,56.0,95.25,HARD,27.0,2.0,0
2026_R04,ANT,1.0,97.243,MEDIUM,1.0,1.0,0
2026_R04,ANT,2.0,92.936,MEDIUM,2.0,1.0,0
2026_R04,ANT,3.0,93.224,MEDIUM,3.0,1.0,0
2026_R04,ANT,4.0,93.586,MEDIUM,4.0,1.0,0
2026_R04,ANT,5.0,94.602,MEDIUM,5.0,1.0,0
2026_R04,ANT,6.0,132.093,MEDIUM,6.0,1.0,0
2026_R04,ANT,7.0,137.101,MEDIUM,7.0,1.0,0
2026_R04,ANT,8.0,142.628,MEDIUM,8.0,1.0,0
2026_R04,ANT,9.0,148.02,MEDIUM,9.0,1.0,0
2026_R04,ANT,10.0,138.771,MEDIUM,10.0,1.0,0
2026_R04,ANT,11.0,,MEDIUM,11.0,1.0,0
2026_R04,ANT,12.0,93.043,MEDIUM,12.0,1.0,0
2026_R04,ANT,13.0,93.07,MEDIUM,13.0,1.0,0
2026_R04,ANT,14.0,93.314,MEDIUM,14.0,1.0,0
2026_R04,ANT,15.0,93.18,MEDIUM,15.0,1.0,0
2026_R04,ANT,16.0,93.658,MEDIUM,16.0,1.0,0
2026_R04,ANT,17.0,93.053,MEDIUM,17.0,1.0,0
2026_R04,ANT,18.0,93.244,MEDIUM,18.0,1.0,0
2026_R04,ANT,19.0,93.345,MEDIUM,19.0,1.0,0
2026_R04,ANT,20.0,93.011,MEDIUM,20.0,1.0,0
2026_R04,ANT,21.0,93.149,MEDIUM,21.0,1.0,0
2026_R04,ANT,22.0,92.779,MEDIUM,22.0,1.0,0
2026_R04,ANT,23.0,92.994,MEDIUM,23.0,1.0,0
2026_R04,ANT,24.0,92.802,MEDIUM,24.0,1.0,0
2026_R04,ANT,25.0,93.068,MEDIUM,25.0,1.0,0
2026_R04,ANT,26.0,97.884,MEDIUM,26.0,1.0,1
2026_R04,ANT,27.0,105.601,HARD,1.0,2.0,0
2026_R04,ANT,28.0,92.914,HARD,2.0,2.0,0
2026_R04,ANT,29.0,92.331,HARD,3.0,2.0,0
2026_R04,ANT,30.0,92.21,HARD,4.0,2.0,0
2026_R04,ANT,31.0,92.258,HARD,5.0,2.0,0
2026_R04,ANT,32.0,92.046,HARD,6.0,2.0,0
2026_R04,ANT,33.0,92.113,HARD,7.0,2.0,0
2026_R04,ANT,34.0,91.968,HARD,8.0,2.0,0
2026_R04,ANT,35.0,92.487,HARD,9.0,2.0,0
2026_R04,ANT,36.0,92.354,HARD,10.0,2.0,0
2026_R04,ANT,37.0,92.483,HARD,11.0,2.0,0
2026_R04,ANT,38.0,92.423,HARD,12.0,2.0,0
2026_R04,ANT,39.0,92.382,HARD,13.0,2.0,0
2026_R04,ANT,40.0,92.878,HARD,14.0,2.0,0
2026_R04,ANT,41.0,92.331,HARD,15.0,2.0,0
2026_R04,ANT,42.0,92.496,HARD,16.0,2.0,0
2026_R04,ANT,43.0,92.186,HARD,17.0,2.0,0
2026_R04,ANT,44.0,92.211,HARD,18.0,2.0,0
2026_R04,ANT,45.0,92.399,HARD,19.0,2.0,0
2026_R04,ANT,46.0,92.531,HARD,20.0,2.0,0
2026_R04,ANT,47.0,92.782,HARD,21.0,2.0,0
2026_R04,ANT,48.0,92.377,HARD,22.0,2.0,0
2026_R04,ANT,49.0,92.243,HARD,23.0,2.0,0
2026_R04,ANT,50.0,92.097,HARD,24.0,2.0,0
2026_R04,ANT,51.0,92.418,HARD,25.0,2.0,0
2026_R04,ANT,52.0,92.427,HARD,26.0,2.0,0
2026_R04,ANT,53.0,92.354,HARD,27.0,2.0,0
2026_R04,ANT,54.0,91.986,HARD,28.0,2.0,0
2026_R04,ANT,55.0,92.347,HARD,29.0,2.0,0
2026_R04,ANT,56.0,92.586,HARD,30.0,2.0,0
2026_R04,ANT,57.0,93.092,HARD,31.0,2.0,0
2026_R04,ALO,1.0,109.952,MEDIUM,1.0,1.0,0
2026_R04,ALO,2.0,96.627,MEDIUM,2.0,1.0,0
2026_R04,ALO,3.0,96.505,MEDIUM,3.0,1.0,0
2026_R04,ALO,4.0,96.45,MEDIUM,4.0,1.0,0
2026_R04,ALO,5.0,100.142,MEDIUM,5.0,1.0,0
2026_R04,ALO,6.0,135.182,MEDIUM,6.0,1.0,0
2026_R04,ALO,7.0,129.956,MEDIUM,7.0,1.0,0
2026_R04,ALO,8.0,142.381,MEDIUM,8.0,1.0,0
2026_R04,ALO,9.0,142.229,MEDIUM,9.0,1.0,0
2026_R04,ALO,10.0,140.195,MEDIUM,10.0,1.0,0
2026_R04,ALO,11.0,137.815,MEDIUM,11.0,1.0,0
2026_R04,ALO,12.0,96.8,MEDIUM,12.0,1.0,0
2026_R04,ALO,13.0,96.349,MEDIUM,13.0,1.0,0
2026_R04,ALO,14.0,96.482,MEDIUM,14.0,1.0,0
2026_R04,ALO,15.0,97.635,MEDIUM,15.0,1.0,0
2026_R04,ALO,16.0,96.143,MEDIUM,16.0,1.0,0
2026_R04,ALO,17.0,96.453,MEDIUM,17.0,1.0,0
2026_R04,ALO,18.0,96.939,MEDIUM,18.0,1.0,0
2026_R04,ALO,19.0,96.836,MEDIUM,19.0,1.0,0
2026_R04,ALO,20.0,96.221,MEDIUM,20.0,1.0,0
2026_R04,ALO,21.0,96.561,MEDIUM,21.0,1.0,0
2026_R04,ALO,22.0,96.294,MEDIUM,22.0,1.0,0
2026_R04,ALO,23.0,96.386,MEDIUM,23.0,1.0,0
2026_R04,ALO,24.0,96.666,MEDIUM,24.0,1.0,0
2026_R04,ALO,25.0,96.477,MEDIUM,25.0,1.0,0
2026_R04,ALO,26.0,96.269,MEDIUM,26.0,1.0,0
2026_R04,ALO,27.0,96.071,MEDIUM,27.0,1.0,0
2026_R04,ALO,28.0,95.985,MEDIUM,28.0,1.0,0
2026_R04,ALO,29.0,96.08,MEDIUM,29.0,1.0,0
2026_R04,ALO,30.0,96.191,MEDIUM,30.0,1.0,0
2026_R04,ALO,31.0,96.39,MEDIUM,31.0,1.0,0
2026_R04,ALO,32.0,96.335,MEDIUM,32.0,1.0,0
2026_R04,ALO,33.0,96.708,MEDIUM,33.0,1.0,0
2026_R04,ALO,34.0,95.644,MEDIUM,34.0,1.0,0
2026_R04,ALO,35.0,96.543,MEDIUM,35.0,1.0,0
2026_R04,ALO,36.0,96.451,MEDIUM,36.0,1.0,0
2026_R04,ALO,37.0,96.558,MEDIUM,37.0,1.0,0
2026_R04,ALO,38.0,96.87,MEDIUM,38.0,1.0,0
2026_R04,ALO,39.0,96.394,MEDIUM,39.0,1.0,0
2026_R04,ALO,40.0,97.717,MEDIUM,40.0,1.0,0
2026_R04,ALO,41.0,101.789,MEDIUM,41.0,1.0,1
2026_R04,ALO,42.0,109.347,SOFT,1.0,2.0,0
2026_R04,ALO,43.0,95.55,SOFT,2.0,2.0,0
2026_R04,ALO,44.0,93.512,SOFT,3.0,2.0,0
2026_R04,ALO,45.0,94.594,SOFT,4.0,2.0,0
2026_R04,ALO,46.0,96.389,SOFT,5.0,2.0,0
2026_R04,ALO,47.0,96.191,SOFT,6.0,2.0,0
2026_R04,ALO,48.0,96.765,SOFT,7.0,2.0,0
2026_R04,ALO,49.0,97.677,SOFT,8.0,2.0,0
2026_R04,ALO,50.0,96.116,SOFT,9.0,2.0,0
2026_R04,ALO,51.0,95.159,SOFT,10.0,2.0,0
2026_R04,ALO,52.0,95.091,SOFT,11.0,2.0,0
2026_R04,ALO,53.0,95.015,SOFT,12.0,2.0,0
2026_R04,ALO,54.0,94.97,SOFT,13.0,2.0,0
2026_R04,ALO,55.0,94.944,SOFT,14.0,2.0,0
2026_R04,ALO,56.0,95.246,SOFT,15.0,2.0,0
2026_R04,LEC,1.0,96.094,MEDIUM,1.0,1.0,0
2026_R04,LEC,2.0,93.036,MEDIUM,2.0,1.0,0
2026_R04,LEC,3.0,93.357,MEDIUM,3.0,1.0,0
2026_R04,LEC,4.0,94.73,MEDIUM,4.0,1.0,0
2026_R04,LEC,5.0,93.697,MEDIUM,5.0,1.0,0
2026_R04,LEC,6.0,129.463,MEDIUM,6.0,1.0,0
2026_R04,LEC,7.0,138.014,MEDIUM,7.0,1.0,0
2026_R04,LEC,8.0,142.808,MEDIUM,8.0,1.0,0
2026_R04,LEC,9.0,147.484,MEDIUM,9.0,1.0,0
2026_R04,LEC,10.0,138.762,MEDIUM,10.0,1.0,0
2026_R04,LEC,11.0,,MEDIUM,11.0,1.0,0
2026_R04,LEC,12.0,92.878,MEDIUM,12.0,1.0,0
2026_R04,LEC,13.0,94.381,MEDIUM,13.0,1.0,0
2026_R04,LEC,14.0,93.744,MEDIUM,14.0,1.0,0
2026_R04,LEC,15.0,93.56,MEDIUM,15.0,1.0,0
2026_R04,LEC,16.0,93.536,MEDIUM,16.0,1.0,0
2026_R04,LEC,17.0,95.457,MEDIUM,17.0,1.0,0
2026_R04,LEC,18.0,93.692,MEDIUM,18.0,1.0,0
2026_R04,LEC,19.0,93.539,MEDIUM,19.0,1.0,0
2026_R04,LEC,20.0,93.689,MEDIUM,20.0,1.0,0
2026_R04,LEC,21.0,98.504,MEDIUM,21.0,1.0,1
2026_R04,LEC,22.0,108.975,HARD,1.0,2.0,0
2026_R04,LEC,23.0,93.886,HARD,2.0,2.0,0
2026_R04,LEC,24.0,93.588,HARD,3.0,2.0,0
2026_R04,LEC,25.0,92.986,HARD,4.0,2.0,0
2026_R04,LEC,26.0,93.905,HARD,5.0,2.0,0
2026_R04,LEC,27.0,92.922,HARD,6.0,2.0,0
2026_R04,LEC,28.0,92.652,HARD,7.0,2.0,0
2026_R04,LEC,29.0,92.786,HARD,8.0,2.0,0
2026_R04,LEC,30.0,93.416,HARD,9.0,2.0,0
2026_R04,LEC,31.0,92.945,HARD,10.0,2.0,0
2026_R04,LEC,32.0,92.995,HARD,11.0,2.0,0
2026_R04,LEC,33.0,93.075,HARD,12.0,2.0,0
2026_R04,LEC,34.0,92.971,HARD,13.0,2.0,0
2026_R04,LEC,35.0,92.993,HARD,14.0,2.0,0
2026_R04,LEC,36.0,92.879,HARD,15.0,2.0,0
2026_R04,LEC,37.0,93.155,HARD,16.0,2.0,0
2026_R04,LEC,38.0,92.993,HARD,17.0,2.0,0
2026_R04,LEC,39.0,92.755,HARD,18.0,2.0,0
2026_R04,LEC,40.0,92.767,HARD,19.0,2.0,0
2026_R04,LEC,41.0,92.686,HARD,20.0,2.0,0
2026_R04,LEC,42.0,93.042,HARD,21.0,2.0,0
2026_R04,LEC,43.0,92.612,HARD,22.0,2.0,0
2026_R04,LEC,44.0,92.515,HARD,23.0,2.0,0
2026_R04,LEC,45.0,92.874,HARD,24.0,2.0,0
2026_R04,LEC,46.0,93.468,HARD,25.0,2.0,0
2026_R04,LEC,47.0,93.678,HARD,26.0,2.0,0
2026_R04,LEC,48.0,92.892,HARD,27.0,2.0,0
2026_R04,LEC,49.0,92.734,HARD,28.0,2.0,0
2026_R04,LEC,50.0,92.566,HARD,29.0,2.0,0
2026_R04,LEC,51.0,92.578,HARD,30.0,2.0,0
2026_R04,LEC,52.0,92.579,HARD,31.0,2.0,0
2026_R04,LEC,53.0,92.679,HARD,32.0,2.0,0
2026_R04,LEC,54.0,92.667,HARD,33.0,2.0,0
2026_R04,LEC,55.0,92.941,HARD,34.0,2.0,0
2026_R04,LEC,56.0,94.211,HARD,35.0,2.0,0
2026_R04,LEC,57.0,109.834,HARD,36.0,2.0,0
2026_R04,STR,1.0,107.631,MEDIUM,1.0,1.0,0
2026_R04,STR,2.0,96.569,MEDIUM,2.0,1.0,0
2026_R04,STR,3.0,97.019,MEDIUM,3.0,1.0,0
2026_R04,STR,4.0,96.418,MEDIUM,4.0,1.0,0
2026_R04,STR,5.0,99.194,MEDIUM,5.0,1.0,0
2026_R04,STR,6.0,136.722,MEDIUM,6.0,1.0,0
2026_R04,STR,7.0,128.505,MEDIUM,7.0,1.0,0
2026_R04,STR,8.0,141.458,MEDIUM,8.0,1.0,0
2026_R04,STR,9.0,142.647,MEDIUM,9.0,1.0,0
2026_R04,STR,10.0,139.176,MEDIUM,10.0,1.0,0
2026_R04,STR,11.0,141.17,MEDIUM,11.0,1.0,0
2026_R04,STR,12.0,97.442,MEDIUM,12.0,1.0,0
2026_R04,STR,13.0,96.085,MEDIUM,13.0,1.0,0
2026_R04,STR,14.0,96.582,MEDIUM,14.0,1.0,0
2026_R04,STR,15.0,100.953,MEDIUM,15.0,1.0,0
2026_R04,STR,16.0,96.974,MEDIUM,16.0,1.0,0
2026_R04,STR,17.0,96.371,MEDIUM,17.0,1.0,0
2026_R04,STR,18.0,96.539,MEDIUM,18.0,1.0,0
2026_R04,STR,19.0,97.022,MEDIUM,19.0,1.0,0
2026_R04,STR,20.0,96.851,MEDIUM,20.0,1.0,0
2026_R04,STR,21.0,101.443,MEDIUM,21.0,1.0,1
2026_R04,STR,22.0,110.529,SOFT,4.0,2.0,0
2026_R04,STR,23.0,95.39,SOFT,5.0,2.0,0
2026_R04,STR,24.0,97.141,SOFT,6.0,2.0,0
2026_R04,STR,25.0,95.921,SOFT,7.0,2.0,0
2026_R04,STR,26.0,96.024,SOFT,8.0,2.0,0
2026_R04,STR,27.0,95.818,SOFT,9.0,2.0,0
2026_R04,STR,28.0,95.942,SOFT,10.0,2.0,0
2026_R04,STR,29.0,95.773,SOFT,11.0,2.0,0
2026_R04,STR,30.0,95.505,SOFT,12.0,2.0,0
2026_R04,STR,31.0,95.432,SOFT,13.0,2.0,0
2026_R04,STR,32.0,95.601,SOFT,14.0,2.0,0
2026_R04,STR,33.0,95.203,SOFT,15.0,2.0,0
2026_R04,STR,34.0,95.849,SOFT,16.0,2.0,0
2026_R04,STR,35.0,98.513,SOFT,17.0,2.0,0
2026_R04,STR,36.0,96.018,SOFT,18.0,2.0,0
2026_R04,STR,37.0,101.024,SOFT,19.0,2.0,1
2026_R04,STR,38.0,109.547,SOFT,1.0,3.0,0
2026_R04,STR,39.0,95.112,SOFT,2.0,3.0,0
2026_R04,STR,40.0,94.958,SOFT,3.0,3.0,0
2026_R04,STR,41.0,95.144,SOFT,4.0,3.0,0
2026_R04,STR,42.0,95.324,SOFT,5.0,3.0,0
2026_R04,STR,43.0,95.225,SOFT,6.0,3.0,0
2026_R04,STR,44.0,97.379,SOFT,7.0,3.0,0
2026_R04,STR,45.0,94.82,SOFT,8.0,3.0,0
2026_R04,STR,46.0,95.174,SOFT,9.0,3.0,0
2026_R04,STR,47.0,95.215,SOFT,10.0,3.0,0
2026_R04,STR,48.0,95.135,SOFT,11.0,3.0,0
2026_R04,STR,49.0,95.098,SOFT,12.0,3.0,0
2026_R04,STR,50.0,95.187,SOFT,13.0,3.0,0
2026_R04,STR,51.0,94.891,SOFT,14.0,3.0,0
2026_R04,STR,52.0,94.759,SOFT,15.0,3.0,0
2026_R04,STR,53.0,94.811,SOFT,16.0,3.0,0
2026_R04,STR,54.0,94.806,SOFT,17.0,3.0,0
2026_R04,STR,55.0,96.149,SOFT,18.0,3.0,0
2026_R04,STR,56.0,94.716,SOFT,19.0,3.0,0
2026_R04,ALB,1.0,104.983,MEDIUM,1.0,1.0,0
2026_R04,ALB,2.0,95.404,MEDIUM,2.0,1.0,0
2026_R04,ALB,3.0,94.932,MEDIUM,3.0,1.0,0
2026_R04,ALB,4.0,94.77,MEDIUM,4.0,1.0,0
2026_R04,ALB,5.0,95.888,MEDIUM,5.0,1.0,0
2026_R04,ALB,6.0,135.327,MEDIUM,6.0,1.0,0
2026_R04,ALB,7.0,127.97,MEDIUM,7.0,1.0,0
2026_R04,ALB,8.0,144.68,MEDIUM,8.0,1.0,0
2026_R04,ALB,9.0,143.515,MEDIUM,9.0,1.0,0
2026_R04,ALB,10.0,140.112,MEDIUM,10.0,1.0,0
2026_R04,ALB,11.0,145.176,MEDIUM,11.0,1.0,0
2026_R04,ALB,12.0,95.206,MEDIUM,12.0,1.0,0
2026_R04,ALB,13.0,94.553,MEDIUM,13.0,1.0,0
2026_R04,ALB,14.0,94.161,MEDIUM,14.0,1.0,0
2026_R04,ALB,15.0,95.47,MEDIUM,15.0,1.0,0
2026_R04,ALB,16.0,95.245,MEDIUM,16.0,1.0,0
2026_R04,ALB,17.0,95.824,MEDIUM,17.0,1.0,0
2026_R04,ALB,18.0,95.189,MEDIUM,18.0,1.0,0
2026_R04,ALB,19.0,94.979,MEDIUM,19.0,1.0,0
2026_R04,ALB,20.0,95.212,MEDIUM,20.0,1.0,0
2026_R04,ALB,21.0,94.879,MEDIUM,21.0,1.0,0
2026_R04,ALB,22.0,94.8,MEDIUM,22.0,1.0,0
2026_R04,ALB,23.0,95.097,MEDIUM,23.0,1.0,0
2026_R04,ALB,24.0,95.901,MEDIUM,24.0,1.0,0
2026_R04,ALB,25.0,95.119,MEDIUM,25.0,1.0,0
2026_R04,ALB,26.0,94.964,MEDIUM,26.0,1.0,0
2026_R04,ALB,27.0,99.764,MEDIUM,27.0,1.0,1
2026_R04,ALB,28.0,107.798,HARD,1.0,2.0,0
2026_R04,ALB,29.0,93.875,HARD,2.0,2.0,0
2026_R04,ALB,30.0,93.784,HARD,3.0,2.0,0
2026_R04,ALB,31.0,93.837,HARD,4.0,2.0,0
2026_R04,ALB,32.0,94.194,HARD,5.0,2.0,0
2026_R04,ALB,33.0,94.24,HARD,6.0,2.0,0
2026_R04,ALB,34.0,94.433,HARD,7.0,2.0,0
2026_R04,ALB,35.0,94.296,HARD,8.0,2.0,0
2026_R04,ALB,36.0,94.201,HARD,9.0,2.0,0
2026_R04,ALB,37.0,94.485,HARD,10.0,2.0,0
2026_R04,ALB,38.0,94.44,HARD,11.0,2.0,0
2026_R04,ALB,39.0,94.337,HARD,12.0,2.0,0
2026_R04,ALB,40.0,94.439,HARD,13.0,2.0,0
2026_R04,ALB,41.0,94.172,HARD,14.0,2.0,0
2026_R04,ALB,42.0,94.366,HARD,15.0,2.0,0
2026_R04,ALB,43.0,94.29,HARD,16.0,2.0,0
2026_R04,ALB,44.0,94.139,HARD,17.0,2.0,0
2026_R04,ALB,45.0,94.31,HARD,18.0,2.0,0
2026_R04,ALB,46.0,94.199,HARD,19.0,2.0,0
2026_R04,ALB,47.0,94.561,HARD,20.0,2.0,0
2026_R04,ALB,48.0,94.325,HARD,21.0,2.0,0
2026_R04,ALB,49.0,94.18,HARD,22.0,2.0,0
2026_R04,ALB,50.0,94.356,HARD,23.0,2.0,0
2026_R04,ALB,51.0,94.407,HARD,24.0,2.0,0
2026_R04,ALB,52.0,94.287,HARD,25.0,2.0,0
2026_R04,ALB,53.0,94.351,HARD,26.0,2.0,0
2026_R04,ALB,54.0,94.253,HARD,27.0,2.0,0
2026_R04,ALB,55.0,94.109,HARD,28.0,2.0,0
2026_R04,ALB,56.0,94.163,HARD,29.0,2.0,0
2026_R04,ALB,57.0,94.298,HARD,30.0,2.0,0
2026_R04,HUL,1.0,114.251,MEDIUM,1.0,1.0,1
2026_R04,HUL,2.0,120.274,MEDIUM,1.0,2.0,0
2026_R04,HUL,3.0,94.93,MEDIUM,2.0,2.0,0
2026_R04,HUL,4.0,94.523,MEDIUM,3.0,2.0,0
2026_R04,HUL,5.0,109.487,MEDIUM,4.0,2.0,0
2026_R04,HUL,6.0,135.15,MEDIUM,5.0,2.0,0
2026_R04,HUL,7.0,,MEDIUM,6.0,2.0,1
2026_R04,VER,1.0,104.911,MEDIUM,1.0,1.0,0
2026_R04,VER,2.0,93.464,MEDIUM,2.0,1.0,0
2026_R04,VER,3.0,93.239,MEDIUM,3.0,1.0,0
2026_R04,VER,4.0,93.536,MEDIUM,4.0,1.0,0
2026_R04,VER,5.0,94.09,MEDIUM,5.0,1.0,0
2026_R04,VER,6.0,140.948,MEDIUM,6.0,1.0,1
2026_R04,VER,7.0,142.654,HARD,1.0,2.0,0
2026_R04,VER,8.0,141.939,HARD,2.0,2.0,0
2026_R04,VER,9.0,142.583,HARD,3.0,2.0,0
2026_R04,VER,10.0,140.172,HARD,4.0,2.0,0
2026_R04,VER,11.0,139.443,HARD,5.0,2.0,0
2026_R04,VER,12.0,95.784,HARD,6.0,2.0,0
2026_R04,VER,13.0,93.56,HARD,7.0,2.0,0
2026_R04,VER,14.0,93.63,HARD,8.0,2.0,0
2026_R04,VER,15.0,93.552,HARD,9.0,2.0,0
2026_R04,VER,16.0,94.118,HARD,10.0,2.0,0
2026_R04,VER,17.0,93.799,HARD,11.0,2.0,0
2026_R04,VER,18.0,93.67,HARD,12.0,2.0,0
2026_R04,VER,19.0,93.381,HARD,13.0,2.0,0
2026_R04,VER,20.0,93.862,HARD,14.0,2.0,0
2026_R04,VER,21.0,93.341,HARD,15.0,2.0,0
2026_R04,VER,22.0,93.324,HARD,16.0,2.0,0
2026_R04,VER,23.0,93.355,HARD,17.0,2.0,0
2026_R04,VER,24.0,93.11,HARD,18.0,2.0,0
2026_R04,VER,25.0,93.499,HARD,19.0,2.0,0
2026_R04,VER,26.0,93.844,HARD,20.0,2.0,0
2026_R04,VER,27.0,93.472,HARD,21.0,2.0,0
2026_R04,VER,28.0,93.778,HARD,22.0,2.0,0
2026_R04,VER,29.0,94.35,HARD,23.0,2.0,0
2026_R04,VER,30.0,94.172,HARD,24.0,2.0,0
2026_R04,VER,31.0,93.281,HARD,25.0,2.0,0
2026_R04,VER,32.0,93.582,HARD,26.0,2.0,0
2026_R04,VER,33.0,93.542,HARD,27.0,2.0,0
2026_R04,VER,34.0,93.462,HARD,28.0,2.0,0
2026_R04,VER,35.0,93.45,HARD,29.0,2.0,0
2026_R04,VER,36.0,93.354,HARD,30.0,2.0,0
2026_R04,VER,37.0,93.113,HARD,31.0,2.0,0
2026_R04,VER,38.0,93.148,HARD,32.0,2.0,0
2026_R04,VER,39.0,93.168,HARD,33.0,2.0,0
2026_R04,VER,40.0,93.505,HARD,34.0,2.0,0
2026_R04,VER,41.0,93.775,HARD,35.0,2.0,0
2026_R04,VER,42.0,93.382,HARD,36.0,2.0,0
2026_R04,VER,43.0,93.739,HARD,37.0,2.0,0
2026_R04,VER,44.0,93.651,HARD,38.0,2.0,0
2026_R04,VER,45.0,93.448,HARD,39.0,2.0,0
2026_R04,VER,46.0,93.693,HARD,40.0,2.0,0
2026_R04,VER,47.0,94.983,HARD,41.0,2.0,0
2026_R04,VER,48.0,94.368,HARD,42.0,2.0,0
2026_R04,VER,49.0,94.4,HARD,43.0,2.0,0
2026_R04,VER,50.0,93.592,HARD,44.0,2.0,0
2026_R04,VER,51.0,93.895,HARD,45.0,2.0,0
2026_R04,VER,52.0,93.931,HARD,46.0,2.0,0
2026_R04,VER,53.0,93.873,HARD,47.0,2.0,0
2026_R04,VER,54.0,94.243,HARD,48.0,2.0,0
2026_R04,VER,55.0,95.873,HARD,49.0,2.0,0
2026_R04,VER,56.0,95.577,HARD,50.0,2.0,0
2026_R04,VER,57.0,94.614,HARD,51.0,2.0,0
2026_R04,LAW,1.0,102.841,MEDIUM,1.0,1.0,0
2026_R04,LAW,2.0,97.079,MEDIUM,2.0,1.0,0
2026_R04,LAW,3.0,94.814,MEDIUM,3.0,1.0,0
2026_R04,LAW,4.0,95.184,MEDIUM,4.0,1.0,0
2026_R04,LAW,5.0,122.852,MEDIUM,5.0,1.0,0
2026_R04,LAW,6.0,,MEDIUM,6.0,1.0,1
2026_R04,OCO,1.0,105.5,MEDIUM,1.0,1.0,0
2026_R04,OCO,2.0,97.468,MEDIUM,2.0,1.0,0
2026_R04,OCO,3.0,95.181,MEDIUM,3.0,1.0,0
2026_R04,OCO,4.0,95.464,MEDIUM,4.0,1.0,0
2026_R04,OCO,5.0,95.306,MEDIUM,5.0,1.0,0
2026_R04,OCO,6.0,135.341,MEDIUM,6.0,1.0,0
2026_R04,OCO,7.0,128.906,MEDIUM,7.0,1.0,0
2026_R04,OCO,8.0,143.901,MEDIUM,8.0,1.0,0
2026_R04,OCO,9.0,143.155,MEDIUM,9.0,1.0,0
2026_R04,OCO,10.0,139.98,MEDIUM,10.0,1.0,0
2026_R04,OCO,11.0,144.14,MEDIUM,11.0,1.0,0
2026_R04,OCO,12.0,95.213,MEDIUM,12.0,1.0,0
2026_R04,OCO,13.0,95.07,MEDIUM,13.0,1.0,0
2026_R04,OCO,14.0,94.862,MEDIUM,14.0,1.0,0
2026_R04,OCO,15.0,95.665,MEDIUM,15.0,1.0,0
2026_R04,OCO,16.0,95.196,MEDIUM,16.0,1.0,0
2026_R04,OCO,17.0,95.127,MEDIUM,17.0,1.0,0
2026_R04,OCO,18.0,95.226,MEDIUM,18.0,1.0,0
2026_R04,OCO,19.0,94.966,MEDIUM,19.0,1.0,0
2026_R04,OCO,20.0,95.21,MEDIUM,20.0,1.0,0
2026_R04,OCO,21.0,95.117,MEDIUM,21.0,1.0,0
2026_R04,OCO,22.0,96.17,MEDIUM,22.0,1.0,0
2026_R04,OCO,23.0,95.001,MEDIUM,23.0,1.0,0
2026_R04,OCO,24.0,95.213,MEDIUM,24.0,1.0,0
2026_R04,OCO,25.0,95.403,MEDIUM,25.0,1.0,0
2026_R04,OCO,26.0,95.011,MEDIUM,26.0,1.0,0
2026_R04,OCO,27.0,95.469,MEDIUM,27.0,1.0,0
2026_R04,OCO,28.0,95.468,MEDIUM,28.0,1.0,0
2026_R04,OCO,29.0,95.526,MEDIUM,29.0,1.0,0
2026_R04,OCO,30.0,95.393,MEDIUM,30.0,1.0,0
2026_R04,OCO,31.0,100.336,MEDIUM,31.0,1.0,1
2026_R04,OCO,32.0,109.454,HARD,1.0,2.0,0
2026_R04,OCO,33.0,93.712,HARD,2.0,2.0,0
2026_R04,OCO,34.0,94.051,HARD,3.0,2.0,0
2026_R04,OCO,35.0,93.87,HARD,4.0,2.0,0
2026_R04,OCO,36.0,94.25,HARD,5.0,2.0,0
2026_R04,OCO,37.0,94.361,HARD,6.0,2.0,0
2026_R04,OCO,38.0,94.538,HARD,7.0,2.0,0
2026_R04,OCO,39.0,94.429,HARD,8.0,2.0,0
2026_R04,OCO,40.0,94.464,HARD,9.0,2.0,0
2026_R04,OCO,41.0,94.449,HARD,10.0,2.0,0
2026_R04,OCO,42.0,94.589,HARD,11.0,2.0,0
2026_R04,OCO,43.0,94.592,HARD,12.0,2.0,0
2026_R04,OCO,44.0,94.527,HARD,13.0,2.0,0
2026_R04,OCO,45.0,94.806,HARD,14.0,2.0,0
2026_R04,OCO,46.0,95.655,HARD,15.0,2.0,0
2026_R04,OCO,47.0,94.551,HARD,16.0,2.0,0
2026_R04,OCO,48.0,94.26,HARD,17.0,2.0,0
2026_R04,OCO,49.0,94.259,HARD,18.0,2.0,0
2026_R04,OCO,50.0,96.679,HARD,19.0,2.0,0
2026_R04,OCO,51.0,94.853,HARD,20.0,2.0,0
2026_R04,OCO,52.0,94.439,HARD,21.0,2.0,0
2026_R04,OCO,53.0,94.427,HARD,22.0,2.0,0
2026_R04,OCO,54.0,94.124,HARD,23.0,2.0,0
2026_R04,OCO,55.0,94.416,HARD,24.0,2.0,0
2026_R04,OCO,56.0,94.407,HARD,25.0,2.0,0
2026_R04,LIN,1.0,106.549,MEDIUM,1.0,1.0,0
2026_R04,LIN,2.0,96.74,MEDIUM,2.0,1.0,0
2026_R04,LIN,3.0,96.21,MEDIUM,3.0,1.0,0
2026_R04,LIN,4.0,95.655,MEDIUM,4.0,1.0,0
2026_R04,LIN,5.0,97.123,MEDIUM,5.0,1.0,0
2026_R04,LIN,6.0,134.208,MEDIUM,6.0,1.0,0
2026_R04,LIN,7.0,128.705,MEDIUM,7.0,1.0,0
2026_R04,LIN,8.0,142.988,MEDIUM,8.0,1.0,0
2026_R04,LIN,9.0,143.196,MEDIUM,9.0,1.0,0
2026_R04,LIN,10.0,140.944,MEDIUM,10.0,1.0,0
2026_R04,LIN,11.0,142.693,MEDIUM,11.0,1.0,0
2026_R04,LIN,12.0,96.776,MEDIUM,12.0,1.0,0
2026_R04,LIN,13.0,95.706,MEDIUM,13.0,1.0,0
2026_R04,LIN,14.0,95.233,MEDIUM,14.0,1.0,0
2026_R04,LIN,15.0,96.164,MEDIUM,15.0,1.0,0
2026_R04,LIN,16.0,95.817,MEDIUM,16.0,1.0,0
2026_R04,LIN,17.0,95.95,MEDIUM,17.0,1.0,0
2026_R04,LIN,18.0,95.94,MEDIUM,18.0,1.0,0
2026_R04,LIN,19.0,96.865,MEDIUM,19.0,1.0,0
2026_R04,LIN,20.0,96.422,MEDIUM,20.0,1.0,0
2026_R04,LIN,21.0,96.012,MEDIUM,21.0,1.0,0
2026_R04,LIN,22.0,95.953,MEDIUM,22.0,1.0,0
2026_R04,LIN,23.0,95.698,MEDIUM,23.0,1.0,0
2026_R04,LIN,24.0,95.891,MEDIUM,24.0,1.0,0
2026_R04,LIN,25.0,96.038,MEDIUM,25.0,1.0,0
2026_R04,LIN,26.0,95.835,MEDIUM,26.0,1.0,0
2026_R04,LIN,27.0,96.07,MEDIUM,27.0,1.0,0
2026_R04,LIN,28.0,100.923,MEDIUM,28.0,1.0,1
2026_R04,LIN,29.0,109.027,HARD,1.0,2.0,0
2026_R04,LIN,30.0,94.058,HARD,2.0,2.0,0
2026_R04,LIN,31.0,94.175,HARD,3.0,2.0,0
2026_R04,LIN,32.0,94.378,HARD,4.0,2.0,0
2026_R04,LIN,33.0,95.071,HARD,5.0,2.0,0
2026_R04,LIN,34.0,95.023,HARD,6.0,2.0,0
2026_R04,LIN,35.0,94.864,HARD,7.0,2.0,0
2026_R04,LIN,36.0,94.863,HARD,8.0,2.0,0
2026_R04,LIN,37.0,95.058,HARD,9.0,2.0,0
2026_R04,LIN,38.0,94.729,HARD,10.0,2.0,0
2026_R04,LIN,39.0,94.548,HARD,11.0,2.0,0
2026_R04,LIN,40.0,94.681,HARD,12.0,2.0,0
2026_R04,LIN,41.0,94.676,HARD,13.0,2.0,0
2026_R04,LIN,42.0,94.51,HARD,14.0,2.0,0
2026_R04,LIN,43.0,94.686,HARD,15.0,2.0,0
2026_R04,LIN,44.0,98.417,HARD,16.0,2.0,0
2026_R04,LIN,45.0,94.598,HARD,17.0,2.0,0
2026_R04,LIN,46.0,94.578,HARD,18.0,2.0,0
2026_R04,LIN,47.0,94.579,HARD,19.0,2.0,0
2026_R04,LIN,48.0,95.358,HARD,20.0,2.0,0
2026_R04,LIN,49.0,94.818,HARD,21.0,2.0,0
2026_R04,LIN,50.0,94.605,HARD,22.0,2.0,0
2026_R04,LIN,51.0,94.553,HARD,23.0,2.0,0
2026_R04,LIN,52.0,94.298,HARD,24.0,2.0,0
2026_R04,LIN,53.0,97.343,HARD,25.0,2.0,0
2026_R04,LIN,54.0,94.832,HARD,26.0,2.0,0
2026_R04,LIN,55.0,94.482,HARD,27.0,2.0,0
2026_R04,LIN,56.0,104.942,HARD,28.0,2.0,0
2026_R04,COL,1.0,101.556,MEDIUM,1.0,1.0,0
2026_R04,COL,2.0,94.113,MEDIUM,2.0,1.0,0
2026_R04,COL,3.0,94.46,MEDIUM,3.0,1.0,0
2026_R04,COL,4.0,94.339,MEDIUM,4.0,1.0,0
2026_R04,COL,5.0,94.736,MEDIUM,5.0,1.0,0
2026_R04,COL,6.0,136.173,MEDIUM,6.0,1.0,0
2026_R04,COL,7.0,131.996,MEDIUM,7.0,1.0,0
2026_R04,COL,8.0,143.127,MEDIUM,8.0,1.0,0
2026_R04,COL,9.0,146.366,MEDIUM,9.0,1.0,0
2026_R04,COL,10.0,138.133,MEDIUM,10.0,1.0,0
2026_R04,COL,11.0,147.279,MEDIUM,11.0,1.0,0
2026_R04,COL,12.0,95.134,MEDIUM,12.0,1.0,0
2026_R04,COL,13.0,94.246,MEDIUM,13.0,1.0,0
2026_R04,COL,14.0,93.941,MEDIUM,14.0,1.0,0
2026_R04,COL,15.0,94.124,MEDIUM,15.0,1.0,0
2026_R04,COL,16.0,94.137,MEDIUM,16.0,1.0,0
2026_R04,COL,17.0,94.4,MEDIUM,17.0,1.0,0
2026_R04,COL,18.0,94.654,MEDIUM,18.0,1.0,0
2026_R04,COL,19.0,94.505,MEDIUM,19.0,1.0,0
2026_R04,COL,20.0,94.591,MEDIUM,20.0,1.0,0
2026_R04,COL,21.0,94.967,MEDIUM,21.0,1.0,0
2026_R04,COL,22.0,94.275,MEDIUM,22.0,1.0,0
2026_R04,COL,23.0,94.009,MEDIUM,23.0,1.0,0
2026_R04,COL,24.0,94.203,MEDIUM,24.0,1.0,0
2026_R04,COL,25.0,94.237,MEDIUM,25.0,1.0,0
2026_R04,COL,26.0,93.991,MEDIUM,26.0,1.0,0
2026_R04,COL,27.0,94.275,MEDIUM,27.0,1.0,0
2026_R04,COL,28.0,94.391,MEDIUM,28.0,1.0,0
2026_R04,COL,29.0,94.323,MEDIUM,29.0,1.0,0
2026_R04,COL,30.0,94.192,MEDIUM,30.0,1.0,0
2026_R04,COL,31.0,99.432,MEDIUM,31.0,1.0,1
2026_R04,COL,32.0,108.726,HARD,1.0,2.0,0
2026_R04,COL,33.0,93.035,HARD,2.0,2.0,0
2026_R04,COL,34.0,93.07,HARD,3.0,2.0,0
2026_R04,COL,35.0,93.162,HARD,4.0,2.0,0
2026_R04,COL,36.0,93.341,HARD,5.0,2.0,0
2026_R04,COL,37.0,93.756,HARD,6.0,2.0,0
2026_R04,COL,38.0,93.724,HARD,7.0,2.0,0
2026_R04,COL,39.0,93.717,HARD,8.0,2.0,0
2026_R04,COL,40.0,93.734,HARD,9.0,2.0,0
2026_R04,COL,41.0,93.803,HARD,10.0,2.0,0
2026_R04,COL,42.0,93.859,HARD,11.0,2.0,0
2026_R04,COL,43.0,93.416,HARD,12.0,2.0,0
2026_R04,COL,44.0,93.384,HARD,13.0,2.0,0
2026_R04,COL,45.0,93.951,HARD,14.0,2.0,0
2026_R04,COL,46.0,93.612,HARD,15.0,2.0,0
2026_R04,COL,47.0,93.332,HARD,16.0,2.0,0
2026_R04,COL,48.0,93.721,HARD,17.0,2.0,0
2026_R04,COL,49.0,93.38,HARD,18.0,2.0,0
2026_R04,COL,50.0,94.176,HARD,19.0,2.0,0
2026_R04,COL,51.0,93.775,HARD,20.0,2.0,0
2026_R04,COL,52.0,93.791,HARD,21.0,2.0,0
2026_R04,COL,53.0,93.528,HARD,22.0,2.0,0
2026_R04,COL,54.0,93.304,HARD,23.0,2.0,0
2026_R04,COL,55.0,93.335,HARD,24.0,2.0,0
2026_R04,COL,56.0,93.059,HARD,25.0,2.0,0
2026_R04,COL,57.0,93.148,HARD,26.0,2.0,0
2026_R04,HAM,1.0,100.683,MEDIUM,1.0,1.0,0
2026_R04,HAM,2.0,93.545,MEDIUM,2.0,1.0,0
2026_R04,HAM,3.0,93.789,MEDIUM,3.0,1.0,0
2026_R04,HAM,4.0,93.971,MEDIUM,4.0,1.0,0
2026_R04,HAM,5.0,94.184,MEDIUM,5.0,1.0,0
2026_R04,HAM,6.0,135.026,MEDIUM,6.0,1.0,0
2026_R04,HAM,7.0,134.27,MEDIUM,7.0,1.0,0
2026_R04,HAM,8.0,142.859,MEDIUM,8.0,1.0,0
2026_R04,HAM,9.0,147.2,MEDIUM,9.0,1.0,0
2026_R04,HAM,10.0,137.89,MEDIUM,10.0,1.0,0
2026_R04,HAM,11.0,148.268,MEDIUM,11.0,1.0,0
2026_R04,HAM,12.0,94.726,MEDIUM,12.0,1.0,0
2026_R04,HAM,13.0,93.754,MEDIUM,13.0,1.0,0
2026_R04,HAM,14.0,93.554,MEDIUM,14.0,1.0,0
2026_R04,HAM,15.0,93.777,MEDIUM,15.0,1.0,0
2026_R04,HAM,16.0,93.705,MEDIUM,16.0,1.0,0
2026_R04,HAM,17.0,94.005,MEDIUM,17.0,1.0,0
2026_R04,HAM,18.0,94.232,MEDIUM,18.0,1.0,0
2026_R04,HAM,19.0,94.024,MEDIUM,19.0,1.0,0
2026_R04,HAM,20.0,94.217,MEDIUM,20.0,1.0,0
2026_R04,HAM,21.0,94.197,MEDIUM,21.0,1.0,0
2026_R04,HAM,22.0,94.167,MEDIUM,22.0,1.0,0
2026_R04,HAM,23.0,93.926,MEDIUM,23.0,1.0,0
2026_R04,HAM,24.0,94.057,MEDIUM,24.0,1.0,0
2026_R04,HAM,25.0,94.19,MEDIUM,25.0,1.0,0
2026_R04,HAM,26.0,94.984,MEDIUM,26.0,1.0,0
2026_R04,HAM,27.0,99.396,MEDIUM,27.0,1.0,1
2026_R04,HAM,28.0,107.869,HARD,1.0,2.0,0
2026_R04,HAM,29.0,92.676,HARD,2.0,2.0,0
2026_R04,HAM,30.0,92.712,HARD,3.0,2.0,0
2026_R04,HAM,31.0,92.864,HARD,4.0,2.0,0
2026_R04,HAM,32.0,93.121,HARD,5.0,2.0,0
2026_R04,HAM,33.0,92.98,HARD,6.0,2.0,0
2026_R04,HAM,34.0,93.174,HARD,7.0,2.0,0
2026_R04,HAM,35.0,92.939,HARD,8.0,2.0,0
2026_R04,HAM,36.0,93.669,HARD,9.0,2.0,0
2026_R04,HAM,37.0,94.803,HARD,10.0,2.0,0
2026_R04,HAM,38.0,93.552,HARD,11.0,2.0,0
2026_R04,HAM,39.0,93.098,HARD,12.0,2.0,0
2026_R04,HAM,40.0,93.451,HARD,13.0,2.0,0
2026_R04,HAM,41.0,93.283,HARD,14.0,2.0,0
2026_R04,HAM,42.0,93.237,HARD,15.0,2.0,0
2026_R04,HAM,43.0,93.129,HARD,16.0,2.0,0
2026_R04,HAM,44.0,92.893,HARD,17.0,2.0,0
2026_R04,HAM,45.0,93.129,HARD,18.0,2.0,0
2026_R04,HAM,46.0,93.135,HARD,19.0,2.0,0
2026_R04,HAM,47.0,93.34,HARD,20.0,2.0,0
2026_R04,HAM,48.0,93.575,HARD,21.0,2.0,0
2026_R04,HAM,49.0,93.635,HARD,22.0,2.0,0
2026_R04,HAM,50.0,93.506,HARD,23.0,2.0,0
2026_R04,HAM,51.0,93.57,HARD,24.0,2.0,0
2026_R04,HAM,52.0,94.634,HARD,25.0,2.0,0
2026_R04,HAM,53.0,94.302,HARD,26.0,2.0,0
2026_R04,HAM,54.0,94.33,HARD,27.0,2.0,0
2026_R04,HAM,55.0,94.307,HARD,28.0,2.0,0
2026_R04,HAM,56.0,94.567,HARD,29.0,2.0,0
2026_R04,HAM,57.0,94.95,HARD,30.0,2.0,0
2026_R04,BOR,1.0,109.249,MEDIUM,1.0,1.0,0
2026_R04,BOR,2.0,96.799,MEDIUM,2.0,1.0,0
2026_R04,BOR,3.0,96.384,MEDIUM,3.0,1.0,0
2026_R04,BOR,4.0,96.533,MEDIUM,4.0,1.0,0
2026_R04,BOR,5.0,97.279,MEDIUM,5.0,1.0,0
2026_R04,BOR,6.0,135.495,MEDIUM,6.0,1.0,0
2026_R04,BOR,7.0,128.77,MEDIUM,7.0,1.0,0
2026_R04,BOR,8.0,140.751,MEDIUM,8.0,1.0,0
2026_R04,BOR,9.0,142.618,MEDIUM,9.0,1.0,0
2026_R04,BOR,10.0,140.774,MEDIUM,10.0,1.0,0
2026_R04,BOR,11.0,141.504,MEDIUM,11.0,1.0,0
2026_R04,BOR,12.0,97.16,MEDIUM,12.0,1.0,0
2026_R04,BOR,13.0,95.549,MEDIUM,13.0,1.0,0
2026_R04,BOR,14.0,95.807,MEDIUM,14.0,1.0,0
2026_R04,BOR,15.0,95.722,MEDIUM,15.0,1.0,0
2026_R04,BOR,16.0,95.485,MEDIUM,16.0,1.0,0
2026_R04,BOR,17.0,95.493,MEDIUM,17.0,1.0,0
2026_R04,BOR,18.0,95.843,MEDIUM,18.0,1.0,0
2026_R04,BOR,19.0,95.793,MEDIUM,19.0,1.0,0
2026_R04,BOR,20.0,95.789,MEDIUM,20.0,1.0,0
2026_R04,BOR,21.0,95.15,MEDIUM,21.0,1.0,0
2026_R04,BOR,22.0,95.049,MEDIUM,22.0,1.0,0
2026_R04,BOR,23.0,94.653,MEDIUM,23.0,1.0,0
2026_R04,BOR,24.0,94.996,MEDIUM,24.0,1.0,0
2026_R04,BOR,25.0,95.001,MEDIUM,25.0,1.0,0
2026_R04,BOR,26.0,94.911,MEDIUM,26.0,1.0,0
2026_R04,BOR,27.0,95.252,MEDIUM,27.0,1.0,0
2026_R04,BOR,28.0,94.973,MEDIUM,28.0,1.0,0
2026_R04,BOR,29.0,95.023,MEDIUM,29.0,1.0,0
2026_R04,BOR,30.0,95.026,MEDIUM,30.0,1.0,0
2026_R04,BOR,31.0,95.204,MEDIUM,31.0,1.0,0
2026_R04,BOR,32.0,100.472,MEDIUM,32.0,1.0,1
2026_R04,BOR,33.0,108.829,HARD,1.0,2.0,0
2026_R04,BOR,34.0,93.559,HARD,2.0,2.0,0
2026_R04,BOR,35.0,93.902,HARD,3.0,2.0,0
2026_R04,BOR,36.0,93.59,HARD,4.0,2.0,0
2026_R04,BOR,37.0,93.745,HARD,5.0,2.0,0
2026_R04,BOR,38.0,93.932,HARD,6.0,2.0,0
2026_R04,BOR,39.0,93.955,HARD,7.0,2.0,0
2026_R04,BOR,40.0,94.035,HARD,8.0,2.0,0
2026_R04,BOR,41.0,93.639,HARD,9.0,2.0,0
2026_R04,BOR,42.0,94.042,HARD,10.0,2.0,0
2026_R04,BOR,43.0,94.738,HARD,11.0,2.0,0
2026_R04,BOR,44.0,94.51,HARD,12.0,2.0,0
2026_R04,BOR,45.0,94.427,HARD,13.0,2.0,0
2026_R04,BOR,46.0,94.863,HARD,14.0,2.0,0
2026_R04,BOR,47.0,94.171,HARD,15.0,2.0,0
2026_R04,BOR,48.0,93.841,HARD,16.0,2.0,0
2026_R04,BOR,49.0,94.27,HARD,17.0,2.0,0
2026_R04,BOR,50.0,94.409,HARD,18.0,2.0,0
2026_R04,BOR,51.0,95.743,HARD,19.0,2.0,0
2026_R04,BOR,52.0,94.751,HARD,20.0,2.0,0
2026_R04,BOR,53.0,93.854,HARD,21.0,2.0,0
2026_R04,BOR,54.0,93.726,HARD,22.0,2.0,0
2026_R04,BOR,55.0,93.5,HARD,23.0,2.0,0
2026_R04,BOR,56.0,94.088,HARD,24.0,2.0,0
2026_R04,SAI,1.0,105.235,MEDIUM,1.0,1.0,0
2026_R04,SAI,2.0,95.889,MEDIUM,2.0,1.0,0
2026_R04,SAI,3.0,95.295,MEDIUM,3.0,1.0,0
2026_R04,SAI,4.0,94.844,MEDIUM,4.0,1.0,0
2026_R04,SAI,5.0,96.681,MEDIUM,5.0,1.0,0
2026_R04,SAI,6.0,134.301,MEDIUM,6.0,1.0,0
2026_R04,SAI,7.0,128.424,MEDIUM,7.0,1.0,0
2026_R04,SAI,8.0,144.658,MEDIUM,8.0,1.0,0
2026_R04,SAI,9.0,143.29,MEDIUM,9.0,1.0,0
2026_R04,SAI,10.0,140.239,MEDIUM,10.0,1.0,0
2026_R04,SAI,11.0,144.363,MEDIUM,11.0,1.0,0
2026_R04,SAI,12.0,95.161,MEDIUM,12.0,1.0,0
2026_R04,SAI,13.0,94.884,MEDIUM,13.0,1.0,0
2026_R04,SAI,14.0,93.978,MEDIUM,14.0,1.0,0
2026_R04,SAI,15.0,94.223,MEDIUM,15.0,1.0,0
2026_R04,SAI,16.0,94.767,MEDIUM,16.0,1.0,0
2026_R04,SAI,17.0,94.819,MEDIUM,17.0,1.0,0
2026_R04,SAI,18.0,95.463,MEDIUM,18.0,1.0,0
2026_R04,SAI,19.0,94.773,MEDIUM,19.0,1.0,0
2026_R04,SAI,20.0,94.8,MEDIUM,20.0,1.0,0
2026_R04,SAI,21.0,94.968,MEDIUM,21.0,1.0,0
2026_R04,SAI,22.0,94.601,MEDIUM,22.0,1.0,0
2026_R04,SAI,23.0,94.651,MEDIUM,23.0,1.0,0
2026_R04,SAI,24.0,94.624,MEDIUM,24.0,1.0,0
2026_R04,SAI,25.0,95.297,MEDIUM,25.0,1.0,0
2026_R04,SAI,26.0,96.136,MEDIUM,26.0,1.0,0
2026_R04,SAI,27.0,94.842,MEDIUM,27.0,1.0,0
2026_R04,SAI,28.0,99.86,MEDIUM,28.0,1.0,1
2026_R04,SAI,29.0,108.534,HARD,1.0,2.0,0
2026_R04,SAI,30.0,93.026,HARD,2.0,2.0,0
2026_R04,SAI,31.0,93.311,HARD,3.0,2.0,0
2026_R04,SAI,32.0,93.737,HARD,4.0,2.0,0
2026_R04,SAI,33.0,93.547,HARD,5.0,2.0,0
2026_R04,SAI,34.0,94.042,HARD,6.0,2.0,0
2026_R04,SAI,35.0,93.968,HARD,7.0,2.0,0
2026_R04,SAI,36.0,93.818,HARD,8.0,2.0,0
2026_R04,SAI,37.0,94.082,HARD,9.0,2.0,0
2026_R04,SAI,38.0,94.237,HARD,10.0,2.0,0
2026_R04,SAI,39.0,94.234,HARD,11.0,2.0,0
2026_R04,SAI,40.0,93.988,HARD,12.0,2.0,0
2026_R04,SAI,41.0,94.315,HARD,13.0,2.0,0
2026_R04,SAI,42.0,94.394,HARD,14.0,2.0,0
2026_R04,SAI,43.0,94.241,HARD,15.0,2.0,0
2026_R04,SAI,44.0,93.866,HARD,16.0,2.0,0
2026_R04,SAI,45.0,94.046,HARD,17.0,2.0,0
2026_R04,SAI,46.0,94.07,HARD,18.0,2.0,0
2026_R04,SAI,47.0,93.978,HARD,19.0,2.0,0
2026_R04,SAI,48.0,94.004,HARD,20.0,2.0,0
2026_R04,SAI,49.0,93.98,HARD,21.0,2.0,0
2026_R04,SAI,50.0,93.893,HARD,22.0,2.0,0
2026_R04,SAI,51.0,94.102,HARD,23.0,2.0,0
2026_R04,SAI,52.0,94.172,HARD,24.0,2.0,0
2026_R04,SAI,53.0,93.989,HARD,25.0,2.0,0
2026_R04,SAI,54.0,93.858,HARD,26.0,2.0,0
2026_R04,SAI,55.0,93.951,HARD,27.0,2.0,0
2026_R04,SAI,56.0,94.341,HARD,28.0,2.0,0
2026_R04,SAI,57.0,94.555,HARD,29.0,2.0,0
2026_R04,HAD,1.0,109.627,HARD,1.0,1.0,0
2026_R04,HAD,2.0,96.068,HARD,2.0,1.0,0
2026_R04,HAD,3.0,95.188,HARD,3.0,1.0,0
2026_R04,HAD,4.0,94.833,HARD,4.0,1.0,0
2026_R04,HAD,5.0,,HARD,5.0,1.0,0
2026_R04,RUS,1.0,99.258,MEDIUM,1.0,1.0,0
2026_R04,RUS,2.0,93.194,MEDIUM,2.0,1.0,0
2026_R04,RUS,3.0,93.574,MEDIUM,3.0,1.0,0
2026_R04,RUS,4.0,93.873,MEDIUM,4.0,1.0,0
2026_R04,RUS,5.0,93.837,MEDIUM,5.0,1.0,0
2026_R04,RUS,6.0,130.928,MEDIUM,6.0,1.0,0
2026_R04,RUS,7.0,137.484,MEDIUM,7.0,1.0,0
2026_R04,RUS,8.0,142.95,MEDIUM,8.0,1.0,0
2026_R04,RUS,9.0,147.445,MEDIUM,9.0,1.0,0
2026_R04,RUS,10.0,138.393,MEDIUM,10.0,1.0,0
2026_R04,RUS,11.0,149.958,MEDIUM,11.0,1.0,0
2026_R04,RUS,12.0,94.951,MEDIUM,12.0,1.0,0
2026_R04,RUS,13.0,93.583,MEDIUM,13.0,1.0,0
2026_R04,RUS,14.0,93.818,MEDIUM,14.0,1.0,0
2026_R04,RUS,15.0,93.495,MEDIUM,15.0,1.0,0
2026_R04,RUS,16.0,93.565,MEDIUM,16.0,1.0,0
2026_R04,RUS,17.0,93.99,MEDIUM,17.0,1.0,0
2026_R04,RUS,18.0,94.058,MEDIUM,18.0,1.0,0
2026_R04,RUS,19.0,93.873,MEDIUM,19.0,1.0,0
2026_R04,RUS,20.0,99.114,MEDIUM,20.0,1.0,1
2026_R04,RUS,21.0,105.973,HARD,1.0,2.0,0
2026_R04,RUS,22.0,92.636,HARD,2.0,2.0,0
2026_R04,RUS,23.0,93.752,HARD,3.0,2.0,0
2026_R04,RUS,24.0,94.363,HARD,4.0,2.0,0
2026_R04,RUS,25.0,93.069,HARD,5.0,2.0,0
2026_R04,RUS,26.0,93.423,HARD,6.0,2.0,0
2026_R04,RUS,27.0,93.205,HARD,7.0,2.0,0
2026_R04,RUS,28.0,92.957,HARD,8.0,2.0,0
2026_R04,RUS,29.0,92.906,HARD,9.0,2.0,0
2026_R04,RUS,30.0,93.639,HARD,10.0,2.0,0
2026_R04,RUS,31.0,94.234,HARD,11.0,2.0,0
2026_R04,RUS,32.0,93.326,HARD,12.0,2.0,0
2026_R04,RUS,33.0,93.547,HARD,13.0,2.0,0
2026_R04,RUS,34.0,94.33,HARD,14.0,2.0,0
2026_R04,RUS,35.0,94.952,HARD,15.0,2.0,0
2026_R04,RUS,36.0,93.722,HARD,16.0,2.0,0
2026_R04,RUS,37.0,93.203,HARD,17.0,2.0,0
2026_R04,RUS,38.0,93.237,HARD,18.0,2.0,0
2026_R04,RUS,39.0,92.977,HARD,19.0,2.0,0
2026_R04,RUS,40.0,93.177,HARD,20.0,2.0,0
2026_R04,RUS,41.0,92.898,HARD,21.0,2.0,0
2026_R04,RUS,42.0,93.198,HARD,22.0,2.0,0
2026_R04,RUS,43.0,93.293,HARD,23.0,2.0,0
2026_R04,RUS,44.0,93.747,HARD,24.0,2.0,0
2026_R04,RUS,45.0,93.07,HARD,25.0,2.0,0
2026_R04,RUS,46.0,93.302,HARD,26.0,2.0,0
2026_R04,RUS,47.0,93.261,HARD,27.0,2.0,0
2026_R04,RUS,48.0,93.272,HARD,28.0,2.0,0
2026_R04,RUS,49.0,92.741,HARD,29.0,2.0,0
2026_R04,RUS,50.0,92.701,HARD,30.0,2.0,0
2026_R04,RUS,51.0,92.807,HARD,31.0,2.0,0
2026_R04,RUS,52.0,92.877,HARD,32.0,2.0,0
2026_R04,RUS,53.0,92.446,HARD,33.0,2.0,0
2026_R04,RUS,54.0,93.81,HARD,34.0,2.0,0
2026_R04,RUS,55.0,96.203,HARD,35.0,2.0,0
2026_R04,RUS,56.0,94.187,HARD,36.0,2.0,0
2026_R04,RUS,57.0,94.542,HARD,37.0,2.0,0
2026_R04,BOT,1.0,110.494,MEDIUM,1.0,1.0,0
2026_R04,BOT,2.0,96.788,MEDIUM,2.0,1.0,0
2026_R04,BOT,3.0,96.607,MEDIUM,3.0,1.0,0
2026_R04,BOT,4.0,96.617,MEDIUM,4.0,1.0,0
2026_R04,BOT,5.0,102.642,MEDIUM,5.0,1.0,0
2026_R04,BOT,6.0,137.329,MEDIUM,6.0,1.0,1
2026_R04,BOT,7.0,128.7,SOFT,1.0,2.0,0
2026_R04,BOT,8.0,140.142,SOFT,2.0,2.0,0
2026_R04,BOT,9.0,143.853,SOFT,3.0,2.0,0
2026_R04,BOT,10.0,138.118,SOFT,4.0,2.0,0
2026_R04,BOT,11.0,136.82,SOFT,5.0,2.0,0
2026_R04,BOT,12.0,96.419,SOFT,6.0,2.0,0
2026_R04,BOT,13.0,96.61,SOFT,7.0,2.0,0
2026_R04,BOT,14.0,96.326,SOFT,8.0,2.0,0
2026_R04,BOT,15.0,96.355,SOFT,9.0,2.0,0
2026_R04,BOT,16.0,96.08,SOFT,10.0,2.0,0
2026_R04,BOT,17.0,96.766,SOFT,11.0,2.0,0
2026_R04,BOT,18.0,96.719,SOFT,12.0,2.0,0
2026_R04,BOT,19.0,96.902,SOFT,13.0,2.0,0
2026_R04,BOT,20.0,97.904,SOFT,14.0,2.0,0
2026_R04,BOT,21.0,102.797,SOFT,15.0,2.0,1
2026_R04,BOT,22.0,111.648,MEDIUM,1.0,3.0,0
2026_R04,BOT,23.0,96.375,MEDIUM,2.0,3.0,0
2026_R04,BOT,24.0,97.448,MEDIUM,3.0,3.0,0
2026_R04,BOT,25.0,96.449,MEDIUM,4.0,3.0,0
2026_R04,BOT,26.0,96.262,MEDIUM,5.0,3.0,0
2026_R04,BOT,27.0,96.571,MEDIUM,6.0,3.0,0
2026_R04,BOT,28.0,96.649,MEDIUM,7.0,3.0,0
2026_R04,BOT,29.0,96.481,MEDIUM,8.0,3.0,0
2026_R04,BOT,30.0,102.584,MEDIUM,9.0,3.0,1
2026_R04,BOT,31.0,108.779,MEDIUM,10.0,4.0,0
2026_R04,BOT,32.0,99.743,MEDIUM,11.0,4.0,0
2026_R04,BOT,33.0,97.687,MEDIUM,12.0,4.0,0
2026_R04,BOT,34.0,97.857,MEDIUM,13.0,4.0,0
2026_R04,BOT,35.0,97.114,MEDIUM,14.0,4.0,0
2026_R04,BOT,36.0,98.662,MEDIUM,15.0,4.0,0
2026_R04,BOT,37.0,98.08,MEDIUM,16.0,4.0,0
2026_R04,BOT,38.0,97.759,MEDIUM,17.0,4.0,0
2026_R04,BOT,39.0,99.233,MEDIUM,18.0,4.0,0
2026_R04,BOT,40.0,100.195,MEDIUM,19.0,4.0,0
2026_R04,BOT,41.0,97.855,MEDIUM,20.0,4.0,0
2026_R04,BOT,42.0,100.123,MEDIUM,21.0,4.0,0
2026_R04,BOT,43.0,97.641,MEDIUM,22.0,4.0,0
2026_R04,BOT,44.0,97.88,MEDIUM,23.0,4.0,0
2026_R04,BOT,45.0,100.655,MEDIUM,24.0,4.0,0
2026_R04,BOT,46.0,99.005,MEDIUM,25.0,4.0,0
2026_R04,BOT,47.0,97.707,MEDIUM,26.0,4.0,0
2026_R04,BOT,48.0,98.102,MEDIUM,27.0,4.0,0
2026_R04,BOT,49.0,102.264,MEDIUM,28.0,4.0,0
2026_R04,BOT,50.0,98.37,MEDIUM,29.0,4.0,0
2026_R04,BOT,51.0,97.283,MEDIUM,30.0,4.0,0
2026_R04,BOT,52.0,99.178,MEDIUM,31.0,4.0,0
2026_R04,BOT,53.0,97.322,MEDIUM,32.0,4.0,0
2026_R04,BOT,54.0,97.595,MEDIUM,33.0,4.0,0
2026_R04,BOT,55.0,99.984,MEDIUM,34.0,4.0,0
2026_R04,PIA,1.0,98.7,MEDIUM,1.0,1.0,0
2026_R04,PIA,2.0,93.525,MEDIUM,2.0,1.0,0
2026_R04,PIA,3.0,94.364,MEDIUM,3.0,1.0,0
2026_R04,PIA,4.0,94.089,MEDIUM,4.0,1.0,0
2026_R04,PIA,5.0,93.491,MEDIUM,5.0,1.0,0
2026_R04,PIA,6.0,131.907,MEDIUM,6.0,1.0,0
2026_R04,PIA,7.0,137.314,MEDIUM,7.0,1.0,0
2026_R04,PIA,8.0,143.63,MEDIUM,8.0,1.0,0
2026_R04,PIA,9.0,147.376,MEDIUM,9.0,1.0,0
2026_R04,PIA,10.0,138.535,MEDIUM,10.0,1.0,0
2026_R04,PIA,11.0,148.408,MEDIUM,11.0,1.0,0
2026_R04,PIA,12.0,93.518,MEDIUM,12.0,1.0,0
2026_R04,PIA,13.0,93.463,MEDIUM,13.0,1.0,0
2026_R04,PIA,14.0,93.22,MEDIUM,14.0,1.0,0
2026_R04,PIA,15.0,93.497,MEDIUM,15.0,1.0,0
2026_R04,PIA,16.0,93.744,MEDIUM,16.0,1.0,0
2026_R04,PIA,17.0,94.581,MEDIUM,17.0,1.0,0
2026_R04,PIA,18.0,94.013,MEDIUM,18.0,1.0,0
2026_R04,PIA,19.0,93.718,MEDIUM,19.0,1.0,0
2026_R04,PIA,20.0,93.477,MEDIUM,20.0,1.0,0
2026_R04,PIA,21.0,93.541,MEDIUM,21.0,1.0,0
2026_R04,PIA,22.0,93.874,MEDIUM,22.0,1.0,0
2026_R04,PIA,23.0,93.83,MEDIUM,23.0,1.0,0
2026_R04,PIA,24.0,93.64,MEDIUM,24.0,1.0,0
2026_R04,PIA,25.0,94.551,MEDIUM,25.0,1.0,0
2026_R04,PIA,26.0,94.071,MEDIUM,26.0,1.0,0
2026_R04,PIA,27.0,93.95,MEDIUM,27.0,1.0,0
2026_R04,PIA,28.0,98.991,MEDIUM,28.0,1.0,1
2026_R04,PIA,29.0,107.494,HARD,1.0,2.0,0
2026_R04,PIA,30.0,91.949,HARD,2.0,2.0,0
2026_R04,PIA,31.0,92.439,HARD,3.0,2.0,0
2026_R04,PIA,32.0,92.398,HARD,4.0,2.0,0
2026_R04,PIA,33.0,93.32,HARD,5.0,2.0,0
2026_R04,PIA,34.0,94.217,HARD,6.0,2.0,0
2026_R04,PIA,35.0,94.257,HARD,7.0,2.0,0
2026_R04,PIA,36.0,93.268,HARD,8.0,2.0,0
2026_R04,PIA,37.0,92.836,HARD,9.0,2.0,0
2026_R04,PIA,38.0,92.55,HARD,10.0,2.0,0
2026_R04,PIA,39.0,92.593,HARD,11.0,2.0,0
2026_R04,PIA,40.0,92.524,HARD,12.0,2.0,0
2026_R04,PIA,41.0,92.8,HARD,13.0,2.0,0
2026_R04,PIA,42.0,92.664,HARD,14.0,2.0,0
2026_R04,PIA,43.0,92.838,HARD,15.0,2.0,0
2026_R04,PIA,44.0,92.784,HARD,16.0,2.0,0
2026_R04,PIA,45.0,92.298,HARD,17.0,2.0,0
2026_R04,PIA,46.0,92.496,HARD,18.0,2.0,0
2026_R04,PIA,47.0,92.61,HARD,19.0,2.0,0
2026_R04,PIA,48.0,93.578,HARD,20.0,2.0,0
2026_R04,PIA,49.0,92.759,HARD,21.0,2.0,0
2026_R04,PIA,50.0,92.425,HARD,22.0,2.0,0
2026_R04,PIA,51.0,92.416,HARD,23.0,2.0,0
2026_R04,PIA,52.0,92.449,HARD,24.0,2.0,0
2026_R04,PIA,53.0,92.22,HARD,25.0,2.0,0
2026_R04,PIA,54.0,91.986,HARD,26.0,2.0,0
2026_R04,PIA,55.0,92.696,HARD,27.0,2.0,0
2026_R04,PIA,56.0,93.246,HARD,28.0,2.0,0
2026_R04,PIA,57.0,93.237,HARD,29.0,2.0,0
2026_R04,BEA,1.0,105.758,MEDIUM,1.0,1.0,0
2026_R04,BEA,2.0,96.946,MEDIUM,2.0,1.0,0
2026_R04,BEA,3.0,94.892,MEDIUM,3.0,1.0,0
2026_R04,BEA,4.0,95.041,MEDIUM,4.0,1.0,0
2026_R04,BEA,5.0,95.796,MEDIUM,5.0,1.0,0
2026_R04,BEA,6.0,134.875,MEDIUM,6.0,1.0,0
2026_R04,BEA,7.0,129.357,MEDIUM,7.0,1.0,0
2026_R04,BEA,8.0,143.393,MEDIUM,8.0,1.0,0
2026_R04,BEA,9.0,143.301,MEDIUM,9.0,1.0,0
2026_R04,BEA,10.0,139.786,MEDIUM,10.0,1.0,0
2026_R04,BEA,11.0,144.654,MEDIUM,11.0,1.0,0
2026_R04,BEA,12.0,95.269,MEDIUM,12.0,1.0,0
2026_R04,BEA,13.0,95.032,MEDIUM,13.0,1.0,0
2026_R04,BEA,14.0,94.617,MEDIUM,14.0,1.0,0
2026_R04,BEA,15.0,95.111,MEDIUM,15.0,1.0,0
2026_R04,BEA,16.0,94.876,MEDIUM,16.0,1.0,0
2026_R04,BEA,17.0,95.207,MEDIUM,17.0,1.0,0
2026_R04,BEA,18.0,95.176,MEDIUM,18.0,1.0,0
2026_R04,BEA,19.0,95.097,MEDIUM,19.0,1.0,0
2026_R04,BEA,20.0,95.105,MEDIUM,20.0,1.0,0
2026_R04,BEA,21.0,95.271,MEDIUM,21.0,1.0,0
2026_R04,BEA,22.0,94.971,MEDIUM,22.0,1.0,0
2026_R04,BEA,23.0,96.529,MEDIUM,23.0,1.0,0
2026_R04,BEA,24.0,95.107,MEDIUM,24.0,1.0,0
2026_R04,BEA,25.0,95.015,MEDIUM,25.0,1.0,0
2026_R04,BEA,26.0,99.688,MEDIUM,26.0,1.0,1
2026_R04,BEA,27.0,108.534,HARD,1.0,2.0,0
2026_R04,BEA,28.0,93.744,HARD,2.0,2.0,0
2026_R04,BEA,29.0,94.061,HARD,3.0,2.0,0
2026_R04,BEA,30.0,93.841,HARD,4.0,2.0,0
2026_R04,BEA,31.0,94.085,HARD,5.0,2.0,0
2026_R04,BEA,32.0,94.102,HARD,6.0,2.0,0
2026_R04,BEA,33.0,93.867,HARD,7.0,2.0,0
2026_R04,BEA,34.0,94.303,HARD,8.0,2.0,0
2026_R04,BEA,35.0,94.198,HARD,9.0,2.0,0
2026_R04,BEA,36.0,94.273,HARD,10.0,2.0,0
2026_R04,BEA,37.0,94.245,HARD,11.0,2.0,0
2026_R04,BEA,38.0,94.369,HARD,12.0,2.0,0
2026_R04,BEA,39.0,94.403,HARD,13.0,2.0,0
2026_R04,BEA,40.0,94.359,HARD,14.0,2.0,0
2026_R04,BEA,41.0,94.444,HARD,15.0,2.0,0
2026_R04,BEA,42.0,94.408,HARD,16.0,2.0,0
2026_R04,BEA,43.0,94.879,HARD,17.0,2.0,0
2026_R04,BEA,44.0,94.482,HARD,18.0,2.0,0
2026_R04,BEA,45.0,94.588,HARD,19.0,2.0,0
2026_R04,BEA,46.0,94.353,HARD,20.0,2.0,0
2026_R04,BEA,47.0,97.535,HARD,21.0,2.0,0
2026_R04,BEA,48.0,94.753,HARD,22.0,2.0,0
2026_R04,BEA,49.0,94.342,HARD,23.0,2.0,0
2026_R04,BEA,50.0,94.287,HARD,24.0,2.0,0
2026_R04,BEA,51.0,94.447,HARD,25.0,2.0,0
2026_R04,BEA,52.0,94.72,HARD,26.0,2.0,0
2026_R04,BEA,53.0,94.356,HARD,27.0,2.0,0
2026_R04,BEA,54.0,95.415,HARD,28.0,2.0,0
2026_R04,BEA,55.0,95.896,HARD,29.0,2.0,0
2026_R04,BEA,56.0,94.514,HARD,30.0,2.0,0
2026_R05,NOR,1.0,86.181,INTERMEDIATE,1.0,1.0,0
2026_R05,NOR,2.0,97.774,INTERMEDIATE,2.0,1.0,1
2026_R05,NOR,3.0,84.075,MEDIUM,1.0,2.0,0
2026_R05,NOR,4.0,81.17,MEDIUM,2.0,2.0,0
2026_R05,NOR,5.0,78.603,MEDIUM,3.0,2.0,0
2026_R05,NOR,6.0,79.343,MEDIUM,4.0,2.0,0
2026_R05,NOR,7.0,78.079,MEDIUM,5.0,2.0,0
2026_R05,NOR,8.0,78.027,MEDIUM,6.0,2.0,0
2026_R05,NOR,9.0,77.106,MEDIUM,7.0,2.0,0
2026_R05,NOR,10.0,77.226,MEDIUM,8.0,2.0,0
2026_R05,NOR,11.0,77.933,MEDIUM,9.0,2.0,0
2026_R05,NOR,12.0,76.868,MEDIUM,10.0,2.0,0
2026_R05,NOR,13.0,77.68,MEDIUM,11.0,2.0,0
2026_R05,NOR,14.0,76.801,MEDIUM,12.0,2.0,0
2026_R05,NOR,15.0,98.836,MEDIUM,13.0,2.0,1
2026_R05,NOR,16.0,83.114,MEDIUM,4.0,3.0,0
2026_R05,NOR,17.0,77.206,MEDIUM,5.0,3.0,0
2026_R05,NOR,18.0,78.118,MEDIUM,6.0,3.0,0
2026_R05,NOR,19.0,76.877,MEDIUM,7.0,3.0,0
2026_R05,NOR,20.0,76.598,MEDIUM,8.0,3.0,0
2026_R05,NOR,21.0,76.974,MEDIUM,9.0,3.0,0
2026_R05,NOR,22.0,77.029,MEDIUM,10.0,3.0,0
2026_R05,NOR,23.0,79.051,MEDIUM,11.0,3.0,0
2026_R05,NOR,24.0,77.212,MEDIUM,12.0,3.0,0
2026_R05,NOR,25.0,76.692,MEDIUM,13.0,3.0,0
2026_R05,NOR,26.0,76.454,MEDIUM,14.0,3.0,0
2026_R05,NOR,27.0,76.187,MEDIUM,15.0,3.0,0
2026_R05,NOR,28.0,76.169,MEDIUM,16.0,3.0,0
2026_R05,NOR,29.0,76.238,MEDIUM,17.0,3.0,0
2026_R05,NOR,30.0,102.958,MEDIUM,18.0,3.0,0
2026_R05,NOR,31.0,103.679,MEDIUM,19.0,3.0,0
2026_R05,NOR,32.0,78.818,MEDIUM,20.0,3.0,0
2026_R05,NOR,33.0,76.514,MEDIUM,21.0,3.0,0
2026_R05,NOR,34.0,76.797,MEDIUM,22.0,3.0,0
2026_R05,NOR,35.0,76.614,MEDIUM,23.0,3.0,0
2026_R05,NOR,36.0,75.845,MEDIUM,24.0,3.0,0
2026_R05,NOR,37.0,76.361,MEDIUM,25.0,3.0,0
2026_R05,NOR,38.0,76.014,MEDIUM,26.0,3.0,0
2026_R05,NOR,39.0,,MEDIUM,27.0,3.0,0
2026_R05,GAS,1.0,95.442,MEDIUM,1.0,1.0,0
2026_R05,GAS,2.0,86.222,MEDIUM,2.0,1.0,0
2026_R05,GAS,3.0,80.561,MEDIUM,3.0,1.0,0
2026_R05,GAS,4.0,80.937,MEDIUM,4.0,1.0,0
2026_R05,GAS,5.0,80.946,MEDIUM,5.0,1.0,0
2026_R05,GAS,6.0,79.779,MEDIUM,6.0,1.0,0
2026_R05,GAS,7.0,79.013,MEDIUM,7.0,1.0,0
2026_R05,GAS,8.0,78.469,MEDIUM,8.0,1.0,0
2026_R05,GAS,9.0,77.916,MEDIUM,9.0,1.0,0
2026_R05,GAS,10.0,77.79,MEDIUM,10.0,1.0,0
2026_R05,GAS,11.0,78.575,MEDIUM,11.0,1.0,0
2026_R05,GAS,12.0,79.019,MEDIUM,12.0,1.0,0
2026_R05,GAS,13.0,79.232,MEDIUM,13.0,1.0,0
2026_R05,GAS,14.0,78.013,MEDIUM,14.0,1.0,0
2026_R05,GAS,15.0,77.595,MEDIUM,15.0,1.0,0
2026_R05,GAS,16.0,77.569,MEDIUM,16.0,1.0,0
2026_R05,GAS,17.0,77.633,MEDIUM,17.0,1.0,0
2026_R05,GAS,18.0,77.456,MEDIUM,18.0,1.0,0
2026_R05,GAS,19.0,77.419,MEDIUM,19.0,1.0,0
2026_R05,GAS,20.0,77.507,MEDIUM,20.0,1.0,0
2026_R05,GAS,21.0,77.774,MEDIUM,21.0,1.0,0
2026_R05,GAS,22.0,77.432,MEDIUM,22.0,1.0,0
2026_R05,GAS,23.0,78.091,MEDIUM,23.0,1.0,0
2026_R05,GAS,24.0,77.292,MEDIUM,24.0,1.0,0
2026_R05,GAS,25.0,77.319,MEDIUM,25.0,1.0,0
2026_R05,GAS,26.0,77.098,MEDIUM,26.0,1.0,0
2026_R05,GAS,27.0,77.05,MEDIUM,27.0,1.0,0
2026_R05,GAS,28.0,76.981,MEDIUM,28.0,1.0,0
2026_R05,GAS,29.0,76.867,MEDIUM,29.0,1.0,0
2026_R05,GAS,30.0,112.733,MEDIUM,30.0,1.0,1
2026_R05,GAS,31.0,104.736,HARD,1.0,2.0,0
2026_R05,GAS,32.0,80.704,HARD,2.0,2.0,0
2026_R05,GAS,33.0,78.117,HARD,3.0,2.0,0
2026_R05,GAS,34.0,77.469,HARD,4.0,2.0,0
2026_R05,GAS,35.0,77.389,HARD,5.0,2.0,0
2026_R05,GAS,36.0,77.233,HARD,6.0,2.0,0
2026_R05,GAS,37.0,76.922,HARD,7.0,2.0,0
2026_R05,GAS,38.0,78.909,HARD,8.0,2.0,0
2026_R05,GAS,39.0,76.835,HARD,9.0,2.0,0
2026_R05,GAS,40.0,76.585,HARD,10.0,2.0,0
2026_R05,GAS,41.0,76.395,HARD,11.0,2.0,0
2026_R05,GAS,42.0,76.245,HARD,12.0,2.0,0
2026_R05,GAS,43.0,76.219,HARD,13.0,2.0,0
2026_R05,GAS,44.0,77.859,HARD,14.0,2.0,0
2026_R05,GAS,45.0,93.48,HARD,15.0,2.0,0
2026_R05,GAS,46.0,76.888,HARD,16.0,2.0,0
2026_R05,GAS,47.0,78.366,HARD,17.0,2.0,0
2026_R05,GAS,48.0,77.589,HARD,18.0,2.0,0
2026_R05,GAS,49.0,76.686,HARD,19.0,2.0,0
2026_R05,GAS,50.0,76.065,HARD,20.0,2.0,0
2026_R05,GAS,51.0,81.545,HARD,21.0,2.0,0
2026_R05,GAS,52.0,103.81,HARD,22.0,2.0,0
2026_R05,GAS,53.0,81.624,HARD,23.0,2.0,0
2026_R05,GAS,54.0,76.366,HARD,24.0,2.0,0
2026_R05,GAS,55.0,75.863,HARD,25.0,2.0,0
2026_R05,GAS,56.0,75.861,HARD,26.0,2.0,0
2026_R05,GAS,57.0,75.785,HARD,27.0,2.0,0
2026_R05,GAS,58.0,75.983,HARD,28.0,2.0,0
2026_R05,GAS,59.0,75.752,HARD,29.0,2.0,0
2026_R05,GAS,60.0,75.927,HARD,30.0,2.0,0
2026_R05,GAS,61.0,75.895,HARD,31.0,2.0,0
2026_R05,GAS,62.0,76.121,HARD,32.0,2.0,0
2026_R05,GAS,63.0,75.821,HARD,33.0,2.0,0
2026_R05,GAS,64.0,76.853,HARD,34.0,2.0,0
2026_R05,GAS,65.0,78.473,HARD,35.0,2.0,0
2026_R05,GAS,66.0,76.84,HARD,36.0,2.0,0
2026_R05,GAS,67.0,75.39,HARD,37.0,2.0,0
2026_R05,PER,1.0,98.381,INTERMEDIATE,1.0,1.0,0
2026_R05,PER,2.0,105.019,INTERMEDIATE,2.0,1.0,1
2026_R05,PER,3.0,87.118,SOFT,1.0,2.0,0
2026_R05,PER,4.0,81.608,SOFT,2.0,2.0,0
2026_R05,PER,5.0,80.101,SOFT,3.0,2.0,0
2026_R05,PER,6.0,79.057,SOFT,4.0,2.0,0
2026_R05,PER,7.0,78.721,SOFT,5.0,2.0,0
2026_R05,PER,8.0,78.712,SOFT,6.0,2.0,0
2026_R05,PER,9.0,79.086,SOFT,7.0,2.0,0
2026_R05,PER,10.0,78.497,SOFT,8.0,2.0,0
2026_R05,PER,11.0,78.563,SOFT,9.0,2.0,0
2026_R05,PER,12.0,78.687,SOFT,10.0,2.0,0
2026_R05,PER,13.0,79.271,SOFT,11.0,2.0,0
2026_R05,PER,14.0,79.206,SOFT,12.0,2.0,0
2026_R05,PER,15.0,96.181,SOFT,13.0,2.0,1
2026_R05,PER,16.0,84.198,MEDIUM,1.0,3.0,0
2026_R05,PER,17.0,79.807,MEDIUM,2.0,3.0,0
2026_R05,PER,18.0,79.122,MEDIUM,3.0,3.0,0
2026_R05,PER,19.0,78.59,MEDIUM,4.0,3.0,0
2026_R05,PER,20.0,78.568,MEDIUM,5.0,3.0,0
2026_R05,PER,21.0,79.388,MEDIUM,6.0,3.0,0
2026_R05,PER,22.0,77.96,MEDIUM,7.0,3.0,0
2026_R05,PER,23.0,77.936,MEDIUM,8.0,3.0,0
2026_R05,PER,24.0,78.212,MEDIUM,9.0,3.0,0
2026_R05,PER,25.0,78.463,MEDIUM,10.0,3.0,0
2026_R05,PER,26.0,78.104,MEDIUM,11.0,3.0,0
2026_R05,PER,27.0,78.478,MEDIUM,12.0,3.0,0
2026_R05,PER,28.0,77.987,MEDIUM,13.0,3.0,0
2026_R05,PER,29.0,112.109,MEDIUM,14.0,3.0,1
2026_R05,PER,30.0,108.011,SOFT,1.0,4.0,0
2026_R05,PER,31.0,83.416,SOFT,2.0,4.0,0
2026_R05,PER,32.0,79.248,SOFT,3.0,4.0,0
2026_R05,PER,33.0,81.253,SOFT,4.0,4.0,0
2026_R05,PER,34.0,78.112,SOFT,5.0,4.0,0
2026_R05,PER,35.0,77.12,SOFT,6.0,4.0,0
2026_R05,PER,36.0,77.398,SOFT,7.0,4.0,0
2026_R05,PER,37.0,76.915,SOFT,8.0,4.0,0
2026_R05,PER,38.0,77.423,SOFT,9.0,4.0,0
2026_R05,PER,39.0,80.864,SOFT,10.0,4.0,0
2026_R05,PER,40.0,,SOFT,11.0,4.0,1
2026_R05,ANT,1.0,87.34,SOFT,5.0,1.0,0
2026_R05,ANT,2.0,81.447,SOFT,6.0,1.0,0
2026_R05,ANT,3.0,78.974,SOFT,7.0,1.0,0
2026_R05,ANT,4.0,77.974,SOFT,8.0,1.0,0
2026_R05,ANT,5.0,77.058,SOFT,9.0,1.0,0
2026_R05,ANT,6.0,77.71,SOFT,10.0,1.0,0
2026_R05,ANT,7.0,76.873,SOFT,11.0,1.0,0
2026_R05,ANT,8.0,76.047,SOFT,12.0,1.0,0
2026_R05,ANT,9.0,75.848,SOFT,13.0,1.0,0
2026_R05,ANT,10.0,75.74,SOFT,14.0,1.0,0
2026_R05,ANT,11.0,75.63,SOFT,15.0,1.0,0
2026_R05,ANT,12.0,75.916,SOFT,16.0,1.0,0
2026_R05,ANT,13.0,77.833,SOFT,17.0,1.0,0
2026_R05,ANT,14.0,76.126,SOFT,18.0,1.0,0
2026_R05,ANT,15.0,75.635,SOFT,19.0,1.0,0
2026_R05,ANT,16.0,75.411,SOFT,20.0,1.0,0
2026_R05,ANT,17.0,76.531,SOFT,21.0,1.0,0
2026_R05,ANT,18.0,75.715,SOFT,22.0,1.0,0
2026_R05,ANT,19.0,75.587,SOFT,23.0,1.0,0
2026_R05,ANT,20.0,75.559,SOFT,24.0,1.0,0
2026_R05,ANT,21.0,75.439,SOFT,25.0,1.0,0
2026_R05,ANT,22.0,76.182,SOFT,26.0,1.0,0
2026_R05,ANT,23.0,75.413,SOFT,27.0,1.0,0
2026_R05,ANT,24.0,76.465,SOFT,28.0,1.0,0
2026_R05,ANT,25.0,78.543,SOFT,29.0,1.0,0
2026_R05,ANT,26.0,76.48,SOFT,30.0,1.0,0
2026_R05,ANT,27.0,75.971,SOFT,31.0,1.0,0
2026_R05,ANT,28.0,76.427,SOFT,32.0,1.0,0
2026_R05,ANT,29.0,75.752,SOFT,33.0,1.0,0
2026_R05,ANT,30.0,76.361,SOFT,34.0,1.0,0
2026_R05,ANT,31.0,119.239,SOFT,35.0,1.0,1
2026_R05,ANT,32.0,101.101,MEDIUM,1.0,2.0,0
2026_R05,ANT,33.0,79.265,MEDIUM,2.0,2.0,0
2026_R05,ANT,34.0,76.29,MEDIUM,3.0,2.0,0
2026_R05,ANT,35.0,76.101,MEDIUM,4.0,2.0,0
2026_R05,ANT,36.0,75.708,MEDIUM,5.0,2.0,0
2026_R05,ANT,37.0,75.466,MEDIUM,6.0,2.0,0
2026_R05,ANT,38.0,75.235,MEDIUM,7.0,2.0,0
2026_R05,ANT,39.0,75.29,MEDIUM,8.0,2.0,0
2026_R05,ANT,40.0,75.871,MEDIUM,9.0,2.0,0
2026_R05,ANT,41.0,77.905,MEDIUM,10.0,2.0,0
2026_R05,ANT,42.0,75.244,MEDIUM,11.0,2.0,0
2026_R05,ANT,43.0,74.814,MEDIUM,12.0,2.0,0
2026_R05,ANT,44.0,75.179,MEDIUM,13.0,2.0,0
2026_R05,ANT,45.0,75.276,MEDIUM,14.0,2.0,0
2026_R05,ANT,46.0,93.385,MEDIUM,15.0,2.0,0
2026_R05,ANT,47.0,75.877,MEDIUM,16.0,2.0,0
2026_R05,ANT,48.0,75.019,MEDIUM,17.0,2.0,0
2026_R05,ANT,49.0,74.935,MEDIUM,18.0,2.0,0
2026_R05,ANT,50.0,74.77,MEDIUM,19.0,2.0,0
2026_R05,ANT,51.0,74.604,MEDIUM,20.0,2.0,0
2026_R05,ANT,52.0,74.366,MEDIUM,21.0,2.0,0
2026_R05,ANT,53.0,106.356,MEDIUM,22.0,2.0,0
2026_R05,ANT,54.0,83.636,MEDIUM,23.0,2.0,0
2026_R05,ANT,55.0,75.387,MEDIUM,24.0,2.0,0
2026_R05,ANT,56.0,75.009,MEDIUM,25.0,2.0,0
2026_R05,ANT,57.0,74.909,MEDIUM,26.0,2.0,0
2026_R05,ANT,58.0,74.701,MEDIUM,27.0,2.0,0
2026_R05,ANT,59.0,74.79,MEDIUM,28.0,2.0,0
2026_R05,ANT,60.0,74.445,MEDIUM,29.0,2.0,0
2026_R05,ANT,61.0,74.34,MEDIUM,30.0,2.0,0
2026_R05,ANT,62.0,75.413,MEDIUM,31.0,2.0,0
2026_R05,ANT,63.0,74.726,MEDIUM,32.0,2.0,0
2026_R05,ANT,64.0,75.119,MEDIUM,33.0,2.0,0
2026_R05,ANT,65.0,74.769,MEDIUM,34.0,2.0,0
2026_R05,ANT,66.0,74.412,MEDIUM,35.0,2.0,0
2026_R05,ANT,67.0,74.609,MEDIUM,36.0,2.0,0
2026_R05,ANT,68.0,74.21,MEDIUM,37.0,2.0,0
2026_R05,ALO,1.0,96.126,SOFT,1.0,1.0,0
2026_R05,ALO,2.0,83.708,SOFT,2.0,1.0,0
2026_R05,ALO,3.0,81.584,SOFT,3.0,1.0,0
2026_R05,ALO,4.0,81.632,SOFT,4.0,1.0,0
2026_R05,ALO,5.0,80.381,SOFT,5.0,1.0,0
2026_R05,ALO,6.0,80.942,SOFT,6.0,1.0,0
2026_R05,ALO,7.0,79.951,SOFT,7.0,1.0,0
2026_R05,ALO,8.0,80.619,SOFT,8.0,1.0,0
2026_R05,ALO,9.0,79.708,SOFT,9.0,1.0,0
2026_R05,ALO,10.0,79.635,SOFT,10.0,1.0,0
2026_R05,ALO,11.0,79.737,SOFT,11.0,1.0,0
2026_R05,ALO,12.0,80.134,SOFT,12.0,1.0,0
2026_R05,ALO,13.0,80.602,SOFT,13.0,1.0,0
2026_R05,ALO,14.0,79.699,SOFT,14.0,1.0,0
2026_R05,ALO,15.0,80.224,SOFT,15.0,1.0,0
2026_R05,ALO,16.0,80.409,SOFT,16.0,1.0,0
2026_R05,ALO,17.0,80.79,SOFT,17.0,1.0,0
2026_R05,ALO,18.0,80.341,SOFT,18.0,1.0,0
2026_R05,ALO,19.0,81.994,SOFT,19.0,1.0,0
2026_R05,ALO,20.0,97.254,SOFT,20.0,1.0,1
2026_R05,ALO,21.0,84.22,SOFT,1.0,2.0,0
2026_R05,ALO,22.0,80.426,SOFT,2.0,2.0,0
2026_R05,ALO,23.0,80.864,SOFT,3.0,2.0,0
2026_R05,ALO,24.0,,SOFT,4.0,2.0,1
2026_R05,LEC,1.0,90.453,SOFT,5.0,1.0,0
2026_R05,LEC,2.0,80.351,SOFT,6.0,1.0,0
2026_R05,LEC,3.0,79.524,SOFT,7.0,1.0,0
2026_R05,LEC,4.0,78.636,SOFT,8.0,1.0,0
2026_R05,LEC,5.0,77.808,SOFT,9.0,1.0,0
2026_R05,LEC,6.0,77.344,SOFT,10.0,1.0,0
2026_R05,LEC,7.0,77.19,SOFT,11.0,1.0,0
2026_R05,LEC,8.0,76.639,SOFT,12.0,1.0,0
2026_R05,LEC,9.0,76.479,SOFT,13.0,1.0,0
2026_R05,LEC,10.0,76.469,SOFT,14.0,1.0,0
2026_R05,LEC,11.0,76.227,SOFT,15.0,1.0,0
2026_R05,LEC,12.0,76.218,SOFT,16.0,1.0,0
2026_R05,LEC,13.0,76.829,SOFT,17.0,1.0,0
2026_R05,LEC,14.0,80.202,SOFT,18.0,1.0,0
2026_R05,LEC,15.0,76.757,SOFT,19.0,1.0,0
2026_R05,LEC,16.0,76.583,SOFT,20.0,1.0,0
2026_R05,LEC,17.0,76.553,SOFT,21.0,1.0,0
2026_R05,LEC,18.0,76.585,SOFT,22.0,1.0,0
2026_R05,LEC,19.0,76.35,SOFT,23.0,1.0,0
2026_R05,LEC,20.0,76.28,SOFT,24.0,1.0,0
2026_R05,LEC,21.0,76.264,SOFT,25.0,1.0,0
2026_R05,LEC,22.0,76.091,SOFT,26.0,1.0,0
2026_R05,LEC,23.0,76.279,SOFT,27.0,1.0,0
2026_R05,LEC,24.0,76.096,SOFT,28.0,1.0,0
2026_R05,LEC,25.0,76.246,SOFT,29.0,1.0,0
2026_R05,LEC,26.0,76.279,SOFT,30.0,1.0,0
2026_R05,LEC,27.0,76.09,SOFT,31.0,1.0,0
2026_R05,LEC,28.0,76.461,SOFT,32.0,1.0,0
2026_R05,LEC,29.0,76.296,SOFT,33.0,1.0,0
2026_R05,LEC,30.0,80.088,SOFT,34.0,1.0,0
2026_R05,LEC,31.0,125.485,SOFT,35.0,1.0,1
2026_R05,LEC,32.0,95.42,MEDIUM,1.0,2.0,0
2026_R05,LEC,33.0,77.619,MEDIUM,2.0,2.0,0
2026_R05,LEC,34.0,77.053,MEDIUM,3.0,2.0,0
2026_R05,LEC,35.0,76.251,MEDIUM,4.0,2.0,0
2026_R05,LEC,36.0,76.189,MEDIUM,5.0,2.0,0
2026_R05,LEC,37.0,75.297,MEDIUM,6.0,2.0,0
2026_R05,LEC,38.0,75.364,MEDIUM,7.0,2.0,0
2026_R05,LEC,39.0,75.811,MEDIUM,8.0,2.0,0
2026_R05,LEC,40.0,75.608,MEDIUM,9.0,2.0,0
2026_R05,LEC,41.0,75.612,MEDIUM,10.0,2.0,0
2026_R05,LEC,42.0,75.662,MEDIUM,11.0,2.0,0
2026_R05,LEC,43.0,75.52,MEDIUM,12.0,2.0,0
2026_R05,LEC,44.0,75.369,MEDIUM,13.0,2.0,0
2026_R05,LEC,45.0,75.38,MEDIUM,14.0,2.0,0
2026_R05,LEC,46.0,91.795,MEDIUM,15.0,2.0,0
2026_R05,LEC,47.0,75.36,MEDIUM,16.0,2.0,0
2026_R05,LEC,48.0,75.603,MEDIUM,17.0,2.0,0
2026_R05,LEC,49.0,75.698,MEDIUM,18.0,2.0,0
2026_R05,LEC,50.0,75.433,MEDIUM,19.0,2.0,0
2026_R05,LEC,51.0,77.12,MEDIUM,20.0,2.0,0
2026_R05,LEC,52.0,83.237,MEDIUM,21.0,2.0,0
2026_R05,LEC,53.0,107.267,MEDIUM,22.0,2.0,0
2026_R05,LEC,54.0,77.917,MEDIUM,23.0,2.0,0
2026_R05,LEC,55.0,76.609,MEDIUM,24.0,2.0,0
2026_R05,LEC,56.0,75.972,MEDIUM,25.0,2.0,0
2026_R05,LEC,57.0,75.875,MEDIUM,26.0,2.0,0
2026_R05,LEC,58.0,75.97,MEDIUM,27.0,2.0,0
2026_R05,LEC,59.0,75.981,MEDIUM,28.0,2.0,0
2026_R05,LEC,60.0,75.55,MEDIUM,29.0,2.0,0
2026_R05,LEC,61.0,75.397,MEDIUM,30.0,2.0,0
2026_R05,LEC,62.0,75.574,MEDIUM,31.0,2.0,0
2026_R05,LEC,63.0,75.917,MEDIUM,32.0,2.0,0
2026_R05,LEC,64.0,76.651,MEDIUM,33.0,2.0,0
2026_R05,LEC,65.0,76.472,MEDIUM,34.0,2.0,0
2026_R05,LEC,66.0,77.21,MEDIUM,35.0,2.0,0
2026_R05,LEC,67.0,76.468,MEDIUM,36.0,2.0,0
2026_R05,LEC,68.0,77.526,MEDIUM,37.0,2.0,0
2026_R05,STR,1.0,101.845,SOFT,1.0,1.0,0
2026_R05,STR,2.0,85.078,SOFT,2.0,1.0,0
2026_R05,STR,3.0,84.513,SOFT,3.0,1.0,0
2026_R05,STR,4.0,82.518,SOFT,4.0,1.0,0
2026_R05,STR,5.0,81.863,SOFT,5.0,1.0,0
2026_R05,STR,6.0,80.837,SOFT,6.0,1.0,0
2026_R05,STR,7.0,80.901,SOFT,7.0,1.0,0
2026_R05,STR,8.0,83.593,SOFT,8.0,1.0,0
2026_R05,STR,9.0,80.904,SOFT,9.0,1.0,0
2026_R05,STR,10.0,80.266,SOFT,10.0,1.0,0
2026_R05,STR,11.0,80.574,SOFT,11.0,1.0,0
2026_R05,STR,12.0,80.133,SOFT,12.0,1.0,0
2026_R05,STR,13.0,80.526,SOFT,13.0,1.0,0
2026_R05,STR,14.0,96.211,SOFT,14.0,1.0,1
2026_R05,STR,15.0,85.811,SOFT,1.0,2.0,0
2026_R05,STR,16.0,82.036,SOFT,2.0,2.0,0
2026_R05,STR,17.0,81.135,SOFT,3.0,2.0,0
2026_R05,STR,18.0,79.68,SOFT,4.0,2.0,0
2026_R05,STR,19.0,80.036,SOFT,5.0,2.0,0
2026_R05,STR,20.0,83.042,SOFT,6.0,2.0,0
2026_R05,STR,21.0,79.862,SOFT,7.0,2.0,0
2026_R05,STR,22.0,81.253,SOFT,8.0,2.0,0
2026_R05,STR,23.0,79.122,SOFT,9.0,2.0,0
2026_R05,STR,24.0,79.142,SOFT,10.0,2.0,0
2026_R05,STR,25.0,79.076,SOFT,11.0,2.0,0
2026_R05,STR,26.0,80.571,SOFT,12.0,2.0,0
2026_R05,STR,27.0,79.395,SOFT,13.0,2.0,0
2026_R05,STR,28.0,82.859,SOFT,14.0,2.0,0
2026_R05,STR,29.0,102.893,SOFT,15.0,2.0,0
2026_R05,STR,30.0,104.767,SOFT,16.0,2.0,0
2026_R05,STR,31.0,82.23,SOFT,17.0,2.0,0
2026_R05,STR,32.0,81.397,SOFT,18.0,2.0,0
2026_R05,STR,33.0,80.465,SOFT,19.0,2.0,0
2026_R05,STR,34.0,83.956,SOFT,20.0,2.0,0
2026_R05,STR,35.0,79.902,SOFT,21.0,2.0,0
2026_R05,STR,36.0,80.547,SOFT,22.0,2.0,0
2026_R05,STR,37.0,79.966,SOFT,23.0,2.0,0
2026_R05,STR,38.0,79.25,SOFT,24.0,2.0,0
2026_R05,STR,39.0,78.721,SOFT,25.0,2.0,0
2026_R05,STR,40.0,80.294,SOFT,26.0,2.0,0
2026_R05,STR,41.0,78.926,SOFT,27.0,2.0,0
2026_R05,STR,42.0,81.728,SOFT,28.0,2.0,0
2026_R05,STR,43.0,90.971,SOFT,29.0,2.0,0
2026_R05,STR,44.0,82.845,SOFT,30.0,2.0,0
2026_R05,STR,45.0,80.912,SOFT,31.0,2.0,0
2026_R05,STR,46.0,80.342,SOFT,32.0,2.0,0
2026_R05,STR,47.0,81.287,SOFT,33.0,2.0,0
2026_R05,STR,48.0,80.532,SOFT,34.0,2.0,0
2026_R05,STR,49.0,96.887,SOFT,35.0,2.0,1
2026_R05,STR,50.0,105.68,MEDIUM,1.0,3.0,0
2026_R05,STR,51.0,82.024,MEDIUM,2.0,3.0,0
2026_R05,STR,52.0,80.845,MEDIUM,3.0,3.0,0
2026_R05,STR,53.0,79.609,MEDIUM,4.0,3.0,0
2026_R05,STR,54.0,79.16,MEDIUM,5.0,3.0,0
2026_R05,STR,55.0,80.146,MEDIUM,6.0,3.0,0
2026_R05,STR,56.0,82.541,MEDIUM,7.0,3.0,0
2026_R05,STR,57.0,80.797,MEDIUM,8.0,3.0,0
2026_R05,STR,58.0,79.136,MEDIUM,9.0,3.0,0
2026_R05,STR,59.0,78.877,MEDIUM,10.0,3.0,0
2026_R05,STR,60.0,79.412,MEDIUM,11.0,3.0,0
2026_R05,STR,61.0,79.012,MEDIUM,12.0,3.0,0
2026_R05,STR,62.0,79.435,MEDIUM,13.0,3.0,0
2026_R05,STR,63.0,79.249,MEDIUM,14.0,3.0,0
2026_R05,STR,64.0,86.632,MEDIUM,15.0,3.0,0
2026_R05,ALB,1.0,99.163,SOFT,1.0,1.0,0
2026_R05,ALB,2.0,85.514,SOFT,2.0,1.0,0
2026_R05,ALB,3.0,82.804,SOFT,3.0,1.0,0
2026_R05,ALB,4.0,80.367,SOFT,4.0,1.0,0
2026_R05,ALB,5.0,79.059,SOFT,5.0,1.0,0
2026_R05,ALB,6.0,79.533,SOFT,6.0,1.0,0
2026_R05,ALB,7.0,78.638,SOFT,7.0,1.0,0
2026_R05,ALB,8.0,79.217,SOFT,8.0,1.0,0
2026_R05,ALB,9.0,77.641,SOFT,9.0,1.0,0
2026_R05,ALB,10.0,77.496,SOFT,10.0,1.0,0
2026_R05,ALB,11.0,77.221,SOFT,11.0,1.0,0
2026_R05,ALB,12.0,,SOFT,12.0,1.0,0
2026_R05,HUL,1.0,93.863,INTERMEDIATE,1.0,1.0,0
2026_R05,HUL,2.0,103.067,INTERMEDIATE,2.0,1.0,1
2026_R05,HUL,3.0,85.251,SOFT,5.0,2.0,0
2026_R05,HUL,4.0,81.051,SOFT,6.0,2.0,0
2026_R05,HUL,5.0,79.925,SOFT,7.0,2.0,0
2026_R05,HUL,6.0,81.876,SOFT,8.0,2.0,0
2026_R05,HUL,7.0,78.523,SOFT,9.0,2.0,0
2026_R05,HUL,8.0,78.096,SOFT,10.0,2.0,0
2026_R05,HUL,9.0,79.186,SOFT,11.0,2.0,0
2026_R05,HUL,10.0,78.341,SOFT,12.0,2.0,0
2026_R05,HUL,11.0,78.001,SOFT,13.0,2.0,0
2026_R05,HUL,12.0,77.988,SOFT,14.0,2.0,0
2026_R05,HUL,13.0,78.209,SOFT,15.0,2.0,0
2026_R05,HUL,14.0,77.676,SOFT,16.0,2.0,0
2026_R05,HUL,15.0,77.389,SOFT,17.0,2.0,0
2026_R05,HUL,16.0,79.039,SOFT,18.0,2.0,0
2026_R05,HUL,17.0,77.698,SOFT,19.0,2.0,0
2026_R05,HUL,18.0,77.496,SOFT,20.0,2.0,0
2026_R05,HUL,19.0,77.126,SOFT,21.0,2.0,0
2026_R05,HUL,20.0,100.437,SOFT,22.0,2.0,1
2026_R05,HUL,21.0,82.641,MEDIUM,1.0,3.0,0
2026_R05,HUL,22.0,78.264,MEDIUM,2.0,3.0,0
2026_R05,HUL,23.0,77.726,MEDIUM,3.0,3.0,0
2026_R05,HUL,24.0,77.589,MEDIUM,4.0,3.0,0
2026_R05,HUL,25.0,77.452,MEDIUM,5.0,3.0,0
2026_R05,HUL,26.0,77.472,MEDIUM,6.0,3.0,0
2026_R05,HUL,27.0,77.73,MEDIUM,7.0,3.0,0
2026_R05,HUL,28.0,77.633,MEDIUM,8.0,3.0,0
2026_R05,HUL,29.0,89.696,MEDIUM,9.0,3.0,0
2026_R05,HUL,30.0,104.082,MEDIUM,10.0,3.0,0
2026_R05,HUL,31.0,93.293,MEDIUM,11.0,3.0,0
2026_R05,HUL,32.0,78.388,MEDIUM,12.0,3.0,0
2026_R05,HUL,33.0,77.902,MEDIUM,13.0,3.0,0
2026_R05,HUL,34.0,77.032,MEDIUM,14.0,3.0,0
2026_R05,HUL,35.0,77.051,MEDIUM,15.0,3.0,0
2026_R05,HUL,36.0,76.838,MEDIUM,16.0,3.0,0
2026_R05,HUL,37.0,76.578,MEDIUM,17.0,3.0,0
2026_R05,HUL,38.0,77.028,MEDIUM,18.0,3.0,0
2026_R05,HUL,39.0,76.689,MEDIUM,19.0,3.0,0
2026_R05,HUL,40.0,76.65,MEDIUM,20.0,3.0,0
2026_R05,HUL,41.0,76.837,MEDIUM,21.0,3.0,0
2026_R05,HUL,42.0,76.798,MEDIUM,22.0,3.0,0
2026_R05,HUL,43.0,76.851,MEDIUM,23.0,3.0,0
2026_R05,HUL,44.0,82.025,MEDIUM,24.0,3.0,0
2026_R05,HUL,45.0,87.249,MEDIUM,25.0,3.0,0
2026_R05,HUL,46.0,77.069,MEDIUM,26.0,3.0,0
2026_R05,HUL,47.0,77.101,MEDIUM,27.0,3.0,0
2026_R05,HUL,48.0,76.57,MEDIUM,28.0,3.0,0
2026_R05,HUL,49.0,76.624,MEDIUM,29.0,3.0,0
2026_R05,HUL,50.0,76.284,MEDIUM,30.0,3.0,0
2026_R05,HUL,51.0,94.24,MEDIUM,31.0,3.0,0
2026_R05,HUL,52.0,95.836,MEDIUM,32.0,3.0,0
2026_R05,HUL,53.0,77.497,MEDIUM,33.0,3.0,0
2026_R05,HUL,54.0,77.079,MEDIUM,34.0,3.0,0
2026_R05,HUL,55.0,76.458,MEDIUM,35.0,3.0,0
2026_R05,HUL,56.0,76.51,MEDIUM,36.0,3.0,0
2026_R05,HUL,57.0,76.275,MEDIUM,37.0,3.0,0
2026_R05,HUL,58.0,77.057,MEDIUM,38.0,3.0,0
2026_R05,HUL,59.0,76.329,MEDIUM,39.0,3.0,0
2026_R05,HUL,60.0,85.706,MEDIUM,40.0,3.0,0
2026_R05,HUL,61.0,76.885,MEDIUM,41.0,3.0,0
2026_R05,HUL,62.0,78.443,MEDIUM,42.0,3.0,0
2026_R05,HUL,63.0,77.02,MEDIUM,43.0,3.0,0
2026_R05,HUL,64.0,77.186,MEDIUM,44.0,3.0,0
2026_R05,HUL,65.0,76.453,MEDIUM,45.0,3.0,0
2026_R05,HUL,66.0,79.586,MEDIUM,46.0,3.0,0
2026_R05,VER,1.0,89.924,SOFT,6.0,1.0,0
2026_R05,VER,2.0,80.276,SOFT,7.0,1.0,0
2026_R05,VER,3.0,79.617,SOFT,8.0,1.0,0
2026_R05,VER,4.0,77.834,SOFT,9.0,1.0,0
2026_R05,VER,5.0,77.221,SOFT,10.0,1.0,0
2026_R05,VER,6.0,77.206,SOFT,11.0,1.0,0
2026_R05,VER,7.0,76.674,SOFT,12.0,1.0,0
2026_R05,VER,8.0,76.576,SOFT,13.0,1.0,0
2026_R05,VER,9.0,76.804,SOFT,14.0,1.0,0
2026_R05,VER,10.0,76.459,SOFT,15.0,1.0,0
2026_R05,VER,11.0,76.497,SOFT,16.0,1.0,0
2026_R05,VER,12.0,76.352,SOFT,17.0,1.0,0
2026_R05,VER,13.0,76.532,SOFT,18.0,1.0,0
2026_R05,VER,14.0,76.372,SOFT,19.0,1.0,0
2026_R05,VER,15.0,76.174,SOFT,20.0,1.0,0
2026_R05,VER,16.0,76.132,SOFT,21.0,1.0,0
2026_R05,VER,17.0,76.088,SOFT,22.0,1.0,0
2026_R05,VER,18.0,76.006,SOFT,23.0,1.0,0
2026_R05,VER,19.0,76.203,SOFT,24.0,1.0,0
2026_R05,VER,20.0,76.18,SOFT,25.0,1.0,0
2026_R05,VER,21.0,76.744,SOFT,26.0,1.0,0
2026_R05,VER,22.0,75.837,SOFT,27.0,1.0,0
2026_R05,VER,23.0,76.262,SOFT,28.0,1.0,0
2026_R05,VER,24.0,76.871,SOFT,29.0,1.0,0
2026_R05,VER,25.0,76.423,SOFT,30.0,1.0,0
2026_R05,VER,26.0,76.335,SOFT,31.0,1.0,0
2026_R05,VER,27.0,76.262,SOFT,32.0,1.0,0
2026_R05,VER,28.0,76.101,SOFT,33.0,1.0,0
2026_R05,VER,29.0,76.255,SOFT,34.0,1.0,0
2026_R05,VER,30.0,76.01,SOFT,35.0,1.0,0
2026_R05,VER,31.0,119.102,SOFT,36.0,1.0,1
2026_R05,VER,32.0,100.342,MEDIUM,1.0,2.0,0
2026_R05,VER,33.0,78.32,MEDIUM,2.0,2.0,0
2026_R05,VER,34.0,77.06,MEDIUM,3.0,2.0,0
2026_R05,VER,35.0,76.43,MEDIUM,4.0,2.0,0
2026_R05,VER,36.0,76.57,MEDIUM,5.0,2.0,0
2026_R05,VER,37.0,75.535,MEDIUM,6.0,2.0,0
2026_R05,VER,38.0,75.69,MEDIUM,7.0,2.0,0
2026_R05,VER,39.0,75.635,MEDIUM,8.0,2.0,0
2026_R05,VER,40.0,75.596,MEDIUM,9.0,2.0,0
2026_R05,VER,41.0,75.618,MEDIUM,10.0,2.0,0
2026_R05,VER,42.0,75.415,MEDIUM,11.0,2.0,0
2026_R05,VER,43.0,75.387,MEDIUM,12.0,2.0,0
2026_R05,VER,44.0,75.505,MEDIUM,13.0,2.0,0
2026_R05,VER,45.0,75.222,MEDIUM,14.0,2.0,0
2026_R05,VER,46.0,92.344,MEDIUM,15.0,2.0,0
2026_R05,VER,47.0,75.476,MEDIUM,16.0,2.0,0
2026_R05,VER,48.0,75.452,MEDIUM,17.0,2.0,0
2026_R05,VER,49.0,75.535,MEDIUM,18.0,2.0,0
2026_R05,VER,50.0,75.021,MEDIUM,19.0,2.0,0
2026_R05,VER,51.0,75.494,MEDIUM,20.0,2.0,0
2026_R05,VER,52.0,78.606,MEDIUM,21.0,2.0,0
2026_R05,VER,53.0,104.334,MEDIUM,22.0,2.0,0
2026_R05,VER,54.0,81.504,MEDIUM,23.0,2.0,0
2026_R05,VER,55.0,75.453,MEDIUM,24.0,2.0,0
2026_R05,VER,56.0,75.559,MEDIUM,25.0,2.0,0
2026_R05,VER,57.0,75.95,MEDIUM,26.0,2.0,0
2026_R05,VER,58.0,75.336,MEDIUM,27.0,2.0,0
2026_R05,VER,59.0,74.791,MEDIUM,28.0,2.0,0
2026_R05,VER,60.0,74.854,MEDIUM,29.0,2.0,0
2026_R05,VER,61.0,75.097,MEDIUM,30.0,2.0,0
2026_R05,VER,62.0,75.563,MEDIUM,31.0,2.0,0
2026_R05,VER,63.0,75.153,MEDIUM,32.0,2.0,0
2026_R05,VER,64.0,75.236,MEDIUM,33.0,2.0,0
2026_R05,VER,65.0,74.423,MEDIUM,34.0,2.0,0
2026_R05,VER,66.0,74.707,MEDIUM,35.0,2.0,0
2026_R05,VER,67.0,75.094,MEDIUM,36.0,2.0,0
2026_R05,VER,68.0,74.398,MEDIUM,37.0,2.0,0
2026_R05,LAW,1.0,93.222,MEDIUM,1.0,1.0,0
2026_R05,LAW,2.0,82.682,MEDIUM,2.0,1.0,0
2026_R05,LAW,3.0,81.32,MEDIUM,3.0,1.0,0
2026_R05,LAW,4.0,80.125,MEDIUM,4.0,1.0,0
2026_R05,LAW,5.0,79.498,MEDIUM,5.0,1.0,0
2026_R05,LAW,6.0,78.87,MEDIUM,6.0,1.0,0
2026_R05,LAW,7.0,78.744,MEDIUM,7.0,1.0,0
2026_R05,LAW,8.0,78.146,MEDIUM,8.0,1.0,0
2026_R05,LAW,9.0,78.318,MEDIUM,9.0,1.0,0
2026_R05,LAW,10.0,78.168,MEDIUM,10.0,1.0,0
2026_R05,LAW,11.0,78.858,MEDIUM,11.0,1.0,0
2026_R05,LAW,12.0,78.184,MEDIUM,12.0,1.0,0
2026_R05,LAW,13.0,78.384,MEDIUM,13.0,1.0,0
2026_R05,LAW,14.0,78.314,MEDIUM,14.0,1.0,0
2026_R05,LAW,15.0,77.889,MEDIUM,15.0,1.0,0
2026_R05,LAW,16.0,77.801,MEDIUM,16.0,1.0,0
2026_R05,LAW,17.0,77.58,MEDIUM,17.0,1.0,0
2026_R05,LAW,18.0,77.549,MEDIUM,18.0,1.0,0
2026_R05,LAW,19.0,77.553,MEDIUM,19.0,1.0,0
2026_R05,LAW,20.0,77.876,MEDIUM,20.0,1.0,0
2026_R05,LAW,21.0,77.842,MEDIUM,21.0,1.0,0
2026_R05,LAW,22.0,77.484,MEDIUM,22.0,1.0,0
2026_R05,LAW,23.0,77.628,MEDIUM,23.0,1.0,0
2026_R05,LAW,24.0,77.463,MEDIUM,24.0,1.0,0
2026_R05,LAW,25.0,77.753,MEDIUM,25.0,1.0,0
2026_R05,LAW,26.0,77.569,MEDIUM,26.0,1.0,0
2026_R05,LAW,27.0,77.383,MEDIUM,27.0,1.0,0
2026_R05,LAW,28.0,77.533,MEDIUM,28.0,1.0,0
2026_R05,LAW,29.0,77.265,MEDIUM,29.0,1.0,0
2026_R05,LAW,30.0,111.318,MEDIUM,30.0,1.0,1
2026_R05,LAW,31.0,108.232,SOFT,1.0,2.0,0
2026_R05,LAW,32.0,81.248,SOFT,2.0,2.0,0
2026_R05,LAW,33.0,78.433,SOFT,3.0,2.0,0
2026_R05,LAW,34.0,78.177,SOFT,4.0,2.0,0
2026_R05,LAW,35.0,77.37,SOFT,5.0,2.0,0
2026_R05,LAW,36.0,76.844,SOFT,6.0,2.0,0
2026_R05,LAW,37.0,76.974,SOFT,7.0,2.0,0
2026_R05,LAW,38.0,76.993,SOFT,8.0,2.0,0
2026_R05,LAW,39.0,77.192,SOFT,9.0,2.0,0
2026_R05,LAW,40.0,77.472,SOFT,10.0,2.0,0
2026_R05,LAW,41.0,77.009,SOFT,11.0,2.0,0
2026_R05,LAW,42.0,76.718,SOFT,12.0,2.0,0
2026_R05,LAW,43.0,76.598,SOFT,13.0,2.0,0
2026_R05,LAW,44.0,76.686,SOFT,14.0,2.0,0
2026_R05,LAW,45.0,93.56,SOFT,15.0,2.0,0
2026_R05,LAW,46.0,78.339,SOFT,16.0,2.0,0
2026_R05,LAW,47.0,76.885,SOFT,17.0,2.0,0
2026_R05,LAW,48.0,76.853,SOFT,18.0,2.0,0
2026_R05,LAW,49.0,79.196,SOFT,19.0,2.0,0
2026_R05,LAW,50.0,76.146,SOFT,20.0,2.0,0
2026_R05,LAW,51.0,81.826,SOFT,21.0,2.0,0
2026_R05,LAW,52.0,102.649,SOFT,22.0,2.0,0
2026_R05,LAW,53.0,82.62,SOFT,23.0,2.0,0
2026_R05,LAW,54.0,76.331,SOFT,24.0,2.0,0
2026_R05,LAW,55.0,76.08,SOFT,25.0,2.0,0
2026_R05,LAW,56.0,75.94,SOFT,26.0,2.0,0
2026_R05,LAW,57.0,75.806,SOFT,27.0,2.0,0
2026_R05,LAW,58.0,76.103,SOFT,28.0,2.0,0
2026_R05,LAW,59.0,75.604,SOFT,29.0,2.0,0
2026_R05,LAW,60.0,76.152,SOFT,30.0,2.0,0
2026_R05,LAW,61.0,75.981,SOFT,31.0,2.0,0
2026_R05,LAW,62.0,76.017,SOFT,32.0,2.0,0
2026_R05,LAW,63.0,76.056,SOFT,33.0,2.0,0
2026_R05,LAW,64.0,76.854,SOFT,34.0,2.0,0
2026_R05,LAW,65.0,77.862,SOFT,35.0,2.0,0
2026_R05,LAW,66.0,76.441,SOFT,36.0,2.0,0
2026_R05,LAW,67.0,76.427,SOFT,37.0,2.0,0
2026_R05,OCO,1.0,96.762,SOFT,1.0,1.0,0
2026_R05,OCO,2.0,85.696,SOFT,2.0,1.0,0
2026_R05,OCO,3.0,81.685,SOFT,3.0,1.0,0
2026_R05,OCO,4.0,81.625,SOFT,4.0,1.0,0
2026_R05,OCO,5.0,80.708,SOFT,5.0,1.0,0
2026_R05,OCO,6.0,80.625,SOFT,6.0,1.0,0
2026_R05,OCO,7.0,83.526,SOFT,7.0,1.0,0
2026_R05,OCO,8.0,79.653,SOFT,8.0,1.0,0
2026_R05,OCO,9.0,79.102,SOFT,9.0,1.0,0
2026_R05,OCO,10.0,78.505,SOFT,10.0,1.0,0
2026_R05,OCO,11.0,79.001,SOFT,11.0,1.0,0
2026_R05,OCO,12.0,79.613,SOFT,12.0,1.0,0
2026_R05,OCO,13.0,79.544,SOFT,13.0,1.0,0
2026_R05,OCO,14.0,79.115,SOFT,14.0,1.0,0
2026_R05,OCO,15.0,79.683,SOFT,15.0,1.0,0
2026_R05,OCO,16.0,98.391,SOFT,16.0,1.0,1
2026_R05,OCO,17.0,85.162,MEDIUM,1.0,2.0,0
2026_R05,OCO,18.0,79.519,MEDIUM,2.0,2.0,0
2026_R05,OCO,19.0,79.385,MEDIUM,3.0,2.0,0
2026_R05,OCO,20.0,78.69,MEDIUM,4.0,2.0,0
2026_R05,OCO,21.0,78.608,MEDIUM,5.0,2.0,0
2026_R05,OCO,22.0,78.64,MEDIUM,6.0,2.0,0
2026_R05,OCO,23.0,78.287,MEDIUM,7.0,2.0,0
2026_R05,OCO,24.0,78.337,MEDIUM,8.0,2.0,0
2026_R05,OCO,25.0,78.572,MEDIUM,9.0,2.0,0
2026_R05,OCO,26.0,78.264,MEDIUM,10.0,2.0,0
2026_R05,OCO,27.0,79.136,MEDIUM,11.0,2.0,0
2026_R05,OCO,28.0,78.606,MEDIUM,12.0,2.0,0
2026_R05,OCO,29.0,94.14,MEDIUM,13.0,2.0,0
2026_R05,OCO,30.0,130.988,MEDIUM,14.0,2.0,1
2026_R05,OCO,31.0,88.276,SOFT,1.0,3.0,0
2026_R05,OCO,32.0,79.505,SOFT,2.0,3.0,0
2026_R05,OCO,33.0,78.316,SOFT,3.0,3.0,0
2026_R05,OCO,34.0,80.216,SOFT,4.0,3.0,0
2026_R05,OCO,35.0,77.259,SOFT,5.0,3.0,0
2026_R05,OCO,36.0,77.358,SOFT,6.0,3.0,0
2026_R05,OCO,37.0,77.592,SOFT,7.0,3.0,0
2026_R05,OCO,38.0,78.133,SOFT,8.0,3.0,0
2026_R05,OCO,39.0,80.237,SOFT,9.0,3.0,0
2026_R05,OCO,40.0,77.402,SOFT,10.0,3.0,0
2026_R05,OCO,41.0,78.583,SOFT,11.0,3.0,0
2026_R05,OCO,42.0,78.553,SOFT,12.0,3.0,0
2026_R05,OCO,43.0,76.675,SOFT,13.0,3.0,0
2026_R05,OCO,44.0,93.203,SOFT,14.0,3.0,0
2026_R05,OCO,45.0,77.753,SOFT,15.0,3.0,0
2026_R05,OCO,46.0,78.854,SOFT,16.0,3.0,0
2026_R05,OCO,47.0,79.745,SOFT,17.0,3.0,0
2026_R05,OCO,48.0,78.951,SOFT,18.0,3.0,0
2026_R05,OCO,49.0,77.314,SOFT,19.0,3.0,0
2026_R05,OCO,50.0,92.532,SOFT,20.0,3.0,0
2026_R05,OCO,51.0,98.58,SOFT,21.0,3.0,0
2026_R05,OCO,52.0,80.475,SOFT,22.0,3.0,0
2026_R05,OCO,53.0,78.34,SOFT,23.0,3.0,0
2026_R05,OCO,54.0,76.978,SOFT,24.0,3.0,0
2026_R05,OCO,55.0,78.384,SOFT,25.0,3.0,0
2026_R05,OCO,56.0,76.724,SOFT,26.0,3.0,0
2026_R05,OCO,57.0,76.912,SOFT,27.0,3.0,0
2026_R05,OCO,58.0,76.914,SOFT,28.0,3.0,0
2026_R05,OCO,59.0,76.882,SOFT,29.0,3.0,0
2026_R05,OCO,60.0,76.765,SOFT,30.0,3.0,0
2026_R05,OCO,61.0,77.516,SOFT,31.0,3.0,0
2026_R05,OCO,62.0,76.992,SOFT,32.0,3.0,0
2026_R05,OCO,63.0,76.836,SOFT,33.0,3.0,0
2026_R05,OCO,64.0,76.577,SOFT,34.0,3.0,0
2026_R05,OCO,65.0,76.739,SOFT,35.0,3.0,0
2026_R05,OCO,66.0,76.754,SOFT,36.0,3.0,0
2026_R05,COL,1.0,92.675,MEDIUM,1.0,1.0,0
2026_R05,COL,2.0,82.225,MEDIUM,2.0,1.0,0
2026_R05,COL,3.0,80.994,MEDIUM,3.0,1.0,0
2026_R05,COL,4.0,80.043,MEDIUM,4.0,1.0,0
2026_R05,COL,5.0,78.976,MEDIUM,5.0,1.0,0
2026_R05,COL,6.0,78.865,MEDIUM,6.0,1.0,0
2026_R05,COL,7.0,78.543,MEDIUM,7.0,1.0,0
2026_R05,COL,8.0,78.287,MEDIUM,8.0,1.0,0
2026_R05,COL,9.0,78.308,MEDIUM,9.0,1.0,0
2026_R05,COL,10.0,78.004,MEDIUM,10.0,1.0,0
2026_R05,COL,11.0,78.217,MEDIUM,11.0,1.0,0
2026_R05,COL,12.0,77.702,MEDIUM,12.0,1.0,0
2026_R05,COL,13.0,78.329,MEDIUM,13.0,1.0,0
2026_R05,COL,14.0,77.828,MEDIUM,14.0,1.0,0
2026_R05,COL,15.0,77.482,MEDIUM,15.0,1.0,0
2026_R05,COL,16.0,77.292,MEDIUM,16.0,1.0,0
2026_R05,COL,17.0,77.138,MEDIUM,17.0,1.0,0
2026_R05,COL,18.0,77.015,MEDIUM,18.0,1.0,0
2026_R05,COL,19.0,77.364,MEDIUM,19.0,1.0,0
2026_R05,COL,20.0,77.018,MEDIUM,20.0,1.0,0
2026_R05,COL,21.0,76.863,MEDIUM,21.0,1.0,0
2026_R05,COL,22.0,77.135,MEDIUM,22.0,1.0,0
2026_R05,COL,23.0,77.071,MEDIUM,23.0,1.0,0
2026_R05,COL,24.0,76.828,MEDIUM,24.0,1.0,0
2026_R05,COL,25.0,77.086,MEDIUM,25.0,1.0,0
2026_R05,COL,26.0,77.102,MEDIUM,26.0,1.0,0
2026_R05,COL,27.0,77.474,MEDIUM,27.0,1.0,0
2026_R05,COL,28.0,77.065,MEDIUM,28.0,1.0,0
2026_R05,COL,29.0,76.705,MEDIUM,29.0,1.0,0
2026_R05,COL,30.0,108.947,MEDIUM,30.0,1.0,1
2026_R05,COL,31.0,105.337,HARD,1.0,2.0,0
2026_R05,COL,32.0,86.513,HARD,2.0,2.0,0
2026_R05,COL,33.0,78.797,HARD,3.0,2.0,0
2026_R05,COL,34.0,77.822,HARD,4.0,2.0,0
2026_R05,COL,35.0,77.335,HARD,5.0,2.0,0
2026_R05,COL,36.0,77.239,HARD,6.0,2.0,0
2026_R05,COL,37.0,76.672,HARD,7.0,2.0,0
2026_R05,COL,38.0,76.546,HARD,8.0,2.0,0
2026_R05,COL,39.0,76.679,HARD,9.0,2.0,0
2026_R05,COL,40.0,76.879,HARD,10.0,2.0,0
2026_R05,COL,41.0,76.79,HARD,11.0,2.0,0
2026_R05,COL,42.0,76.618,HARD,12.0,2.0,0
2026_R05,COL,43.0,76.926,HARD,13.0,2.0,0
2026_R05,COL,44.0,76.249,HARD,14.0,2.0,0
2026_R05,COL,45.0,90.323,HARD,15.0,2.0,0
2026_R05,COL,46.0,79.597,HARD,16.0,2.0,0
2026_R05,COL,47.0,76.621,HARD,17.0,2.0,0
2026_R05,COL,48.0,76.61,HARD,18.0,2.0,0
2026_R05,COL,49.0,76.537,HARD,19.0,2.0,0
2026_R05,COL,50.0,76.31,HARD,20.0,2.0,0
2026_R05,COL,51.0,76.253,HARD,21.0,2.0,0
2026_R05,COL,52.0,102.944,HARD,22.0,2.0,0
2026_R05,COL,53.0,87.366,HARD,23.0,2.0,0
2026_R05,COL,54.0,77.677,HARD,24.0,2.0,0
2026_R05,COL,55.0,76.809,HARD,25.0,2.0,0
2026_R05,COL,56.0,77.93,HARD,26.0,2.0,0
2026_R05,COL,57.0,76.511,HARD,27.0,2.0,0
2026_R05,COL,58.0,76.368,HARD,28.0,2.0,0
2026_R05,COL,59.0,76.087,HARD,29.0,2.0,0
2026_R05,COL,60.0,76.19,HARD,30.0,2.0,0
2026_R05,COL,61.0,78.473,HARD,31.0,2.0,0
2026_R05,COL,62.0,75.765,HARD,32.0,2.0,0
2026_R05,COL,63.0,76.286,HARD,33.0,2.0,0
2026_R05,COL,64.0,76.045,HARD,34.0,2.0,0
2026_R05,COL,65.0,75.98,HARD,35.0,2.0,0
2026_R05,COL,66.0,76.141,HARD,36.0,2.0,0
2026_R05,COL,67.0,75.462,HARD,37.0,2.0,0
2026_R05,HAM,1.0,88.522,SOFT,4.0,1.0,0
2026_R05,HAM,2.0,80.67,SOFT,5.0,1.0,0
2026_R05,HAM,3.0,79.708,SOFT,6.0,1.0,0
2026_R05,HAM,4.0,77.993,SOFT,7.0,1.0,0
2026_R05,HAM,5.0,77.455,SOFT,8.0,1.0,0
2026_R05,HAM,6.0,77.014,SOFT,9.0,1.0,0
2026_R05,HAM,7.0,76.982,SOFT,10.0,1.0,0
2026_R05,HAM,8.0,76.661,SOFT,11.0,1.0,0
2026_R05,HAM,9.0,77.92,SOFT,12.0,1.0,0
2026_R05,HAM,10.0,76.42,SOFT,13.0,1.0,0
2026_R05,HAM,11.0,76.463,SOFT,14.0,1.0,0
2026_R05,HAM,12.0,76.227,SOFT,15.0,1.0,0
2026_R05,HAM,13.0,76.482,SOFT,16.0,1.0,0
2026_R05,HAM,14.0,76.398,SOFT,17.0,1.0,0
2026_R05,HAM,15.0,76.259,SOFT,18.0,1.0,0
2026_R05,HAM,16.0,76.007,SOFT,19.0,1.0,0
2026_R05,HAM,17.0,76.068,SOFT,20.0,1.0,0
2026_R05,HAM,18.0,76.171,SOFT,21.0,1.0,0
2026_R05,HAM,19.0,76.064,SOFT,22.0,1.0,0
2026_R05,HAM,20.0,75.961,SOFT,23.0,1.0,0
2026_R05,HAM,21.0,76.853,SOFT,24.0,1.0,0
2026_R05,HAM,22.0,80.199,SOFT,25.0,1.0,0
2026_R05,HAM,23.0,76.484,SOFT,26.0,1.0,0
2026_R05,HAM,24.0,76.503,SOFT,27.0,1.0,0
2026_R05,HAM,25.0,76.404,SOFT,28.0,1.0,0
2026_R05,HAM,26.0,76.433,SOFT,29.0,1.0,0
2026_R05,HAM,27.0,76.415,SOFT,30.0,1.0,0
2026_R05,HAM,28.0,76.18,SOFT,31.0,1.0,0
2026_R05,HAM,29.0,76.374,SOFT,32.0,1.0,0
2026_R05,HAM,30.0,78.973,SOFT,33.0,1.0,0
2026_R05,HAM,31.0,122.954,SOFT,34.0,1.0,1
2026_R05,HAM,32.0,96.411,MEDIUM,1.0,2.0,0
2026_R05,HAM,33.0,77.975,MEDIUM,2.0,2.0,0
2026_R05,HAM,34.0,76.498,MEDIUM,3.0,2.0,0
2026_R05,HAM,35.0,75.772,MEDIUM,4.0,2.0,0
2026_R05,HAM,36.0,75.65,MEDIUM,5.0,2.0,0
2026_R05,HAM,37.0,75.285,MEDIUM,6.0,2.0,0
2026_R05,HAM,38.0,75.553,MEDIUM,7.0,2.0,0
2026_R05,HAM,39.0,75.386,MEDIUM,8.0,2.0,0
2026_R05,HAM,40.0,75.139,MEDIUM,9.0,2.0,0
2026_R05,HAM,41.0,75.457,MEDIUM,10.0,2.0,0
2026_R05,HAM,42.0,75.243,MEDIUM,11.0,2.0,0
2026_R05,HAM,43.0,75.285,MEDIUM,12.0,2.0,0
2026_R05,HAM,44.0,75.208,MEDIUM,13.0,2.0,0
2026_R05,HAM,45.0,74.96,MEDIUM,14.0,2.0,0
2026_R05,HAM,46.0,92.168,MEDIUM,15.0,2.0,0
2026_R05,HAM,47.0,75.411,MEDIUM,16.0,2.0,0
2026_R05,HAM,48.0,74.914,MEDIUM,17.0,2.0,0
2026_R05,HAM,49.0,75.186,MEDIUM,18.0,2.0,0
2026_R05,HAM,50.0,75.381,MEDIUM,19.0,2.0,0
2026_R05,HAM,51.0,74.962,MEDIUM,20.0,2.0,0
2026_R05,HAM,52.0,79.569,MEDIUM,21.0,2.0,0
2026_R05,HAM,53.0,102.768,MEDIUM,22.0,2.0,0
2026_R05,HAM,54.0,81.045,MEDIUM,23.0,2.0,0
2026_R05,HAM,55.0,75.09,MEDIUM,24.0,2.0,0
2026_R05,HAM,56.0,75.172,MEDIUM,25.0,2.0,0
2026_R05,HAM,57.0,75.983,MEDIUM,26.0,2.0,0
2026_R05,HAM,58.0,75.459,MEDIUM,27.0,2.0,0
2026_R05,HAM,59.0,75.145,MEDIUM,28.0,2.0,0
2026_R05,HAM,60.0,74.751,MEDIUM,29.0,2.0,0
2026_R05,HAM,61.0,74.573,MEDIUM,30.0,2.0,0
2026_R05,HAM,62.0,75.116,MEDIUM,31.0,2.0,0
2026_R05,HAM,63.0,74.89,MEDIUM,32.0,2.0,0
2026_R05,HAM,64.0,75.069,MEDIUM,33.0,2.0,0
2026_R05,HAM,65.0,74.689,MEDIUM,34.0,2.0,0
2026_R05,HAM,66.0,74.801,MEDIUM,35.0,2.0,0
2026_R05,HAM,67.0,74.699,MEDIUM,36.0,2.0,0
2026_R05,HAM,68.0,74.646,MEDIUM,37.0,2.0,0
2026_R05,BOR,1.0,95.549,INTERMEDIATE,1.0,1.0,0
2026_R05,BOR,2.0,107.354,INTERMEDIATE,2.0,1.0,1
2026_R05,BOR,3.0,87.141,SOFT,1.0,2.0,0
2026_R05,BOR,4.0,81.219,SOFT,2.0,2.0,0
2026_R05,BOR,5.0,79.84,SOFT,3.0,2.0,0
2026_R05,BOR,6.0,79.308,SOFT,4.0,2.0,0
2026_R05,BOR,7.0,78.545,SOFT,5.0,2.0,0
2026_R05,BOR,8.0,78.516,SOFT,6.0,2.0,0
2026_R05,BOR,9.0,78.353,SOFT,7.0,2.0,0
2026_R05,BOR,10.0,77.931,SOFT,8.0,2.0,0
2026_R05,BOR,11.0,78.468,SOFT,9.0,2.0,0
2026_R05,BOR,12.0,78.445,SOFT,10.0,2.0,0
2026_R05,BOR,13.0,78.279,SOFT,11.0,2.0,0
2026_R05,BOR,14.0,77.698,SOFT,12.0,2.0,0
2026_R05,BOR,15.0,77.904,SOFT,13.0,2.0,0
2026_R05,BOR,16.0,77.752,SOFT,14.0,2.0,0
2026_R05,BOR,17.0,77.701,SOFT,15.0,2.0,0
2026_R05,BOR,18.0,94.414,SOFT,16.0,2.0,1
2026_R05,BOR,19.0,85.108,MEDIUM,1.0,3.0,0
2026_R05,BOR,20.0,78.99,MEDIUM,2.0,3.0,0
2026_R05,BOR,21.0,79.98,MEDIUM,3.0,3.0,0
2026_R05,BOR,22.0,78.21,MEDIUM,4.0,3.0,0
2026_R05,BOR,23.0,77.711,MEDIUM,5.0,3.0,0
2026_R05,BOR,24.0,77.483,MEDIUM,6.0,3.0,0
2026_R05,BOR,25.0,77.683,MEDIUM,7.0,3.0,0
2026_R05,BOR,26.0,77.708,MEDIUM,8.0,3.0,0
2026_R05,BOR,27.0,77.971,MEDIUM,9.0,3.0,0
2026_R05,BOR,28.0,77.356,MEDIUM,10.0,3.0,0
2026_R05,BOR,29.0,90.324,MEDIUM,11.0,3.0,0
2026_R05,BOR,30.0,104.804,MEDIUM,12.0,3.0,0
2026_R05,BOR,31.0,92.626,MEDIUM,13.0,3.0,0
2026_R05,BOR,32.0,78.791,MEDIUM,14.0,3.0,0
2026_R05,BOR,33.0,77.815,MEDIUM,15.0,3.0,0
2026_R05,BOR,34.0,77.508,MEDIUM,16.0,3.0,0
2026_R05,BOR,35.0,77.109,MEDIUM,17.0,3.0,0
2026_R05,BOR,36.0,76.863,MEDIUM,18.0,3.0,0
2026_R05,BOR,37.0,76.684,MEDIUM,19.0,3.0,0
2026_R05,BOR,38.0,76.549,MEDIUM,20.0,3.0,0
2026_R05,BOR,39.0,76.418,MEDIUM,21.0,3.0,0
2026_R05,BOR,40.0,76.615,MEDIUM,22.0,3.0,0
2026_R05,BOR,41.0,76.627,MEDIUM,23.0,3.0,0
2026_R05,BOR,42.0,76.402,MEDIUM,24.0,3.0,0
2026_R05,BOR,43.0,78.144,MEDIUM,25.0,3.0,0
2026_R05,BOR,44.0,85.754,MEDIUM,26.0,3.0,0
2026_R05,BOR,45.0,84.257,MEDIUM,27.0,3.0,0
2026_R05,BOR,46.0,76.663,MEDIUM,28.0,3.0,0
2026_R05,BOR,47.0,76.657,MEDIUM,29.0,3.0,0
2026_R05,BOR,48.0,76.266,MEDIUM,30.0,3.0,0
2026_R05,BOR,49.0,76.762,MEDIUM,31.0,3.0,0
2026_R05,BOR,50.0,76.221,MEDIUM,32.0,3.0,0
2026_R05,BOR,51.0,96.971,MEDIUM,33.0,3.0,0
2026_R05,BOR,52.0,96.299,MEDIUM,34.0,3.0,0
2026_R05,BOR,53.0,77.669,MEDIUM,35.0,3.0,0
2026_R05,BOR,54.0,77.121,MEDIUM,36.0,3.0,0
2026_R05,BOR,55.0,76.951,MEDIUM,37.0,3.0,0
2026_R05,BOR,56.0,76.73,MEDIUM,38.0,3.0,0
2026_R05,BOR,57.0,76.799,MEDIUM,39.0,3.0,0
2026_R05,BOR,58.0,76.699,MEDIUM,40.0,3.0,0
2026_R05,BOR,59.0,76.371,MEDIUM,41.0,3.0,0
2026_R05,BOR,60.0,76.569,MEDIUM,42.0,3.0,0
2026_R05,BOR,61.0,77.325,MEDIUM,43.0,3.0,0
2026_R05,BOR,62.0,76.933,MEDIUM,44.0,3.0,0
2026_R05,BOR,63.0,77.439,MEDIUM,45.0,3.0,0
2026_R05,BOR,64.0,80.499,MEDIUM,46.0,3.0,0
2026_R05,BOR,65.0,76.487,MEDIUM,47.0,3.0,0
2026_R05,BOR,66.0,76.576,MEDIUM,48.0,3.0,0
2026_R05,SAI,1.0,98.114,INTERMEDIATE,1.0,1.0,0
2026_R05,SAI,2.0,102.459,INTERMEDIATE,2.0,1.0,1
2026_R05,SAI,3.0,86.386,MEDIUM,9.0,2.0,0
2026_R05,SAI,4.0,79.821,MEDIUM,10.0,2.0,0
2026_R05,SAI,5.0,78.605,MEDIUM,11.0,2.0,0
2026_R05,SAI,6.0,78.184,MEDIUM,12.0,2.0,0
2026_R05,SAI,7.0,78.136,MEDIUM,13.0,2.0,0
2026_R05,SAI,8.0,77.973,MEDIUM,14.0,2.0,0
2026_R05,SAI,9.0,77.596,MEDIUM,15.0,2.0,0
2026_R05,SAI,10.0,77.368,MEDIUM,16.0,2.0,0
2026_R05,SAI,11.0,77.454,MEDIUM,17.0,2.0,0
2026_R05,SAI,12.0,78.394,MEDIUM,18.0,2.0,0
2026_R05,SAI,13.0,77.618,MEDIUM,19.0,2.0,0
2026_R05,SAI,14.0,77.046,MEDIUM,20.0,2.0,0
2026_R05,SAI,15.0,78.961,MEDIUM,21.0,2.0,0
2026_R05,SAI,16.0,77.544,MEDIUM,22.0,2.0,0
2026_R05,SAI,17.0,77.221,MEDIUM,23.0,2.0,0
2026_R05,SAI,18.0,77.169,MEDIUM,24.0,2.0,0
2026_R05,SAI,19.0,77.479,MEDIUM,25.0,2.0,0
2026_R05,SAI,20.0,77.132,MEDIUM,26.0,2.0,0
2026_R05,SAI,21.0,77.224,MEDIUM,27.0,2.0,0
2026_R05,SAI,22.0,77.215,MEDIUM,28.0,2.0,0
2026_R05,SAI,23.0,76.998,MEDIUM,29.0,2.0,0
2026_R05,SAI,24.0,77.14,MEDIUM,30.0,2.0,0
2026_R05,SAI,25.0,76.837,MEDIUM,31.0,2.0,0
2026_R05,SAI,26.0,76.655,MEDIUM,32.0,2.0,0
2026_R05,SAI,27.0,76.989,MEDIUM,33.0,2.0,0
2026_R05,SAI,28.0,77.059,MEDIUM,34.0,2.0,0
2026_R05,SAI,29.0,76.736,MEDIUM,35.0,2.0,0
2026_R05,SAI,30.0,116.283,MEDIUM,36.0,2.0,1
2026_R05,SAI,31.0,104.583,MEDIUM,1.0,3.0,0
2026_R05,SAI,32.0,79.792,MEDIUM,2.0,3.0,0
2026_R05,SAI,33.0,78.6,MEDIUM,3.0,3.0,0
2026_R05,SAI,34.0,78.742,MEDIUM,4.0,3.0,0
2026_R05,SAI,35.0,77.168,MEDIUM,5.0,3.0,0
2026_R05,SAI,36.0,76.599,MEDIUM,6.0,3.0,0
2026_R05,SAI,37.0,78.961,MEDIUM,7.0,3.0,0
2026_R05,SAI,38.0,76.517,MEDIUM,8.0,3.0,0
2026_R05,SAI,39.0,76.764,MEDIUM,9.0,3.0,0
2026_R05,SAI,40.0,78.422,MEDIUM,10.0,3.0,0
2026_R05,SAI,41.0,76.652,MEDIUM,11.0,3.0,0
2026_R05,SAI,42.0,76.832,MEDIUM,12.0,3.0,0
2026_R05,SAI,43.0,76.403,MEDIUM,13.0,3.0,0
2026_R05,SAI,44.0,78.501,MEDIUM,14.0,3.0,0
2026_R05,SAI,45.0,94.901,MEDIUM,15.0,3.0,0
2026_R05,SAI,46.0,76.467,MEDIUM,16.0,3.0,0
2026_R05,SAI,47.0,76.984,MEDIUM,17.0,3.0,0
2026_R05,SAI,48.0,76.314,MEDIUM,18.0,3.0,0
2026_R05,SAI,49.0,76.509,MEDIUM,19.0,3.0,0
2026_R05,SAI,50.0,76.313,MEDIUM,20.0,3.0,0
2026_R05,SAI,51.0,92.657,MEDIUM,21.0,3.0,0
2026_R05,SAI,52.0,97.976,MEDIUM,22.0,3.0,0
2026_R05,SAI,53.0,77.762,MEDIUM,23.0,3.0,0
2026_R05,SAI,54.0,76.764,MEDIUM,24.0,3.0,0
2026_R05,SAI,55.0,76.854,MEDIUM,25.0,3.0,0
2026_R05,SAI,56.0,76.091,MEDIUM,26.0,3.0,0
2026_R05,SAI,57.0,76.319,MEDIUM,27.0,3.0,0
2026_R05,SAI,58.0,77.244,MEDIUM,28.0,3.0,0
2026_R05,SAI,59.0,76.331,MEDIUM,29.0,3.0,0
2026_R05,SAI,60.0,76.034,MEDIUM,30.0,3.0,0
2026_R05,SAI,61.0,77.44,MEDIUM,31.0,3.0,0
2026_R05,SAI,62.0,76.497,MEDIUM,32.0,3.0,0
2026_R05,SAI,63.0,76.373,MEDIUM,33.0,3.0,0
2026_R05,SAI,64.0,75.888,MEDIUM,34.0,3.0,0
2026_R05,SAI,65.0,75.852,MEDIUM,35.0,3.0,0
2026_R05,SAI,66.0,79.41,MEDIUM,36.0,3.0,0
2026_R05,SAI,67.0,76.46,MEDIUM,37.0,3.0,0
2026_R05,HAD,1.0,91.557,SOFT,5.0,1.0,0
2026_R05,HAD,2.0,80.676,SOFT,6.0,1.0,0
2026_R05,HAD,3.0,79.281,SOFT,7.0,1.0,0
2026_R05,HAD,4.0,78.96,SOFT,8.0,1.0,0
2026_R05,HAD,5.0,77.913,SOFT,9.0,1.0,0
2026_R05,HAD,6.0,77.838,SOFT,10.0,1.0,0
2026_R05,HAD,7.0,77.164,SOFT,11.0,1.0,0
2026_R05,HAD,8.0,76.882,SOFT,12.0,1.0,0
2026_R05,HAD,9.0,76.898,SOFT,13.0,1.0,0
2026_R05,HAD,10.0,76.362,SOFT,14.0,1.0,0
2026_R05,HAD,11.0,76.222,SOFT,15.0,1.0,0
2026_R05,HAD,12.0,76.662,SOFT,16.0,1.0,0
2026_R05,HAD,13.0,77.06,SOFT,17.0,1.0,0
2026_R05,HAD,14.0,77.466,SOFT,18.0,1.0,0
2026_R05,HAD,15.0,76.841,SOFT,19.0,1.0,0
2026_R05,HAD,16.0,76.537,SOFT,20.0,1.0,0
2026_R05,HAD,17.0,76.499,SOFT,21.0,1.0,0
2026_R05,HAD,18.0,76.732,SOFT,22.0,1.0,0
2026_R05,HAD,19.0,76.475,SOFT,23.0,1.0,0
2026_R05,HAD,20.0,76.515,SOFT,24.0,1.0,0
2026_R05,HAD,21.0,76.282,SOFT,25.0,1.0,0
2026_R05,HAD,22.0,76.322,SOFT,26.0,1.0,0
2026_R05,HAD,23.0,76.176,SOFT,27.0,1.0,0
2026_R05,HAD,24.0,76.427,SOFT,28.0,1.0,0
2026_R05,HAD,25.0,76.56,SOFT,29.0,1.0,0
2026_R05,HAD,26.0,76.153,SOFT,30.0,1.0,0
2026_R05,HAD,27.0,76.318,SOFT,31.0,1.0,0
2026_R05,HAD,28.0,76.629,SOFT,32.0,1.0,0
2026_R05,HAD,29.0,77.093,SOFT,33.0,1.0,0
2026_R05,HAD,30.0,82.318,SOFT,34.0,1.0,0
2026_R05,HAD,31.0,117.518,SOFT,35.0,1.0,1
2026_R05,HAD,32.0,96.382,MEDIUM,1.0,2.0,0
2026_R05,HAD,33.0,78.694,MEDIUM,2.0,2.0,0
2026_R05,HAD,34.0,77.35,MEDIUM,3.0,2.0,0
2026_R05,HAD,35.0,76.482,MEDIUM,4.0,2.0,0
2026_R05,HAD,36.0,76.026,MEDIUM,5.0,2.0,0
2026_R05,HAD,37.0,75.459,MEDIUM,6.0,2.0,0
2026_R05,HAD,38.0,75.412,MEDIUM,7.0,2.0,0
2026_R05,HAD,39.0,76.512,MEDIUM,8.0,2.0,0
2026_R05,HAD,40.0,76.248,MEDIUM,9.0,2.0,0
2026_R05,HAD,41.0,75.615,MEDIUM,10.0,2.0,0
2026_R05,HAD,42.0,75.781,MEDIUM,11.0,2.0,0
2026_R05,HAD,43.0,75.463,MEDIUM,12.0,2.0,0
2026_R05,HAD,44.0,75.749,MEDIUM,13.0,2.0,0
2026_R05,HAD,45.0,75.361,MEDIUM,14.0,2.0,0
2026_R05,HAD,46.0,91.1,MEDIUM,15.0,2.0,0
2026_R05,HAD,47.0,76.888,MEDIUM,16.0,2.0,0
2026_R05,HAD,48.0,75.575,MEDIUM,17.0,2.0,0
2026_R05,HAD,49.0,75.673,MEDIUM,18.0,2.0,0
2026_R05,HAD,50.0,75.566,MEDIUM,19.0,2.0,0
2026_R05,HAD,51.0,75.511,MEDIUM,20.0,2.0,0
2026_R05,HAD,52.0,110.309,MEDIUM,21.0,2.0,1
2026_R05,HAD,53.0,97.681,SOFT,5.0,3.0,0
2026_R05,HAD,54.0,77.624,SOFT,6.0,3.0,0
2026_R05,HAD,55.0,75.995,SOFT,7.0,3.0,0
2026_R05,HAD,56.0,75.163,SOFT,8.0,3.0,0
2026_R05,HAD,57.0,75.01,SOFT,9.0,3.0,0
2026_R05,HAD,58.0,74.758,SOFT,10.0,3.0,0
2026_R05,HAD,59.0,75.255,SOFT,11.0,3.0,0
2026_R05,HAD,60.0,75.008,SOFT,12.0,3.0,0
2026_R05,HAD,61.0,75.049,SOFT,13.0,3.0,0
2026_R05,HAD,62.0,102.996,SOFT,14.0,3.0,1
2026_R05,HAD,63.0,79.543,SOFT,15.0,4.0,0
2026_R05,HAD,64.0,75.399,SOFT,16.0,4.0,0
2026_R05,HAD,65.0,75.01,SOFT,17.0,4.0,0
2026_R05,HAD,66.0,76.23,SOFT,18.0,4.0,0
2026_R05,HAD,67.0,74.578,SOFT,19.0,4.0,0
2026_R05,RUS,1.0,87.965,SOFT,4.0,1.0,0
2026_R05,RUS,2.0,80.925,SOFT,5.0,1.0,0
2026_R05,RUS,3.0,79.42,SOFT,6.0,1.0,0
2026_R05,RUS,4.0,77.945,SOFT,7.0,1.0,0
2026_R05,RUS,5.0,77.034,SOFT,8.0,1.0,0
2026_R05,RUS,6.0,76.365,SOFT,9.0,1.0,0
2026_R05,RUS,7.0,76.584,SOFT,10.0,1.0,0
2026_R05,RUS,8.0,76.105,SOFT,11.0,1.0,0
2026_R05,RUS,9.0,75.796,SOFT,12.0,1.0,0
2026_R05,RUS,10.0,75.778,SOFT,13.0,1.0,0
2026_R05,RUS,11.0,75.572,SOFT,14.0,1.0,0
2026_R05,RUS,12.0,76.804,SOFT,15.0,1.0,0
2026_R05,RUS,13.0,77.341,SOFT,16.0,1.0,0
2026_R05,RUS,14.0,76.192,SOFT,17.0,1.0,0
2026_R05,RUS,15.0,75.791,SOFT,18.0,1.0,0
2026_R05,RUS,16.0,75.477,SOFT,19.0,1.0,0
2026_R05,RUS,17.0,76.545,SOFT,20.0,1.0,0
2026_R05,RUS,18.0,75.735,SOFT,21.0,1.0,0
2026_R05,RUS,19.0,75.576,SOFT,22.0,1.0,0
2026_R05,RUS,20.0,75.538,SOFT,23.0,1.0,0
2026_R05,RUS,21.0,75.759,SOFT,24.0,1.0,0
2026_R05,RUS,22.0,76.657,SOFT,25.0,1.0,0
2026_R05,RUS,23.0,75.877,SOFT,26.0,1.0,0
2026_R05,RUS,24.0,76.828,SOFT,27.0,1.0,0
2026_R05,RUS,25.0,77.038,SOFT,28.0,1.0,0
2026_R05,RUS,26.0,76.321,SOFT,29.0,1.0,0
2026_R05,RUS,27.0,76.273,SOFT,30.0,1.0,0
2026_R05,RUS,28.0,76.272,SOFT,31.0,1.0,0
2026_R05,RUS,29.0,75.541,SOFT,32.0,1.0,0
2026_R05,RUS,30.0,,SOFT,33.0,1.0,0
2026_R05,BOT,1.0,98.731,INTERMEDIATE,1.0,1.0,0
2026_R05,BOT,2.0,87.677,INTERMEDIATE,2.0,1.0,0
2026_R05,BOT,3.0,107.804,INTERMEDIATE,3.0,1.0,1
2026_R05,BOT,4.0,86.794,SOFT,1.0,2.0,0
2026_R05,BOT,5.0,82.238,SOFT,2.0,2.0,0
2026_R05,BOT,6.0,81.04,SOFT,3.0,2.0,0
2026_R05,BOT,7.0,80.289,SOFT,4.0,2.0,0
2026_R05,BOT,8.0,79.925,SOFT,5.0,2.0,0
2026_R05,BOT,9.0,99.439,SOFT,6.0,2.0,1
2026_R05,BOT,10.0,86.03,MEDIUM,1.0,3.0,0
2026_R05,BOT,11.0,79.917,MEDIUM,2.0,3.0,0
2026_R05,BOT,12.0,82.238,MEDIUM,3.0,3.0,0
2026_R05,BOT,13.0,82.743,MEDIUM,4.0,3.0,0
2026_R05,BOT,14.0,79.361,MEDIUM,5.0,3.0,0
2026_R05,BOT,15.0,79.225,MEDIUM,6.0,3.0,0
2026_R05,BOT,16.0,79.532,MEDIUM,7.0,3.0,0
2026_R05,BOT,17.0,81.843,MEDIUM,8.0,3.0,0
2026_R05,BOT,18.0,81.105,MEDIUM,9.0,3.0,0
2026_R05,BOT,19.0,79.691,MEDIUM,10.0,3.0,0
2026_R05,BOT,20.0,82.553,MEDIUM,11.0,3.0,0
2026_R05,BOT,21.0,79.49,MEDIUM,12.0,3.0,0
2026_R05,BOT,22.0,80.964,MEDIUM,13.0,3.0,0
2026_R05,BOT,23.0,80.472,MEDIUM,14.0,3.0,0
2026_R05,BOT,24.0,81.847,MEDIUM,15.0,3.0,0
2026_R05,BOT,25.0,80.573,MEDIUM,16.0,3.0,0
2026_R05,BOT,26.0,79.458,MEDIUM,17.0,3.0,0
2026_R05,BOT,27.0,79.336,MEDIUM,18.0,3.0,0
2026_R05,BOT,28.0,90.428,MEDIUM,19.0,3.0,0
2026_R05,BOT,29.0,121.776,MEDIUM,20.0,3.0,1
2026_R05,BOT,30.0,89.383,SOFT,1.0,4.0,0
2026_R05,BOT,31.0,81.147,SOFT,2.0,4.0,0
2026_R05,BOT,32.0,79.967,SOFT,3.0,4.0,0
2026_R05,BOT,33.0,79.163,SOFT,4.0,4.0,0
2026_R05,BOT,34.0,79.24,SOFT,5.0,4.0,0
2026_R05,BOT,35.0,78.995,SOFT,6.0,4.0,0
2026_R05,BOT,36.0,78.887,SOFT,7.0,4.0,0
2026_R05,BOT,37.0,79.661,SOFT,8.0,4.0,0
2026_R05,BOT,38.0,78.929,SOFT,9.0,4.0,0
2026_R05,BOT,39.0,78.775,SOFT,10.0,4.0,0
2026_R05,BOT,40.0,78.856,SOFT,11.0,4.0,0
2026_R05,BOT,41.0,79.059,SOFT,12.0,4.0,0
2026_R05,BOT,42.0,79.412,SOFT,13.0,4.0,0
2026_R05,BOT,43.0,99.542,SOFT,14.0,4.0,0
2026_R05,BOT,44.0,82.115,SOFT,15.0,4.0,0
2026_R05,BOT,45.0,79.104,SOFT,16.0,4.0,0
2026_R05,BOT,46.0,85.292,SOFT,17.0,4.0,0
2026_R05,BOT,47.0,80.282,SOFT,18.0,4.0,0
2026_R05,BOT,48.0,78.67,SOFT,19.0,4.0,0
2026_R05,BOT,49.0,119.523,SOFT,20.0,4.0,1
2026_R05,BOT,50.0,99.569,MEDIUM,1.0,5.0,0
2026_R05,BOT,51.0,81.586,MEDIUM,2.0,5.0,0
2026_R05,BOT,52.0,82.701,MEDIUM,3.0,5.0,0
2026_R05,BOT,53.0,81.685,MEDIUM,4.0,5.0,0
2026_R05,BOT,54.0,79.358,MEDIUM,5.0,5.0,0
2026_R05,BOT,55.0,78.557,MEDIUM,6.0,5.0,0
2026_R05,BOT,56.0,81.066,MEDIUM,7.0,5.0,0
2026_R05,BOT,57.0,78.281,MEDIUM,8.0,5.0,0
2026_R05,BOT,58.0,79.584,MEDIUM,9.0,5.0,0
2026_R05,BOT,59.0,77.725,MEDIUM,10.0,5.0,0
2026_R05,BOT,60.0,78.083,MEDIUM,11.0,5.0,0
2026_R05,BOT,61.0,78.111,MEDIUM,12.0,5.0,0
2026_R05,BOT,62.0,78.251,MEDIUM,13.0,5.0,0
2026_R05,BOT,63.0,78.005,MEDIUM,14.0,5.0,0
2026_R05,BOT,64.0,78.065,MEDIUM,15.0,5.0,0
2026_R05,PIA,1.0,105.524,INTERMEDIATE,1.0,1.0,1
2026_R05,PIA,2.0,84.619,MEDIUM,1.0,2.0,0
2026_R05,PIA,3.0,81.819,MEDIUM,2.0,2.0,0
2026_R05,PIA,4.0,80.774,MEDIUM,3.0,2.0,0
2026_R05,PIA,5.0,79.266,MEDIUM,4.0,2.0,0
2026_R05,PIA,6.0,77.969,MEDIUM,5.0,2.0,0
2026_R05,PIA,7.0,77.405,MEDIUM,6.0,2.0,0
2026_R05,PIA,8.0,77.763,MEDIUM,7.0,2.0,0
2026_R05,PIA,9.0,77.857,MEDIUM,8.0,2.0,0
2026_R05,PIA,10.0,77.837,MEDIUM,9.0,2.0,0
2026_R05,PIA,11.0,76.989,MEDIUM,10.0,2.0,0
2026_R05,PIA,12.0,109.686,MEDIUM,11.0,2.0,1
2026_R05,PIA,13.0,83.843,MEDIUM,5.0,3.0,0
2026_R05,PIA,14.0,77.666,MEDIUM,6.0,3.0,0
2026_R05,PIA,15.0,79.199,MEDIUM,7.0,3.0,0
2026_R05,PIA,16.0,77.308,MEDIUM,8.0,3.0,0
2026_R05,PIA,17.0,77.165,MEDIUM,9.0,3.0,0
2026_R05,PIA,18.0,76.666,MEDIUM,10.0,3.0,0
2026_R05,PIA,19.0,77.523,MEDIUM,11.0,3.0,0
2026_R05,PIA,20.0,76.616,MEDIUM,12.0,3.0,0
2026_R05,PIA,21.0,76.292,MEDIUM,13.0,3.0,0
2026_R05,PIA,22.0,76.727,MEDIUM,14.0,3.0,0
2026_R05,PIA,23.0,77.369,MEDIUM,15.0,3.0,0
2026_R05,PIA,24.0,80.247,MEDIUM,16.0,3.0,0
2026_R05,PIA,25.0,77.005,MEDIUM,17.0,3.0,0
2026_R05,PIA,26.0,76.78,MEDIUM,18.0,3.0,0
2026_R05,PIA,27.0,77.204,MEDIUM,19.0,3.0,0
2026_R05,PIA,28.0,76.492,MEDIUM,20.0,3.0,0
2026_R05,PIA,29.0,86.676,MEDIUM,21.0,3.0,0
2026_R05,PIA,30.0,103.05,MEDIUM,22.0,3.0,0
2026_R05,PIA,31.0,101.004,MEDIUM,23.0,3.0,0
2026_R05,PIA,32.0,79.429,MEDIUM,24.0,3.0,0
2026_R05,PIA,33.0,80.594,MEDIUM,25.0,3.0,0
2026_R05,PIA,34.0,77.313,MEDIUM,26.0,3.0,0
2026_R05,PIA,35.0,76.941,MEDIUM,27.0,3.0,0
2026_R05,PIA,36.0,76.379,MEDIUM,28.0,3.0,0
2026_R05,PIA,37.0,76.534,MEDIUM,29.0,3.0,0
2026_R05,PIA,38.0,76.536,MEDIUM,30.0,3.0,0
2026_R05,PIA,39.0,76.55,MEDIUM,31.0,3.0,0
2026_R05,PIA,40.0,76.727,MEDIUM,32.0,3.0,0
2026_R05,PIA,41.0,76.624,MEDIUM,33.0,3.0,0
2026_R05,PIA,42.0,76.01,MEDIUM,34.0,3.0,0
2026_R05,PIA,43.0,75.943,MEDIUM,35.0,3.0,0
2026_R05,PIA,44.0,78.606,MEDIUM,36.0,3.0,0
2026_R05,PIA,45.0,91.327,MEDIUM,37.0,3.0,0
2026_R05,PIA,46.0,77.189,MEDIUM,38.0,3.0,0
2026_R05,PIA,47.0,76.428,MEDIUM,39.0,3.0,0
2026_R05,PIA,48.0,77.053,MEDIUM,40.0,3.0,0
2026_R05,PIA,49.0,76.264,MEDIUM,41.0,3.0,0
2026_R05,PIA,50.0,75.801,MEDIUM,42.0,3.0,0
2026_R05,PIA,51.0,120.121,MEDIUM,43.0,3.0,1
2026_R05,PIA,52.0,95.146,SOFT,5.0,4.0,0
2026_R05,PIA,53.0,78.397,SOFT,6.0,4.0,0
2026_R05,PIA,54.0,77.137,SOFT,7.0,4.0,0
2026_R05,PIA,55.0,76.686,SOFT,8.0,4.0,0
2026_R05,PIA,56.0,75.934,SOFT,9.0,4.0,0
2026_R05,PIA,57.0,75.655,SOFT,10.0,4.0,0
2026_R05,PIA,58.0,76.439,SOFT,11.0,4.0,0
2026_R05,PIA,59.0,76.208,SOFT,12.0,4.0,0
2026_R05,PIA,60.0,77.477,SOFT,13.0,4.0,0
2026_R05,PIA,61.0,75.456,SOFT,14.0,4.0,0
2026_R05,PIA,62.0,76.343,SOFT,15.0,4.0,0
2026_R05,PIA,63.0,75.883,SOFT,16.0,4.0,0
2026_R05,PIA,64.0,75.942,SOFT,17.0,4.0,0
2026_R05,PIA,65.0,76.575,SOFT,18.0,4.0,0
2026_R05,PIA,66.0,78.47,SOFT,19.0,4.0,0
2026_R05,BEA,1.0,95.294,SOFT,6.0,1.0,0
2026_R05,BEA,2.0,83.857,SOFT,7.0,1.0,0
2026_R05,BEA,3.0,81.748,SOFT,8.0,1.0,0
2026_R05,BEA,4.0,81.581,SOFT,9.0,1.0,0
2026_R05,BEA,5.0,80.063,SOFT,10.0,1.0,0
2026_R05,BEA,6.0,79.321,SOFT,11.0,1.0,0
2026_R05,BEA,7.0,79.63,SOFT,12.0,1.0,0
2026_R05,BEA,8.0,78.89,SOFT,13.0,1.0,0
2026_R05,BEA,9.0,78.093,SOFT,14.0,1.0,0
2026_R05,BEA,10.0,77.929,SOFT,15.0,1.0,0
2026_R05,BEA,11.0,79.752,SOFT,16.0,1.0,0
2026_R05,BEA,12.0,80.302,SOFT,17.0,1.0,0
2026_R05,BEA,13.0,78.524,SOFT,18.0,1.0,0
2026_R05,BEA,14.0,78.205,SOFT,19.0,1.0,0
2026_R05,BEA,15.0,77.509,SOFT,20.0,1.0,0
2026_R05,BEA,16.0,78.12,SOFT,21.0,1.0,0
2026_R05,BEA,17.0,77.52,SOFT,22.0,1.0,0
2026_R05,BEA,18.0,77.463,SOFT,23.0,1.0,0
2026_R05,BEA,19.0,77.589,SOFT,24.0,1.0,0
2026_R05,BEA,20.0,77.646,SOFT,25.0,1.0,0
2026_R05,BEA,21.0,77.485,SOFT,26.0,1.0,0
2026_R05,BEA,22.0,77.45,SOFT,27.0,1.0,0
2026_R05,BEA,23.0,77.629,SOFT,28.0,1.0,0
2026_R05,BEA,24.0,77.264,SOFT,29.0,1.0,0
2026_R05,BEA,25.0,77.397,SOFT,30.0,1.0,0
2026_R05,BEA,26.0,77.519,SOFT,31.0,1.0,0
2026_R05,BEA,27.0,77.67,SOFT,32.0,1.0,0
2026_R05,BEA,28.0,77.374,SOFT,33.0,1.0,0
2026_R05,BEA,29.0,77.283,SOFT,34.0,1.0,0
2026_R05,BEA,30.0,133.826,SOFT,35.0,1.0,1
2026_R05,BEA,31.0,101.901,MEDIUM,1.0,2.0,0
2026_R05,BEA,32.0,79.115,MEDIUM,2.0,2.0,0
2026_R05,BEA,33.0,79.528,MEDIUM,3.0,2.0,0
2026_R05,BEA,34.0,77.265,MEDIUM,4.0,2.0,0
2026_R05,BEA,35.0,77.425,MEDIUM,5.0,2.0,0
2026_R05,BEA,36.0,76.87,MEDIUM,6.0,2.0,0
2026_R05,BEA,37.0,78.083,MEDIUM,7.0,2.0,0
2026_R05,BEA,38.0,76.736,MEDIUM,8.0,2.0,0
2026_R05,BEA,39.0,76.558,MEDIUM,9.0,2.0,0
2026_R05,BEA,40.0,77.257,MEDIUM,10.0,2.0,0
2026_R05,BEA,41.0,78.957,MEDIUM,11.0,2.0,0
2026_R05,BEA,42.0,76.677,MEDIUM,12.0,2.0,0
2026_R05,BEA,43.0,76.481,MEDIUM,13.0,2.0,0
2026_R05,BEA,44.0,76.49,MEDIUM,14.0,2.0,0
2026_R05,BEA,45.0,91.974,MEDIUM,15.0,2.0,0
2026_R05,BEA,46.0,76.852,MEDIUM,16.0,2.0,0
2026_R05,BEA,47.0,76.695,MEDIUM,17.0,2.0,0
2026_R05,BEA,48.0,76.592,MEDIUM,18.0,2.0,0
2026_R05,BEA,49.0,77.743,MEDIUM,19.0,2.0,0
2026_R05,BEA,50.0,76.581,MEDIUM,20.0,2.0,0
2026_R05,BEA,51.0,92.476,MEDIUM,21.0,2.0,0
2026_R05,BEA,52.0,98.186,MEDIUM,22.0,2.0,0
2026_R05,BEA,53.0,78.029,MEDIUM,23.0,2.0,0
2026_R05,BEA,54.0,76.912,MEDIUM,24.0,2.0,0
2026_R05,BEA,55.0,76.488,MEDIUM,25.0,2.0,0
2026_R05,BEA,56.0,76.293,MEDIUM,26.0,2.0,0
2026_R05,BEA,57.0,76.27,MEDIUM,27.0,2.0,0
2026_R05,BEA,58.0,77.322,MEDIUM,28.0,2.0,0
2026_R05,BEA,59.0,76.75,MEDIUM,29.0,2.0,0
2026_R05,BEA,60.0,76.503,MEDIUM,30.0,2.0,0
2026_R05,BEA,61.0,76.572,MEDIUM,31.0,2.0,0
2026_R05,BEA,62.0,76.663,MEDIUM,32.0,2.0,0
2026_R05,BEA,63.0,76.376,MEDIUM,33.0,2.0,0
2026_R05,BEA,64.0,76.002,MEDIUM,34.0,2.0,0
2026_R05,BEA,65.0,76.189,MEDIUM,35.0,2.0,0
2026_R05,BEA,66.0,76.015,MEDIUM,36.0,2.0,0
2026_R05,BEA,67.0,76.048,MEDIUM,37.0,2.0,0
2026_R06,NOR,1.0,90.629,MEDIUM,1.0,1.0,0
2026_R06,NOR,2.0,80.684,MEDIUM,2.0,1.0,0
2026_R06,NOR,3.0,80.195,MEDIUM,3.0,1.0,0
2026_R06,NOR,4.0,79.491,MEDIUM,4.0,1.0,0
2026_R06,NOR,5.0,78.988,MEDIUM,5.0,1.0,0
2026_R06,NOR,6.0,78.233,MEDIUM,6.0,1.0,0
2026_R06,NOR,7.0,78.243,MEDIUM,7.0,1.0,0
2026_R06,NOR,8.0,78.079,MEDIUM,8.0,1.0,0
2026_R06,NOR,9.0,78.059,MEDIUM,9.0,1.0,0
2026_R06,NOR,10.0,78.628,MEDIUM,10.0,1.0,0
2026_R06,NOR,11.0,78.413,MEDIUM,11.0,1.0,0
2026_R06,NOR,12.0,77.722,MEDIUM,12.0,1.0,0
2026_R06,NOR,13.0,78.391,MEDIUM,13.0,1.0,0
2026_R06,NOR,14.0,78.17,MEDIUM,14.0,1.0,0
2026_R06,NOR,15.0,78.623,MEDIUM,15.0,1.0,0
2026_R06,NOR,16.0,78.638,MEDIUM,16.0,1.0,0
2026_R06,NOR,17.0,78.742,MEDIUM,17.0,1.0,0
2026_R06,NOR,18.0,78.994,MEDIUM,18.0,1.0,0
2026_R06,NOR,19.0,78.706,MEDIUM,19.0,1.0,0
2026_R06,NOR,20.0,78.312,MEDIUM,20.0,1.0,0
2026_R06,NOR,21.0,79.066,MEDIUM,21.0,1.0,0
2026_R06,NOR,22.0,77.925,MEDIUM,22.0,1.0,0
2026_R06,NOR,23.0,78.249,MEDIUM,23.0,1.0,0
2026_R06,NOR,24.0,78.676,MEDIUM,24.0,1.0,0
2026_R06,NOR,25.0,78.316,MEDIUM,25.0,1.0,0
2026_R06,NOR,26.0,78.478,MEDIUM,26.0,1.0,0
2026_R06,NOR,27.0,78.376,MEDIUM,27.0,1.0,0
2026_R06,NOR,28.0,78.464,MEDIUM,28.0,1.0,0
2026_R06,NOR,29.0,78.198,MEDIUM,29.0,1.0,0
2026_R06,NOR,30.0,78.321,MEDIUM,30.0,1.0,0
2026_R06,NOR,31.0,78.3,MEDIUM,31.0,1.0,0
2026_R06,NOR,32.0,78.189,MEDIUM,32.0,1.0,0
2026_R06,NOR,33.0,80.23,MEDIUM,33.0,1.0,0
2026_R06,NOR,34.0,77.67,MEDIUM,34.0,1.0,0
2026_R06,NOR,35.0,77.833,MEDIUM,35.0,1.0,0
2026_R06,NOR,36.0,78.224,MEDIUM,36.0,1.0,0
2026_R06,NOR,37.0,78.739,MEDIUM,37.0,1.0,0
2026_R06,NOR,38.0,79.008,MEDIUM,38.0,1.0,0
2026_R06,NOR,39.0,79.311,MEDIUM,39.0,1.0,0
2026_R06,NOR,40.0,78.948,MEDIUM,40.0,1.0,0
2026_R06,NOR,41.0,80.881,MEDIUM,41.0,1.0,0
2026_R06,NOR,42.0,80.144,MEDIUM,42.0,1.0,0
2026_R06,NOR,43.0,79.223,MEDIUM,43.0,1.0,0
2026_R06,NOR,44.0,,MEDIUM,44.0,1.0,1
2026_R06,GAS,1.0,90.105,MEDIUM,1.0,1.0,0
2026_R06,GAS,2.0,80.715,MEDIUM,2.0,1.0,0
2026_R06,GAS,3.0,80.073,MEDIUM,3.0,1.0,0
2026_R06,GAS,4.0,79.124,MEDIUM,4.0,1.0,0
2026_R06,GAS,5.0,79.092,MEDIUM,5.0,1.0,0
2026_R06,GAS,6.0,78.305,MEDIUM,6.0,1.0,0
2026_R06,GAS,7.0,78.58,MEDIUM,7.0,1.0,0
2026_R06,GAS,8.0,77.946,MEDIUM,8.0,1.0,0
2026_R06,GAS,9.0,78.13,MEDIUM,9.0,1.0,0
2026_R06,GAS,10.0,78.04,MEDIUM,10.0,1.0,0
2026_R06,GAS,11.0,78.404,MEDIUM,11.0,1.0,0
2026_R06,GAS,12.0,78.358,MEDIUM,12.0,1.0,0
2026_R06,GAS,13.0,78.333,MEDIUM,13.0,1.0,0
2026_R06,GAS,14.0,78.204,MEDIUM,14.0,1.0,0
2026_R06,GAS,15.0,78.092,MEDIUM,15.0,1.0,0
2026_R06,GAS,16.0,79.128,MEDIUM,16.0,1.0,0
2026_R06,GAS,17.0,78.782,MEDIUM,17.0,1.0,0
2026_R06,GAS,18.0,79.055,MEDIUM,18.0,1.0,0
2026_R06,GAS,19.0,78.687,MEDIUM,19.0,1.0,0
2026_R06,GAS,20.0,78.231,MEDIUM,20.0,1.0,0
2026_R06,GAS,21.0,78.386,MEDIUM,21.0,1.0,0
2026_R06,GAS,22.0,78.475,MEDIUM,22.0,1.0,0
2026_R06,GAS,23.0,78.461,MEDIUM,23.0,1.0,0
2026_R06,GAS,24.0,78.52,MEDIUM,24.0,1.0,0
2026_R06,GAS,25.0,78.386,MEDIUM,25.0,1.0,0
2026_R06,GAS,26.0,78.461,MEDIUM,26.0,1.0,0
2026_R06,GAS,27.0,78.521,MEDIUM,27.0,1.0,0
2026_R06,GAS,28.0,78.596,MEDIUM,28.0,1.0,0
2026_R06,GAS,29.0,78.056,MEDIUM,29.0,1.0,0
2026_R06,GAS,30.0,78.178,MEDIUM,30.0,1.0,0
2026_R06,GAS,31.0,78.36,MEDIUM,31.0,1.0,0
2026_R06,GAS,32.0,78.029,MEDIUM,32.0,1.0,0
2026_R06,GAS,33.0,78.807,MEDIUM,33.0,1.0,0
2026_R06,GAS,34.0,78.659,MEDIUM,34.0,1.0,0
2026_R06,GAS,35.0,78.332,MEDIUM,35.0,1.0,0
2026_R06,GAS,36.0,78.178,MEDIUM,36.0,1.0,0
2026_R06,GAS,37.0,78.949,MEDIUM,37.0,1.0,0
2026_R06,GAS,38.0,79.068,MEDIUM,38.0,1.0,0
2026_R06,GAS,39.0,79.227,MEDIUM,39.0,1.0,0
2026_R06,GAS,40.0,79.024,MEDIUM,40.0,1.0,0
2026_R06,GAS,41.0,78.934,MEDIUM,41.0,1.0,0
2026_R06,GAS,42.0,78.656,MEDIUM,42.0,1.0,0
2026_R06,GAS,43.0,78.909,MEDIUM,43.0,1.0,0
2026_R06,GAS,44.0,78.777,MEDIUM,44.0,1.0,0
2026_R06,GAS,45.0,97.189,MEDIUM,45.0,1.0,1
2026_R06,GAS,46.0,83.643,HARD,1.0,2.0,0
2026_R06,GAS,47.0,78.675,HARD,2.0,2.0,0
2026_R06,GAS,48.0,78.218,HARD,3.0,2.0,0
2026_R06,GAS,49.0,80.722,HARD,4.0,2.0,0
2026_R06,GAS,50.0,78.925,HARD,5.0,2.0,0
2026_R06,GAS,51.0,79.348,HARD,6.0,2.0,0
2026_R06,GAS,52.0,77.95,HARD,7.0,2.0,0
2026_R06,GAS,53.0,77.055,HARD,8.0,2.0,0
2026_R06,GAS,54.0,77.287,HARD,9.0,2.0,0
2026_R06,GAS,55.0,77.126,HARD,10.0,2.0,0
2026_R06,GAS,56.0,77.509,HARD,11.0,2.0,0
2026_R06,GAS,57.0,77.963,HARD,12.0,2.0,0
2026_R06,GAS,58.0,77.612,HARD,13.0,2.0,0
2026_R06,GAS,59.0,99.182,HARD,14.0,2.0,0
2026_R06,GAS,60.0,113.136,HARD,15.0,2.0,1
2026_R06,GAS,61.0,93.183,HARD,16.0,3.0,0
2026_R06,GAS,62.0,118.441,HARD,17.0,3.0,0
2026_R06,GAS,63.0,92.959,HARD,18.0,3.0,0
2026_R06,GAS,64.0,84.677,HARD,19.0,3.0,0
2026_R06,GAS,65.0,81.81,HARD,20.0,3.0,0
2026_R06,GAS,66.0,114.401,HARD,21.0,3.0,1
2026_R06,GAS,67.0,106.41,HARD,22.0,4.0,0
2026_R06,GAS,68.0,,HARD,23.0,4.0,1
2026_R06,GAS,69.0,96.522,SOFT,5.0,5.0,0
2026_R06,GAS,70.0,,SOFT,6.0,5.0,0
2026_R06,GAS,71.0,86.19,SOFT,7.0,5.0,0
2026_R06,GAS,72.0,77.461,SOFT,8.0,5.0,0
2026_R06,GAS,73.0,76.054,SOFT,9.0,5.0,0
2026_R06,GAS,74.0,76.599,SOFT,10.0,5.0,0
2026_R06,GAS,75.0,76.296,SOFT,11.0,5.0,0
2026_R06,GAS,76.0,75.899,SOFT,12.0,5.0,0
2026_R06,GAS,77.0,75.497,SOFT,13.0,5.0,0
2026_R06,GAS,78.0,75.881,SOFT,14.0,5.0,0
2026_R06,PER,1.0,95.173,SOFT,1.0,1.0,0
2026_R06,PER,2.0,81.504,SOFT,2.0,1.0,0
2026_R06,PER,3.0,80.479,SOFT,3.0,1.0,0
2026_R06,PER,4.0,100.066,SOFT,4.0,1.0,1
2026_R06,PER,5.0,82.032,MEDIUM,1.0,2.0,0
2026_R06,PER,6.0,79.524,MEDIUM,2.0,2.0,0
2026_R06,PER,7.0,77.89,MEDIUM,3.0,2.0,0
2026_R06,PER,8.0,78.694,MEDIUM,4.0,2.0,0
2026_R06,PER,9.0,91.503,MEDIUM,5.0,2.0,1
2026_R06,PER,10.0,82.204,MEDIUM,6.0,3.0,0
2026_R06,PER,11.0,78.736,MEDIUM,7.0,3.0,0
2026_R06,PER,12.0,81.649,MEDIUM,8.0,3.0,0
2026_R06,PER,13.0,80.223,MEDIUM,9.0,3.0,0
2026_R06,PER,14.0,78.51,MEDIUM,10.0,3.0,0
2026_R06,PER,15.0,80.811,MEDIUM,11.0,3.0,0
2026_R06,PER,16.0,78.578,MEDIUM,12.0,3.0,0
2026_R06,PER,17.0,79.129,MEDIUM,13.0,3.0,0
2026_R06,PER,18.0,78.7,MEDIUM,14.0,3.0,0
2026_R06,PER,19.0,78.907,MEDIUM,15.0,3.0,0
2026_R06,PER,20.0,78.93,MEDIUM,16.0,3.0,0
2026_R06,PER,21.0,79.091,MEDIUM,17.0,3.0,0
2026_R06,PER,22.0,80.559,MEDIUM,18.0,3.0,0
2026_R06,PER,23.0,79.5,MEDIUM,19.0,3.0,0
2026_R06,PER,24.0,79.325,MEDIUM,20.0,3.0,0
2026_R06,PER,25.0,79.538,MEDIUM,21.0,3.0,0
2026_R06,PER,26.0,78.698,MEDIUM,22.0,3.0,0
2026_R06,PER,27.0,78.77,MEDIUM,23.0,3.0,0
2026_R06,PER,28.0,78.848,MEDIUM,24.0,3.0,0
2026_R06,PER,29.0,78.872,MEDIUM,25.0,3.0,0
2026_R06,PER,30.0,78.903,MEDIUM,26.0,3.0,0
2026_R06,PER,31.0,79.338,MEDIUM,27.0,3.0,0
2026_R06,PER,32.0,79.656,MEDIUM,28.0,3.0,0
2026_R06,PER,33.0,79.917,MEDIUM,29.0,3.0,0
2026_R06,PER,34.0,79.981,MEDIUM,30.0,3.0,0
2026_R06,PER,35.0,81.476,MEDIUM,31.0,3.0,0
2026_R06,PER,36.0,79.751,MEDIUM,32.0,3.0,0
2026_R06,PER,37.0,79.799,MEDIUM,33.0,3.0,0
2026_R06,PER,38.0,79.37,MEDIUM,34.0,3.0,0
2026_R06,PER,39.0,81.687,MEDIUM,35.0,3.0,0
2026_R06,PER,40.0,82.33,MEDIUM,36.0,3.0,0
2026_R06,PER,41.0,80.839,MEDIUM,37.0,3.0,0
2026_R06,PER,42.0,82.094,MEDIUM,38.0,3.0,0
2026_R06,PER,43.0,81.039,MEDIUM,39.0,3.0,0
2026_R06,PER,44.0,81.217,MEDIUM,40.0,3.0,0
2026_R06,PER,45.0,79.567,MEDIUM,41.0,3.0,0
2026_R06,PER,46.0,79.155,MEDIUM,42.0,3.0,0
2026_R06,PER,47.0,79.032,MEDIUM,43.0,3.0,0
2026_R06,PER,48.0,81.387,MEDIUM,44.0,3.0,0
2026_R06,PER,49.0,80.917,MEDIUM,45.0,3.0,0
2026_R06,PER,50.0,81.591,MEDIUM,46.0,3.0,0
2026_R06,PER,51.0,82.941,MEDIUM,47.0,3.0,0
2026_R06,PER,52.0,80.832,MEDIUM,48.0,3.0,0
2026_R06,PER,53.0,80.833,MEDIUM,49.0,3.0,0
2026_R06,PER,54.0,80.051,MEDIUM,50.0,3.0,0
2026_R06,PER,55.0,81.863,MEDIUM,51.0,3.0,0
2026_R06,PER,56.0,79.824,MEDIUM,52.0,3.0,0
2026_R06,PER,57.0,81.055,MEDIUM,53.0,3.0,0
2026_R06,PER,58.0,108.502,MEDIUM,54.0,3.0,0
2026_R06,PER,59.0,117.191,MEDIUM,55.0,3.0,1
2026_R06,PER,60.0,95.59,SOFT,1.0,4.0,0
2026_R06,PER,61.0,86.682,SOFT,2.0,4.0,0
2026_R06,PER,62.0,91.661,SOFT,3.0,4.0,0
2026_R06,PER,63.0,83.608,SOFT,4.0,4.0,0
2026_R06,PER,64.0,81.255,SOFT,5.0,4.0,0
2026_R06,PER,65.0,116.375,SOFT,6.0,4.0,1
2026_R06,PER,66.0,105.31,SOFT,7.0,5.0,0
2026_R06,PER,67.0,,SOFT,8.0,5.0,1
2026_R06,PER,68.0,149.156,SOFT,7.0,6.0,1
2026_R06,PER,69.0,87.787,SOFT,1.0,7.0,0
2026_R06,PER,70.0,144.525,SOFT,2.0,7.0,0
2026_R06,PER,71.0,89.934,SOFT,3.0,7.0,0
2026_R06,PER,72.0,80.966,SOFT,4.0,7.0,0
2026_R06,PER,73.0,79.857,SOFT,5.0,7.0,0
2026_R06,PER,74.0,77.518,SOFT,6.0,7.0,0
2026_R06,PER,75.0,77.393,SOFT,7.0,7.0,0
2026_R06,PER,76.0,77.117,SOFT,8.0,7.0,0
2026_R06,PER,77.0,76.894,SOFT,9.0,7.0,0
2026_R06,PER,78.0,76.891,SOFT,10.0,7.0,0
2026_R06,ANT,1.0,82.525,MEDIUM,1.0,1.0,0
2026_R06,ANT,2.0,77.653,MEDIUM,2.0,1.0,0
2026_R06,ANT,3.0,76.996,MEDIUM,3.0,1.0,0
2026_R06,ANT,4.0,77.048,MEDIUM,4.0,1.0,0
2026_R06,ANT,5.0,76.661,MEDIUM,5.0,1.0,0
2026_R06,ANT,6.0,76.723,MEDIUM,6.0,1.0,0
2026_R06,ANT,7.0,76.05,MEDIUM,7.0,1.0,0
2026_R06,ANT,8.0,76.284,MEDIUM,8.0,1.0,0
2026_R06,ANT,9.0,76.298,MEDIUM,9.0,1.0,0
2026_R06,ANT,10.0,77.067,MEDIUM,10.0,1.0,0
2026_R06,ANT,11.0,78.223,MEDIUM,11.0,1.0,0
2026_R06,ANT,12.0,77.43,MEDIUM,12.0,1.0,0
2026_R06,ANT,13.0,77.313,MEDIUM,13.0,1.0,0
2026_R06,ANT,14.0,77.222,MEDIUM,14.0,1.0,0
2026_R06,ANT,15.0,77.193,MEDIUM,15.0,1.0,0
2026_R06,ANT,16.0,77.24,MEDIUM,16.0,1.0,0
2026_R06,ANT,17.0,77.05,MEDIUM,17.0,1.0,0
2026_R06,ANT,18.0,76.802,MEDIUM,18.0,1.0,0
2026_R06,ANT,19.0,76.061,MEDIUM,19.0,1.0,0
2026_R06,ANT,20.0,76.468,MEDIUM,20.0,1.0,0
2026_R06,ANT,21.0,76.65,MEDIUM,21.0,1.0,0
2026_R06,ANT,22.0,76.369,MEDIUM,22.0,1.0,0
2026_R06,ANT,23.0,76.538,MEDIUM,23.0,1.0,0
2026_R06,ANT,24.0,76.669,MEDIUM,24.0,1.0,0
2026_R06,ANT,25.0,76.888,MEDIUM,25.0,1.0,0
2026_R06,ANT,26.0,76.964,MEDIUM,26.0,1.0,0
2026_R06,ANT,27.0,77.29,MEDIUM,27.0,1.0,0
2026_R06,ANT,28.0,76.644,MEDIUM,28.0,1.0,0
2026_R06,ANT,29.0,76.957,MEDIUM,29.0,1.0,0
2026_R06,ANT,30.0,76.838,MEDIUM,30.0,1.0,0
2026_R06,ANT,31.0,76.617,MEDIUM,31.0,1.0,0
2026_R06,ANT,32.0,76.788,MEDIUM,32.0,1.0,0
2026_R06,ANT,33.0,76.862,MEDIUM,33.0,1.0,0
2026_R06,ANT,34.0,77.201,MEDIUM,34.0,1.0,0
2026_R06,ANT,35.0,76.191,MEDIUM,35.0,1.0,0
2026_R06,ANT,36.0,76.356,MEDIUM,36.0,1.0,0
2026_R06,ANT,37.0,93.595,MEDIUM,37.0,1.0,1
2026_R06,ANT,38.0,82.214,HARD,1.0,2.0,0
2026_R06,ANT,39.0,76.806,HARD,2.0,2.0,0
2026_R06,ANT,40.0,76.757,HARD,3.0,2.0,0
2026_R06,ANT,41.0,76.066,HARD,4.0,2.0,0
2026_R06,ANT,42.0,76.342,HARD,5.0,2.0,0
2026_R06,ANT,43.0,77.071,HARD,6.0,2.0,0
2026_R06,ANT,44.0,75.716,HARD,7.0,2.0,0
2026_R06,ANT,45.0,77.103,HARD,8.0,2.0,0
2026_R06,ANT,46.0,76.976,HARD,9.0,2.0,0
2026_R06,ANT,47.0,75.572,HARD,10.0,2.0,0
2026_R06,ANT,48.0,76.247,HARD,11.0,2.0,0
2026_R06,ANT,49.0,76.127,HARD,12.0,2.0,0
2026_R06,ANT,50.0,76.858,HARD,13.0,2.0,0
2026_R06,ANT,51.0,75.937,HARD,14.0,2.0,0
2026_R06,ANT,52.0,76.218,HARD,15.0,2.0,0
2026_R06,ANT,53.0,76.737,HARD,16.0,2.0,0
2026_R06,ANT,54.0,75.889,HARD,17.0,2.0,0
2026_R06,ANT,55.0,74.99,HARD,18.0,2.0,0
2026_R06,ANT,56.0,75.302,HARD,19.0,2.0,0
2026_R06,ANT,57.0,75.138,HARD,20.0,2.0,0
2026_R06,ANT,58.0,75.812,HARD,21.0,2.0,0
2026_R06,ANT,59.0,76.057,HARD,22.0,2.0,0
2026_R06,ANT,60.0,82.472,HARD,23.0,2.0,0
2026_R06,ANT,61.0,136.745,HARD,24.0,2.0,1
2026_R06,ANT,62.0,120.361,SOFT,5.0,3.0,0
2026_R06,ANT,63.0,120.412,SOFT,6.0,3.0,0
2026_R06,ANT,64.0,132.838,SOFT,7.0,3.0,0
2026_R06,ANT,65.0,119.223,SOFT,8.0,3.0,0
2026_R06,ANT,66.0,111.182,SOFT,9.0,3.0,1
2026_R06,ANT,67.0,105.482,SOFT,10.0,4.0,0
2026_R06,ANT,68.0,,SOFT,11.0,4.0,1
2026_R06,ANT,69.0,103.473,SOFT,5.0,5.0,0
2026_R06,ANT,70.0,,SOFT,6.0,5.0,0
2026_R06,ANT,71.0,80.271,SOFT,7.0,5.0,0
2026_R06,ANT,72.0,75.737,SOFT,8.0,5.0,0
2026_R06,ANT,73.0,74.585,SOFT,9.0,5.0,0
2026_R06,ANT,74.0,73.958,SOFT,10.0,5.0,0
2026_R06,ANT,75.0,74.008,SOFT,11.0,5.0,0
2026_R06,ANT,76.0,73.481,SOFT,12.0,5.0,0
2026_R06,ANT,77.0,73.728,SOFT,13.0,5.0,0
2026_R06,ANT,78.0,75.614,SOFT,14.0,5.0,0
2026_R06,ALO,1.0,97.265,MEDIUM,1.0,1.0,0
2026_R06,ALO,2.0,82.343,MEDIUM,2.0,1.0,0
2026_R06,ALO,3.0,99.049,MEDIUM,3.0,1.0,1
2026_R06,ALO,4.0,83.312,SOFT,1.0,2.0,0
2026_R06,ALO,5.0,80.326,SOFT,2.0,2.0,0
2026_R06,ALO,6.0,79.772,SOFT,3.0,2.0,0
2026_R06,ALO,7.0,79.16,SOFT,4.0,2.0,0
2026_R06,ALO,8.0,79.213,SOFT,5.0,2.0,0
2026_R06,ALO,9.0,79.431,SOFT,6.0,2.0,0
2026_R06,ALO,10.0,79.993,SOFT,7.0,2.0,0
2026_R06,ALO,11.0,79.595,SOFT,8.0,2.0,0
2026_R06,ALO,12.0,79.031,SOFT,9.0,2.0,0
2026_R06,ALO,13.0,79.032,SOFT,10.0,2.0,0
2026_R06,ALO,14.0,79.338,SOFT,11.0,2.0,0
2026_R06,ALO,15.0,79.415,SOFT,12.0,2.0,0
2026_R06,ALO,16.0,80.915,SOFT,13.0,2.0,0
2026_R06,ALO,17.0,81.52,SOFT,14.0,2.0,0
2026_R06,ALO,18.0,80.779,SOFT,15.0,2.0,0
2026_R06,ALO,19.0,79.936,SOFT,16.0,2.0,0
2026_R06,ALO,20.0,79.287,SOFT,17.0,2.0,0
2026_R06,ALO,21.0,79.246,SOFT,18.0,2.0,0
2026_R06,ALO,22.0,79.169,SOFT,19.0,2.0,0
2026_R06,ALO,23.0,79.157,SOFT,20.0,2.0,0
2026_R06,ALO,24.0,79.072,SOFT,21.0,2.0,0
2026_R06,ALO,25.0,79.017,SOFT,22.0,2.0,0
2026_R06,ALO,26.0,78.881,SOFT,23.0,2.0,0
2026_R06,ALO,27.0,79.287,SOFT,24.0,2.0,0
2026_R06,ALO,28.0,79.172,SOFT,25.0,2.0,0
2026_R06,ALO,29.0,79.251,SOFT,26.0,2.0,0
2026_R06,ALO,30.0,79.23,SOFT,27.0,2.0,0
2026_R06,ALO,31.0,79.014,SOFT,28.0,2.0,0
2026_R06,ALO,32.0,78.798,SOFT,29.0,2.0,0
2026_R06,ALO,33.0,78.696,SOFT,30.0,2.0,0
2026_R06,ALO,34.0,78.754,SOFT,31.0,2.0,0
2026_R06,ALO,35.0,79.137,SOFT,32.0,2.0,0
2026_R06,ALO,36.0,78.911,SOFT,33.0,2.0,0
2026_R06,ALO,37.0,79.01,SOFT,34.0,2.0,0
2026_R06,ALO,38.0,78.898,SOFT,35.0,2.0,0
2026_R06,ALO,39.0,78.896,SOFT,36.0,2.0,0
2026_R06,ALO,40.0,79.02,SOFT,37.0,2.0,0
2026_R06,ALO,41.0,79.215,SOFT,38.0,2.0,0
2026_R06,ALO,42.0,79.414,SOFT,39.0,2.0,0
2026_R06,ALO,43.0,79.699,SOFT,40.0,2.0,0
2026_R06,ALO,44.0,79.618,SOFT,41.0,2.0,0
2026_R06,ALO,45.0,79.913,SOFT,42.0,2.0,0
2026_R06,ALO,46.0,80.144,SOFT,43.0,2.0,0
2026_R06,ALO,47.0,81.262,SOFT,44.0,2.0,0
2026_R06,ALO,48.0,81.05,SOFT,45.0,2.0,0
2026_R06,ALO,49.0,81.64,SOFT,46.0,2.0,0
2026_R06,ALO,50.0,80.924,SOFT,47.0,2.0,0
2026_R06,ALO,51.0,81.245,SOFT,48.0,2.0,0
2026_R06,ALO,52.0,79.528,SOFT,49.0,2.0,0
2026_R06,ALO,53.0,79.985,SOFT,50.0,2.0,0
2026_R06,ALO,54.0,79.72,SOFT,51.0,2.0,0
2026_R06,ALO,55.0,80.968,SOFT,52.0,2.0,0
2026_R06,ALO,56.0,82.466,SOFT,53.0,2.0,0
2026_R06,ALO,57.0,79.628,SOFT,54.0,2.0,0
2026_R06,ALO,58.0,115.284,SOFT,55.0,2.0,1
2026_R06,ALO,59.0,113.313,SOFT,1.0,3.0,1
2026_R06,ALO,60.0,92.376,SOFT,2.0,4.0,0
2026_R06,ALO,61.0,110.181,SOFT,3.0,4.0,0
2026_R06,ALO,62.0,93.687,SOFT,4.0,4.0,0
2026_R06,ALO,63.0,83.982,SOFT,5.0,4.0,0
2026_R06,ALO,64.0,82.122,SOFT,6.0,4.0,0
2026_R06,ALO,65.0,115.551,SOFT,7.0,4.0,1
2026_R06,ALO,66.0,106.295,SOFT,8.0,5.0,0
2026_R06,ALO,67.0,,SOFT,9.0,5.0,1
2026_R06,ALO,68.0,,SOFT,9.0,6.0,1
2026_R06,ALO,69.0,89.317,SOFT,9.0,7.0,0
2026_R06,ALO,70.0,145.293,SOFT,10.0,7.0,0
2026_R06,ALO,71.0,90.552,SOFT,11.0,7.0,0
2026_R06,ALO,72.0,80.898,SOFT,12.0,7.0,0
2026_R06,ALO,73.0,80.15,SOFT,13.0,7.0,0
2026_R06,ALO,74.0,78.301,SOFT,14.0,7.0,0
2026_R06,ALO,75.0,78.056,SOFT,15.0,7.0,0
2026_R06,ALO,76.0,77.276,SOFT,16.0,7.0,0
2026_R06,ALO,77.0,77.12,SOFT,17.0,7.0,0
2026_R06,ALO,78.0,77.14,SOFT,18.0,7.0,0
2026_R06,LEC,1.0,85.514,MEDIUM,1.0,1.0,0
2026_R06,LEC,2.0,78.553,MEDIUM,2.0,1.0,0
2026_R06,LEC,3.0,77.793,MEDIUM,3.0,1.0,0
2026_R06,LEC,4.0,77.47,MEDIUM,4.0,1.0,0
2026_R06,LEC,5.0,77.655,MEDIUM,5.0,1.0,0
2026_R06,LEC,6.0,77.74,MEDIUM,6.0,1.0,0
2026_R06,LEC,7.0,77.338,MEDIUM,7.0,1.0,0
2026_R06,LEC,8.0,76.909,MEDIUM,8.0,1.0,0
2026_R06,LEC,9.0,77.188,MEDIUM,9.0,1.0,0
2026_R06,LEC,10.0,76.84,MEDIUM,10.0,1.0,0
2026_R06,LEC,11.0,77.013,MEDIUM,11.0,1.0,0
2026_R06,LEC,12.0,77.56,MEDIUM,12.0,1.0,0
2026_R06,LEC,13.0,77.081,MEDIUM,13.0,1.0,0
2026_R06,LEC,14.0,77.156,MEDIUM,14.0,1.0,0
2026_R06,LEC,15.0,77.313,MEDIUM,15.0,1.0,0
2026_R06,LEC,16.0,77.015,MEDIUM,16.0,1.0,0
2026_R06,LEC,17.0,77.688,MEDIUM,17.0,1.0,0
2026_R06,LEC,18.0,77.363,MEDIUM,18.0,1.0,0
2026_R06,LEC,19.0,77.698,MEDIUM,19.0,1.0,0
2026_R06,LEC,20.0,77.219,MEDIUM,20.0,1.0,0
2026_R06,LEC,21.0,76.881,MEDIUM,21.0,1.0,0
2026_R06,LEC,22.0,76.971,MEDIUM,22.0,1.0,0
2026_R06,LEC,23.0,77.884,MEDIUM,23.0,1.0,0
2026_R06,LEC,24.0,76.955,MEDIUM,24.0,1.0,0
2026_R06,LEC,25.0,76.983,MEDIUM,25.0,1.0,0
2026_R06,LEC,26.0,77.021,MEDIUM,26.0,1.0,0
2026_R06,LEC,27.0,77.168,MEDIUM,27.0,1.0,0
2026_R06,LEC,28.0,77.572,MEDIUM,28.0,1.0,0
2026_R06,LEC,29.0,77.188,MEDIUM,29.0,1.0,0
2026_R06,LEC,30.0,77.07,MEDIUM,30.0,1.0,0
2026_R06,LEC,31.0,77.579,MEDIUM,31.0,1.0,0
2026_R06,LEC,32.0,77.919,MEDIUM,32.0,1.0,0
2026_R06,LEC,33.0,77.666,MEDIUM,33.0,1.0,0
2026_R06,LEC,34.0,77.907,MEDIUM,34.0,1.0,0
2026_R06,LEC,35.0,96.5,MEDIUM,35.0,1.0,1
2026_R06,LEC,36.0,83.426,HARD,1.0,2.0,0
2026_R06,LEC,37.0,77.652,HARD,2.0,2.0,0
2026_R06,LEC,38.0,76.872,HARD,3.0,2.0,0
2026_R06,LEC,39.0,76.569,HARD,4.0,2.0,0
2026_R06,LEC,40.0,76.564,HARD,5.0,2.0,0
2026_R06,LEC,41.0,77.872,HARD,6.0,2.0,0
2026_R06,LEC,42.0,77.536,HARD,7.0,2.0,0
2026_R06,LEC,43.0,76.574,HARD,8.0,2.0,0
2026_R06,LEC,44.0,76.345,HARD,9.0,2.0,0
2026_R06,LEC,45.0,76.538,HARD,10.0,2.0,0
2026_R06,LEC,46.0,76.271,HARD,11.0,2.0,0
2026_R06,LEC,47.0,76.037,HARD,12.0,2.0,0
2026_R06,LEC,48.0,76.217,HARD,13.0,2.0,0
2026_R06,LEC,49.0,76.195,HARD,14.0,2.0,0
2026_R06,LEC,50.0,76.211,HARD,15.0,2.0,0
2026_R06,LEC,51.0,76.474,HARD,16.0,2.0,0
2026_R06,LEC,52.0,76.696,HARD,17.0,2.0,0
2026_R06,LEC,53.0,75.964,HARD,18.0,2.0,0
2026_R06,LEC,54.0,76.15,HARD,19.0,2.0,0
2026_R06,LEC,55.0,76.056,HARD,20.0,2.0,0
2026_R06,LEC,56.0,77.088,HARD,21.0,2.0,0
2026_R06,LEC,57.0,76.393,HARD,22.0,2.0,0
2026_R06,LEC,58.0,76.378,HARD,23.0,2.0,0
2026_R06,LEC,59.0,76.476,HARD,24.0,2.0,0
2026_R06,LEC,60.0,121.657,HARD,25.0,2.0,1
2026_R06,LEC,61.0,115.305,SOFT,5.0,3.0,1
2026_R06,LEC,62.0,94.67,SOFT,6.0,4.0,0
2026_R06,LEC,63.0,106.85,SOFT,7.0,4.0,0
2026_R06,LEC,64.0,124.443,SOFT,8.0,4.0,0
2026_R06,LEC,65.0,,SOFT,9.0,4.0,0
2026_R06,STR,1.0,99.197,MEDIUM,1.0,1.0,0
2026_R06,STR,2.0,82.082,MEDIUM,2.0,1.0,0
2026_R06,STR,3.0,81.9,MEDIUM,3.0,1.0,0
2026_R06,STR,4.0,98.509,MEDIUM,4.0,1.0,1
2026_R06,STR,5.0,84.018,SOFT,1.0,2.0,0
2026_R06,STR,6.0,79.755,SOFT,2.0,2.0,0
2026_R06,STR,7.0,79.602,SOFT,3.0,2.0,0
2026_R06,STR,8.0,79.176,SOFT,4.0,2.0,0
2026_R06,STR,9.0,79.144,SOFT,5.0,2.0,0
2026_R06,STR,10.0,79.314,SOFT,6.0,2.0,0
2026_R06,STR,11.0,79.543,SOFT,7.0,2.0,0
2026_R06,STR,12.0,79.438,SOFT,8.0,2.0,0
2026_R06,STR,13.0,79.14,SOFT,9.0,2.0,0
2026_R06,STR,14.0,80.9,SOFT,10.0,2.0,0
2026_R06,STR,15.0,81.621,SOFT,11.0,2.0,0
2026_R06,STR,16.0,81.441,SOFT,12.0,2.0,0
2026_R06,STR,17.0,79.611,SOFT,13.0,2.0,0
2026_R06,STR,18.0,79.331,SOFT,14.0,2.0,0
2026_R06,STR,19.0,79.246,SOFT,15.0,2.0,0
2026_R06,STR,20.0,79.147,SOFT,16.0,2.0,0
2026_R06,STR,21.0,79.333,SOFT,17.0,2.0,0
2026_R06,STR,22.0,79.396,SOFT,18.0,2.0,0
2026_R06,STR,23.0,79.471,SOFT,19.0,2.0,0
2026_R06,STR,24.0,79.046,SOFT,20.0,2.0,0
2026_R06,STR,25.0,78.873,SOFT,21.0,2.0,0
2026_R06,STR,26.0,79.243,SOFT,22.0,2.0,0
2026_R06,STR,27.0,79.21,SOFT,23.0,2.0,0
2026_R06,STR,28.0,79.178,SOFT,24.0,2.0,0
2026_R06,STR,29.0,78.968,SOFT,25.0,2.0,0
2026_R06,STR,30.0,79.045,SOFT,26.0,2.0,0
2026_R06,STR,31.0,78.966,SOFT,27.0,2.0,0
2026_R06,STR,32.0,79.052,SOFT,28.0,2.0,0
2026_R06,STR,33.0,79.219,SOFT,29.0,2.0,0
2026_R06,STR,34.0,78.95,SOFT,30.0,2.0,0
2026_R06,STR,35.0,79.099,SOFT,31.0,2.0,0
2026_R06,STR,36.0,78.845,SOFT,32.0,2.0,0
2026_R06,STR,37.0,79.008,SOFT,33.0,2.0,0
2026_R06,STR,38.0,79.192,SOFT,34.0,2.0,0
2026_R06,STR,39.0,79.236,SOFT,35.0,2.0,0
2026_R06,STR,40.0,82.815,SOFT,36.0,2.0,0
2026_R06,STR,41.0,79.36,SOFT,37.0,2.0,0
2026_R06,STR,42.0,78.995,SOFT,38.0,2.0,0
2026_R06,STR,43.0,79.304,SOFT,39.0,2.0,0
2026_R06,STR,44.0,79.428,SOFT,40.0,2.0,0
2026_R06,STR,45.0,79.237,SOFT,41.0,2.0,0
2026_R06,STR,46.0,79.582,SOFT,42.0,2.0,0
2026_R06,STR,47.0,82.15,SOFT,43.0,2.0,0
2026_R06,STR,48.0,83.701,SOFT,44.0,2.0,0
2026_R06,STR,49.0,79.95,SOFT,45.0,2.0,0
2026_R06,STR,50.0,79.361,SOFT,46.0,2.0,0
2026_R06,STR,51.0,79.816,SOFT,47.0,2.0,0
2026_R06,STR,52.0,79.29,SOFT,48.0,2.0,0
2026_R06,STR,53.0,81.326,SOFT,49.0,2.0,0
2026_R06,STR,54.0,83.108,SOFT,50.0,2.0,0
2026_R06,STR,55.0,79.56,SOFT,51.0,2.0,0
2026_R06,STR,56.0,79.333,SOFT,52.0,2.0,0
2026_R06,STR,57.0,,SOFT,53.0,2.0,0
2026_R06,ALB,1.0,92.115,MEDIUM,1.0,1.0,0
2026_R06,ALB,2.0,81.06,MEDIUM,2.0,1.0,0
2026_R06,ALB,3.0,80.341,MEDIUM,3.0,1.0,0
2026_R06,ALB,4.0,79.888,MEDIUM,4.0,1.0,0
2026_R06,ALB,5.0,79.662,MEDIUM,5.0,1.0,0
2026_R06,ALB,6.0,79.374,MEDIUM,6.0,1.0,0
2026_R06,ALB,7.0,78.947,MEDIUM,7.0,1.0,0
2026_R06,ALB,8.0,78.742,MEDIUM,8.0,1.0,0
2026_R06,ALB,9.0,78.647,MEDIUM,9.0,1.0,0
2026_R06,ALB,10.0,78.487,MEDIUM,10.0,1.0,0
2026_R06,ALB,11.0,78.578,MEDIUM,11.0,1.0,0
2026_R06,ALB,12.0,78.364,MEDIUM,12.0,1.0,0
2026_R06,ALB,13.0,78.834,MEDIUM,13.0,1.0,0
2026_R06,ALB,14.0,78.836,MEDIUM,14.0,1.0,0
2026_R06,ALB,15.0,78.453,MEDIUM,15.0,1.0,0
2026_R06,ALB,16.0,78.746,MEDIUM,16.0,1.0,0
2026_R06,ALB,17.0,78.725,MEDIUM,17.0,1.0,0
2026_R06,ALB,18.0,78.823,MEDIUM,18.0,1.0,0
2026_R06,ALB,19.0,78.862,MEDIUM,19.0,1.0,0
2026_R06,ALB,20.0,78.724,MEDIUM,20.0,1.0,0
2026_R06,ALB,21.0,79.114,MEDIUM,21.0,1.0,0
2026_R06,ALB,22.0,79.55,MEDIUM,22.0,1.0,0
2026_R06,ALB,23.0,79.12,MEDIUM,23.0,1.0,0
2026_R06,ALB,24.0,79.131,MEDIUM,24.0,1.0,0
2026_R06,ALB,25.0,79.133,MEDIUM,25.0,1.0,0
2026_R06,ALB,26.0,79.319,MEDIUM,26.0,1.0,0
2026_R06,ALB,27.0,78.975,MEDIUM,27.0,1.0,0
2026_R06,ALB,28.0,78.997,MEDIUM,28.0,1.0,0
2026_R06,ALB,29.0,79.119,MEDIUM,29.0,1.0,0
2026_R06,ALB,30.0,79.052,MEDIUM,30.0,1.0,0
2026_R06,ALB,31.0,79.731,MEDIUM,31.0,1.0,0
2026_R06,ALB,32.0,80.849,MEDIUM,32.0,1.0,0
2026_R06,ALB,33.0,79.508,MEDIUM,33.0,1.0,0
2026_R06,ALB,34.0,79.675,MEDIUM,34.0,1.0,0
2026_R06,ALB,35.0,79.622,MEDIUM,35.0,1.0,0
2026_R06,ALB,36.0,79.326,MEDIUM,36.0,1.0,0
2026_R06,ALB,37.0,79.436,MEDIUM,37.0,1.0,0
2026_R06,ALB,38.0,79.891,MEDIUM,38.0,1.0,0
2026_R06,ALB,39.0,82.772,MEDIUM,39.0,1.0,0
2026_R06,ALB,40.0,79.731,MEDIUM,40.0,1.0,0
2026_R06,ALB,41.0,79.424,MEDIUM,41.0,1.0,0
2026_R06,ALB,42.0,79.851,MEDIUM,42.0,1.0,0
2026_R06,ALB,43.0,99.0,MEDIUM,43.0,1.0,1
2026_R06,ALB,44.0,82.343,SOFT,1.0,2.0,0
2026_R06,ALB,45.0,83.382,SOFT,2.0,2.0,0
2026_R06,ALB,46.0,82.221,SOFT,3.0,2.0,0
2026_R06,ALB,47.0,82.903,SOFT,4.0,2.0,0
2026_R06,ALB,48.0,79.909,SOFT,5.0,2.0,0
2026_R06,ALB,49.0,79.573,SOFT,6.0,2.0,0
2026_R06,ALB,50.0,80.227,SOFT,7.0,2.0,0
2026_R06,ALB,51.0,81.678,SOFT,8.0,2.0,0
2026_R06,ALB,52.0,79.769,SOFT,9.0,2.0,0
2026_R06,ALB,53.0,82.571,SOFT,10.0,2.0,0
2026_R06,ALB,54.0,78.157,SOFT,11.0,2.0,0
2026_R06,ALB,55.0,78.9,SOFT,12.0,2.0,0
2026_R06,ALB,56.0,77.946,SOFT,13.0,2.0,0
2026_R06,ALB,57.0,78.191,SOFT,14.0,2.0,0
2026_R06,ALB,58.0,97.607,SOFT,15.0,2.0,0
2026_R06,ALB,59.0,109.71,SOFT,16.0,2.0,1
2026_R06,ALB,60.0,111.635,SOFT,17.0,3.0,0
2026_R06,ALB,61.0,119.566,SOFT,18.0,3.0,0
2026_R06,ALB,62.0,91.249,SOFT,19.0,3.0,0
2026_R06,ALB,63.0,83.345,SOFT,20.0,3.0,0
2026_R06,ALB,64.0,80.988,SOFT,21.0,3.0,0
2026_R06,ALB,65.0,113.813,SOFT,22.0,3.0,1
2026_R06,ALB,66.0,107.265,SOFT,23.0,4.0,0
2026_R06,ALB,67.0,,SOFT,24.0,4.0,1
2026_R06,ALB,68.0,145.09,SOFT,7.0,5.0,1
2026_R06,ALB,69.0,92.833,SOFT,7.0,6.0,0
2026_R06,ALB,70.0,,SOFT,8.0,6.0,0
2026_R06,ALB,71.0,89.804,SOFT,9.0,6.0,0
2026_R06,ALB,72.0,81.351,SOFT,10.0,6.0,0
2026_R06,ALB,73.0,78.158,SOFT,11.0,6.0,0
2026_R06,ALB,74.0,76.776,SOFT,12.0,6.0,0
2026_R06,ALB,75.0,76.476,SOFT,13.0,6.0,0
2026_R06,ALB,76.0,76.604,SOFT,14.0,6.0,0
2026_R06,ALB,77.0,76.406,SOFT,15.0,6.0,0
2026_R06,ALB,78.0,76.393,SOFT,16.0,6.0,0
2026_R06,HUL,1.0,93.75,MEDIUM,1.0,1.0,0
2026_R06,HUL,2.0,81.223,MEDIUM,2.0,1.0,0
2026_R06,HUL,3.0,80.535,MEDIUM,3.0,1.0,0
2026_R06,HUL,4.0,80.016,MEDIUM,4.0,1.0,0
2026_R06,HUL,5.0,80.179,MEDIUM,5.0,1.0,0
2026_R06,HUL,6.0,79.709,MEDIUM,6.0,1.0,0
2026_R06,HUL,7.0,79.182,MEDIUM,7.0,1.0,0
2026_R06,HUL,8.0,79.781,MEDIUM,8.0,1.0,0
2026_R06,HUL,9.0,79.373,MEDIUM,9.0,1.0,0
2026_R06,HUL,10.0,79.75,MEDIUM,10.0,1.0,0
2026_R06,HUL,11.0,78.714,MEDIUM,11.0,1.0,0
2026_R06,HUL,12.0,94.679,MEDIUM,12.0,1.0,1
2026_R06,HUL,13.0,80.349,HARD,1.0,2.0,0
2026_R06,HUL,14.0,76.498,HARD,2.0,2.0,0
2026_R06,HUL,15.0,76.332,HARD,3.0,2.0,0
2026_R06,HUL,16.0,76.369,HARD,4.0,2.0,0
2026_R06,HUL,17.0,76.733,HARD,5.0,2.0,0
2026_R06,HUL,18.0,77.167,HARD,6.0,2.0,0
2026_R06,HUL,19.0,76.824,HARD,7.0,2.0,0
2026_R06,HUL,20.0,78.053,HARD,8.0,2.0,0
2026_R06,HUL,21.0,78.043,HARD,9.0,2.0,0
2026_R06,HUL,22.0,78.124,HARD,10.0,2.0,0
2026_R06,HUL,23.0,78.399,HARD,11.0,2.0,0
2026_R06,HUL,24.0,78.826,HARD,12.0,2.0,0
2026_R06,HUL,25.0,79.19,HARD,13.0,2.0,0
2026_R06,HUL,26.0,78.543,HARD,14.0,2.0,0
2026_R06,HUL,27.0,79.256,HARD,15.0,2.0,0
2026_R06,HUL,28.0,79.789,HARD,16.0,2.0,0
2026_R06,HUL,29.0,79.87,HARD,17.0,2.0,0
2026_R06,HUL,30.0,78.774,HARD,18.0,2.0,0
2026_R06,HUL,31.0,81.04,HARD,19.0,2.0,0
2026_R06,HUL,32.0,79.339,HARD,20.0,2.0,0
2026_R06,HUL,33.0,79.006,HARD,21.0,2.0,0
2026_R06,HUL,34.0,80.295,HARD,22.0,2.0,0
2026_R06,HUL,35.0,81.584,HARD,23.0,2.0,0
2026_R06,HUL,36.0,80.936,HARD,24.0,2.0,0
2026_R06,HUL,37.0,81.164,HARD,25.0,2.0,0
2026_R06,HUL,38.0,82.702,HARD,26.0,2.0,0
2026_R06,HUL,39.0,81.961,HARD,27.0,2.0,0
2026_R06,HUL,40.0,82.432,HARD,28.0,2.0,0
2026_R06,HUL,41.0,81.902,HARD,29.0,2.0,0
2026_R06,HUL,42.0,81.921,HARD,30.0,2.0,0
2026_R06,HUL,43.0,81.492,HARD,31.0,2.0,0
2026_R06,HUL,44.0,80.026,HARD,32.0,2.0,0
2026_R06,HUL,45.0,81.175,HARD,33.0,2.0,0
2026_R06,HUL,46.0,82.241,HARD,34.0,2.0,0
2026_R06,HUL,47.0,82.282,HARD,35.0,2.0,0
2026_R06,HUL,48.0,80.325,HARD,36.0,2.0,0
2026_R06,HUL,49.0,79.608,HARD,37.0,2.0,0
2026_R06,HUL,50.0,80.552,HARD,38.0,2.0,0
2026_R06,HUL,51.0,81.379,HARD,39.0,2.0,0
2026_R06,HUL,52.0,79.399,HARD,40.0,2.0,0
2026_R06,HUL,53.0,83.001,HARD,41.0,2.0,0
2026_R06,HUL,54.0,78.069,HARD,42.0,2.0,0
2026_R06,HUL,55.0,78.879,HARD,43.0,2.0,0
2026_R06,HUL,56.0,78.959,HARD,44.0,2.0,0
2026_R06,HUL,57.0,79.124,HARD,45.0,2.0,0
2026_R06,HUL,58.0,109.494,HARD,46.0,2.0,1
2026_R06,HUL,59.0,114.002,HARD,47.0,3.0,1
2026_R06,HUL,60.0,95.614,HARD,48.0,4.0,0
2026_R06,HUL,61.0,119.046,HARD,49.0,4.0,0
2026_R06,HUL,62.0,91.763,HARD,50.0,4.0,0
2026_R06,HUL,63.0,84.041,HARD,51.0,4.0,0
2026_R06,HUL,64.0,82.177,HARD,52.0,4.0,0
2026_R06,HUL,65.0,113.34,HARD,53.0,4.0,1
2026_R06,HUL,66.0,108.126,HARD,54.0,5.0,0
2026_R06,HUL,67.0,,HARD,55.0,5.0,1
2026_R06,HUL,68.0,145.851,SOFT,1.0,6.0,1
2026_R06,HUL,69.0,89.974,SOFT,2.0,7.0,0
2026_R06,HUL,70.0,,SOFT,3.0,7.0,0
2026_R06,HUL,71.0,89.192,SOFT,4.0,7.0,0
2026_R06,HUL,72.0,79.754,SOFT,5.0,7.0,0
2026_R06,HUL,73.0,80.075,SOFT,6.0,7.0,0
2026_R06,HUL,74.0,76.748,SOFT,7.0,7.0,0
2026_R06,HUL,75.0,76.353,SOFT,8.0,7.0,0
2026_R06,HUL,76.0,76.734,SOFT,9.0,7.0,0
2026_R06,HUL,77.0,76.49,SOFT,10.0,7.0,0
2026_R06,HUL,78.0,76.511,SOFT,11.0,7.0,0
2026_R06,VER,1.0,,MEDIUM,1.0,1.0,0
2026_R06,LAW,1.0,91.318,MEDIUM,1.0,1.0,0
2026_R06,LAW,2.0,80.669,MEDIUM,2.0,1.0,0
2026_R06,LAW,3.0,80.394,MEDIUM,3.0,1.0,0
2026_R06,LAW,4.0,79.683,MEDIUM,4.0,1.0,0
2026_R06,LAW,5.0,79.307,MEDIUM,5.0,1.0,0
2026_R06,LAW,6.0,79.546,MEDIUM,6.0,1.0,0
2026_R06,LAW,7.0,79.053,MEDIUM,7.0,1.0,0
2026_R06,LAW,8.0,78.861,MEDIUM,8.0,1.0,0
2026_R06,LAW,9.0,78.481,MEDIUM,9.0,1.0,0
2026_R06,LAW,10.0,78.474,MEDIUM,10.0,1.0,0
2026_R06,LAW,11.0,78.543,MEDIUM,11.0,1.0,0
2026_R06,LAW,12.0,78.483,MEDIUM,12.0,1.0,0
2026_R06,LAW,13.0,78.515,MEDIUM,13.0,1.0,0
2026_R06,LAW,14.0,78.624,MEDIUM,14.0,1.0,0
2026_R06,LAW,15.0,78.529,MEDIUM,15.0,1.0,0
2026_R06,LAW,16.0,78.72,MEDIUM,16.0,1.0,0
2026_R06,LAW,17.0,78.793,MEDIUM,17.0,1.0,0
2026_R06,LAW,18.0,78.958,MEDIUM,18.0,1.0,0
2026_R06,LAW,19.0,78.941,MEDIUM,19.0,1.0,0
2026_R06,LAW,20.0,78.858,MEDIUM,20.0,1.0,0
2026_R06,LAW,21.0,78.962,MEDIUM,21.0,1.0,0
2026_R06,LAW,22.0,79.047,MEDIUM,22.0,1.0,0
2026_R06,LAW,23.0,79.026,MEDIUM,23.0,1.0,0
2026_R06,LAW,24.0,78.926,MEDIUM,24.0,1.0,0
2026_R06,LAW,25.0,78.88,MEDIUM,25.0,1.0,0
2026_R06,LAW,26.0,79.062,MEDIUM,26.0,1.0,0
2026_R06,LAW,27.0,79.058,MEDIUM,27.0,1.0,0
2026_R06,LAW,28.0,78.744,MEDIUM,28.0,1.0,0
2026_R06,LAW,29.0,78.998,MEDIUM,29.0,1.0,0
2026_R06,LAW,30.0,78.493,MEDIUM,30.0,1.0,0
2026_R06,LAW,31.0,78.7,MEDIUM,31.0,1.0,0
2026_R06,LAW,32.0,79.291,MEDIUM,32.0,1.0,0
2026_R06,LAW,33.0,81.305,MEDIUM,33.0,1.0,0
2026_R06,LAW,34.0,79.949,MEDIUM,34.0,1.0,0
2026_R06,LAW,35.0,78.97,MEDIUM,35.0,1.0,0
2026_R06,LAW,36.0,78.634,MEDIUM,36.0,1.0,0
2026_R06,LAW,37.0,78.602,MEDIUM,37.0,1.0,0
2026_R06,LAW,38.0,78.451,MEDIUM,38.0,1.0,0
2026_R06,LAW,39.0,78.449,MEDIUM,39.0,1.0,0
2026_R06,LAW,40.0,78.576,MEDIUM,40.0,1.0,0
2026_R06,LAW,41.0,78.752,MEDIUM,41.0,1.0,0
2026_R06,LAW,42.0,81.09,MEDIUM,42.0,1.0,0
2026_R06,LAW,43.0,79.403,MEDIUM,43.0,1.0,0
2026_R06,LAW,44.0,97.323,MEDIUM,44.0,1.0,1
2026_R06,LAW,45.0,84.98,SOFT,5.0,2.0,0
2026_R06,LAW,46.0,78.88,SOFT,6.0,2.0,0
2026_R06,LAW,47.0,77.982,SOFT,7.0,2.0,0
2026_R06,LAW,48.0,77.937,SOFT,8.0,2.0,0
2026_R06,LAW,49.0,77.784,SOFT,9.0,2.0,0
2026_R06,LAW,50.0,77.257,SOFT,10.0,2.0,0
2026_R06,LAW,51.0,77.506,SOFT,11.0,2.0,0
2026_R06,LAW,52.0,77.705,SOFT,12.0,2.0,0
2026_R06,LAW,53.0,77.812,SOFT,13.0,2.0,0
2026_R06,LAW,54.0,77.528,SOFT,14.0,2.0,0
2026_R06,LAW,55.0,77.644,SOFT,15.0,2.0,0
2026_R06,LAW,56.0,78.018,SOFT,16.0,2.0,0
2026_R06,LAW,57.0,77.57,SOFT,17.0,2.0,0
2026_R06,LAW,58.0,78.581,SOFT,18.0,2.0,0
2026_R06,LAW,59.0,107.233,SOFT,19.0,2.0,0
2026_R06,LAW,60.0,114.186,SOFT,20.0,2.0,1
2026_R06,LAW,61.0,87.188,SOFT,21.0,3.0,0
2026_R06,LAW,62.0,104.492,SOFT,22.0,3.0,0
2026_R06,LAW,63.0,103.665,SOFT,23.0,3.0,0
2026_R06,LAW,64.0,79.559,SOFT,24.0,3.0,0
2026_R06,LAW,65.0,80.385,SOFT,25.0,3.0,0
2026_R06,LAW,66.0,115.503,SOFT,26.0,3.0,1
2026_R06,LAW,67.0,103.746,SOFT,7.0,4.0,0
2026_R06,LAW,68.0,,SOFT,8.0,4.0,1
2026_R06,LAW,69.0,95.103,SOFT,7.0,5.0,0
2026_R06,LAW,70.0,,SOFT,8.0,5.0,0
2026_R06,LAW,71.0,88.68,SOFT,9.0,5.0,0
2026_R06,LAW,72.0,79.113,SOFT,10.0,5.0,0
2026_R06,LAW,73.0,77.645,SOFT,11.0,5.0,0
2026_R06,LAW,74.0,76.396,SOFT,12.0,5.0,0
2026_R06,LAW,75.0,76.047,SOFT,13.0,5.0,0
2026_R06,LAW,76.0,75.754,SOFT,14.0,5.0,0
2026_R06,LAW,77.0,75.893,SOFT,15.0,5.0,0
2026_R06,LAW,78.0,75.963,SOFT,16.0,5.0,0
2026_R06,OCO,1.0,96.563,MEDIUM,1.0,1.0,0
2026_R06,OCO,2.0,81.663,MEDIUM,2.0,1.0,0
2026_R06,OCO,3.0,80.587,MEDIUM,3.0,1.0,0
2026_R06,OCO,4.0,80.237,MEDIUM,4.0,1.0,0
2026_R06,OCO,5.0,79.445,MEDIUM,5.0,1.0,0
2026_R06,OCO,6.0,79.582,MEDIUM,6.0,1.0,0
2026_R06,OCO,7.0,79.707,MEDIUM,7.0,1.0,0
2026_R06,OCO,8.0,79.322,MEDIUM,8.0,1.0,0
2026_R06,OCO,9.0,97.26,MEDIUM,9.0,1.0,1
2026_R06,OCO,10.0,81.954,HARD,1.0,2.0,0
2026_R06,OCO,11.0,77.948,HARD,2.0,2.0,0
2026_R06,OCO,12.0,77.261,HARD,3.0,2.0,0
2026_R06,OCO,13.0,77.754,HARD,4.0,2.0,0
2026_R06,OCO,14.0,77.46,HARD,5.0,2.0,0
2026_R06,OCO,15.0,77.572,HARD,6.0,2.0,0
2026_R06,OCO,16.0,77.739,HARD,7.0,2.0,0
2026_R06,OCO,17.0,77.733,HARD,8.0,2.0,0
2026_R06,OCO,18.0,77.669,HARD,9.0,2.0,0
2026_R06,OCO,19.0,77.62,HARD,10.0,2.0,0
2026_R06,OCO,20.0,77.728,HARD,11.0,2.0,0
2026_R06,OCO,21.0,77.968,HARD,12.0,2.0,0
2026_R06,OCO,22.0,78.371,HARD,13.0,2.0,0
2026_R06,OCO,23.0,77.882,HARD,14.0,2.0,0
2026_R06,OCO,24.0,77.999,HARD,15.0,2.0,0
2026_R06,OCO,25.0,78.054,HARD,16.0,2.0,0
2026_R06,OCO,26.0,80.682,HARD,17.0,2.0,0
2026_R06,OCO,27.0,78.592,HARD,18.0,2.0,0
2026_R06,OCO,28.0,78.638,HARD,19.0,2.0,0
2026_R06,OCO,29.0,78.676,HARD,20.0,2.0,0
2026_R06,OCO,30.0,78.57,HARD,21.0,2.0,0
2026_R06,OCO,31.0,78.697,HARD,22.0,2.0,0
2026_R06,OCO,32.0,78.96,HARD,23.0,2.0,0
2026_R06,OCO,33.0,78.887,HARD,24.0,2.0,0
2026_R06,OCO,34.0,79.757,HARD,25.0,2.0,0
2026_R06,OCO,35.0,81.488,HARD,26.0,2.0,0
2026_R06,OCO,36.0,80.975,HARD,27.0,2.0,0
2026_R06,OCO,37.0,81.171,HARD,28.0,2.0,0
2026_R06,OCO,38.0,82.642,HARD,29.0,2.0,0
2026_R06,OCO,39.0,81.871,HARD,30.0,2.0,0
2026_R06,OCO,40.0,82.983,HARD,31.0,2.0,0
2026_R06,OCO,41.0,81.348,HARD,32.0,2.0,0
2026_R06,OCO,42.0,81.911,HARD,33.0,2.0,0
2026_R06,OCO,43.0,81.463,HARD,34.0,2.0,0
2026_R06,OCO,44.0,80.256,HARD,35.0,2.0,0
2026_R06,OCO,45.0,81.039,HARD,36.0,2.0,0
2026_R06,OCO,46.0,82.124,HARD,37.0,2.0,0
2026_R06,OCO,47.0,82.188,HARD,38.0,2.0,0
2026_R06,OCO,48.0,80.817,HARD,39.0,2.0,0
2026_R06,OCO,49.0,79.421,HARD,40.0,2.0,0
2026_R06,OCO,50.0,81.521,HARD,41.0,2.0,0
2026_R06,OCO,51.0,80.616,HARD,42.0,2.0,0
2026_R06,OCO,52.0,79.422,HARD,43.0,2.0,0
2026_R06,OCO,53.0,82.74,HARD,44.0,2.0,0
2026_R06,OCO,54.0,79.325,HARD,45.0,2.0,0
2026_R06,OCO,55.0,79.215,HARD,46.0,2.0,0
2026_R06,OCO,56.0,81.786,HARD,47.0,2.0,0
2026_R06,OCO,57.0,81.703,HARD,48.0,2.0,0
2026_R06,OCO,58.0,102.247,HARD,49.0,2.0,0
2026_R06,OCO,59.0,111.511,HARD,50.0,2.0,1
2026_R06,OCO,60.0,96.711,HARD,51.0,3.0,0
2026_R06,OCO,61.0,119.324,HARD,52.0,3.0,0
2026_R06,OCO,62.0,91.759,HARD,53.0,3.0,0
2026_R06,OCO,63.0,84.092,HARD,54.0,3.0,0
2026_R06,OCO,64.0,81.909,HARD,55.0,3.0,0
2026_R06,OCO,65.0,112.434,HARD,56.0,3.0,1
2026_R06,OCO,66.0,107.974,HARD,57.0,4.0,0
2026_R06,OCO,67.0,,HARD,58.0,4.0,1
2026_R06,OCO,68.0,145.286,SOFT,1.0,5.0,1
2026_R06,OCO,69.0,91.519,SOFT,2.0,6.0,0
2026_R06,OCO,70.0,,SOFT,3.0,6.0,0
2026_R06,OCO,71.0,89.856,SOFT,4.0,6.0,0
2026_R06,OCO,72.0,81.025,SOFT,5.0,6.0,0
2026_R06,OCO,73.0,79.121,SOFT,6.0,6.0,0
2026_R06,OCO,74.0,77.222,SOFT,7.0,6.0,0
2026_R06,OCO,75.0,76.952,SOFT,8.0,6.0,0
2026_R06,OCO,76.0,76.992,SOFT,9.0,6.0,0
2026_R06,OCO,77.0,76.914,SOFT,10.0,6.0,0
2026_R06,OCO,78.0,77.057,SOFT,11.0,6.0,0
2026_R06,LIN,1.0,95.957,MEDIUM,1.0,1.0,0
2026_R06,LIN,2.0,81.402,MEDIUM,2.0,1.0,0
2026_R06,LIN,3.0,80.628,MEDIUM,3.0,1.0,0
2026_R06,LIN,4.0,80.116,MEDIUM,4.0,1.0,0
2026_R06,LIN,5.0,79.419,MEDIUM,5.0,1.0,0
2026_R06,LIN,6.0,79.714,MEDIUM,6.0,1.0,0
2026_R06,LIN,7.0,79.709,MEDIUM,7.0,1.0,0
2026_R06,LIN,8.0,79.197,MEDIUM,8.0,1.0,0
2026_R06,LIN,9.0,79.162,MEDIUM,9.0,1.0,0
2026_R06,LIN,10.0,79.815,MEDIUM,10.0,1.0,0
2026_R06,LIN,11.0,78.989,MEDIUM,11.0,1.0,0
2026_R06,LIN,12.0,79.191,MEDIUM,12.0,1.0,0
2026_R06,LIN,13.0,78.999,MEDIUM,13.0,1.0,0
2026_R06,LIN,14.0,78.342,MEDIUM,14.0,1.0,0
2026_R06,LIN,15.0,78.411,MEDIUM,15.0,1.0,0
2026_R06,LIN,16.0,78.552,MEDIUM,16.0,1.0,0
2026_R06,LIN,17.0,79.406,MEDIUM,17.0,1.0,0
2026_R06,LIN,18.0,78.528,MEDIUM,18.0,1.0,0
2026_R06,LIN,19.0,78.44,MEDIUM,19.0,1.0,0
2026_R06,LIN,20.0,78.485,MEDIUM,20.0,1.0,0
2026_R06,LIN,21.0,78.458,MEDIUM,21.0,1.0,0
2026_R06,LIN,22.0,78.683,MEDIUM,22.0,1.0,0
2026_R06,LIN,23.0,78.741,MEDIUM,23.0,1.0,0
2026_R06,LIN,24.0,79.012,MEDIUM,24.0,1.0,0
2026_R06,LIN,25.0,79.152,MEDIUM,25.0,1.0,0
2026_R06,LIN,26.0,79.134,MEDIUM,26.0,1.0,0
2026_R06,LIN,27.0,79.287,MEDIUM,27.0,1.0,0
2026_R06,LIN,28.0,79.018,MEDIUM,28.0,1.0,0
2026_R06,LIN,29.0,80.515,MEDIUM,29.0,1.0,0
2026_R06,LIN,30.0,79.047,MEDIUM,30.0,1.0,0
2026_R06,LIN,31.0,79.313,MEDIUM,31.0,1.0,0
2026_R06,LIN,32.0,79.203,MEDIUM,32.0,1.0,0
2026_R06,LIN,33.0,80.074,MEDIUM,33.0,1.0,0
2026_R06,LIN,34.0,80.969,MEDIUM,34.0,1.0,0
2026_R06,LIN,35.0,81.758,MEDIUM,35.0,1.0,0
2026_R06,LIN,36.0,81.074,MEDIUM,36.0,1.0,0
2026_R06,LIN,37.0,81.122,MEDIUM,37.0,1.0,0
2026_R06,LIN,38.0,81.743,MEDIUM,38.0,1.0,0
2026_R06,LIN,39.0,82.851,MEDIUM,39.0,1.0,0
2026_R06,LIN,40.0,81.813,MEDIUM,40.0,1.0,0
2026_R06,LIN,41.0,82.619,MEDIUM,41.0,1.0,0
2026_R06,LIN,42.0,81.906,MEDIUM,42.0,1.0,0
2026_R06,LIN,43.0,81.455,MEDIUM,43.0,1.0,0
2026_R06,LIN,44.0,79.907,MEDIUM,44.0,1.0,0
2026_R06,LIN,45.0,81.326,MEDIUM,45.0,1.0,0
2026_R06,LIN,46.0,82.295,MEDIUM,46.0,1.0,0
2026_R06,LIN,47.0,82.248,MEDIUM,47.0,1.0,0
2026_R06,LIN,48.0,78.882,MEDIUM,48.0,1.0,0
2026_R06,LIN,49.0,78.655,MEDIUM,49.0,1.0,0
2026_R06,LIN,50.0,78.746,MEDIUM,50.0,1.0,0
2026_R06,LIN,51.0,78.891,MEDIUM,51.0,1.0,0
2026_R06,LIN,52.0,81.909,MEDIUM,52.0,1.0,0
2026_R06,LIN,53.0,79.248,MEDIUM,53.0,1.0,0
2026_R06,LIN,54.0,78.942,MEDIUM,54.0,1.0,0
2026_R06,LIN,55.0,79.0,MEDIUM,55.0,1.0,0
2026_R06,LIN,56.0,79.652,MEDIUM,56.0,1.0,0
2026_R06,LIN,57.0,80.994,MEDIUM,57.0,1.0,0
2026_R06,LIN,58.0,96.82,MEDIUM,58.0,1.0,0
2026_R06,LIN,59.0,111.112,MEDIUM,59.0,1.0,1
2026_R06,LIN,60.0,112.205,MEDIUM,60.0,2.0,0
2026_R06,LIN,61.0,119.596,MEDIUM,61.0,2.0,0
2026_R06,LIN,62.0,88.831,MEDIUM,62.0,2.0,0
2026_R06,LIN,63.0,85.122,MEDIUM,63.0,2.0,0
2026_R06,LIN,64.0,82.124,MEDIUM,64.0,2.0,0
2026_R06,LIN,65.0,112.993,MEDIUM,65.0,2.0,1
2026_R06,LIN,66.0,107.083,MEDIUM,66.0,3.0,0
2026_R06,LIN,67.0,,MEDIUM,67.0,3.0,1
2026_R06,LIN,68.0,145.523,SOFT,1.0,4.0,1
2026_R06,LIN,69.0,92.743,SOFT,1.0,5.0,0
2026_R06,LIN,70.0,,SOFT,2.0,5.0,0
2026_R06,LIN,71.0,89.062,SOFT,3.0,5.0,0
2026_R06,LIN,72.0,79.275,SOFT,4.0,5.0,0
2026_R06,LIN,73.0,78.393,SOFT,5.0,5.0,0
2026_R06,LIN,74.0,76.789,SOFT,6.0,5.0,0
2026_R06,LIN,75.0,76.245,SOFT,7.0,5.0,0
2026_R06,LIN,76.0,75.908,SOFT,8.0,5.0,0
2026_R06,LIN,77.0,75.92,SOFT,9.0,5.0,0
2026_R06,LIN,78.0,75.96,SOFT,10.0,5.0,0
2026_R06,COL,1.0,94.728,MEDIUM,1.0,1.0,0
2026_R06,COL,2.0,81.158,MEDIUM,2.0,1.0,0
2026_R06,COL,3.0,80.483,MEDIUM,3.0,1.0,0
2026_R06,COL,4.0,80.159,MEDIUM,4.0,1.0,0
2026_R06,COL,5.0,80.084,MEDIUM,5.0,1.0,0
2026_R06,COL,6.0,79.89,MEDIUM,6.0,1.0,0
2026_R06,COL,7.0,79.427,MEDIUM,7.0,1.0,0
2026_R06,COL,8.0,79.631,MEDIUM,8.0,1.0,0
2026_R06,COL,9.0,78.824,MEDIUM,9.0,1.0,0
2026_R06,COL,10.0,80.143,MEDIUM,10.0,1.0,0
2026_R06,COL,11.0,78.682,MEDIUM,11.0,1.0,0
2026_R06,COL,12.0,78.891,MEDIUM,12.0,1.0,0
2026_R06,COL,13.0,78.417,MEDIUM,13.0,1.0,0
2026_R06,COL,14.0,78.352,MEDIUM,14.0,1.0,0
2026_R06,COL,15.0,78.809,MEDIUM,15.0,1.0,0
2026_R06,COL,16.0,78.493,MEDIUM,16.0,1.0,0
2026_R06,COL,17.0,78.227,MEDIUM,17.0,1.0,0
2026_R06,COL,18.0,78.676,MEDIUM,18.0,1.0,0
2026_R06,COL,19.0,78.695,MEDIUM,19.0,1.0,0
2026_R06,COL,20.0,78.76,MEDIUM,20.0,1.0,0
2026_R06,COL,21.0,78.708,MEDIUM,21.0,1.0,0
2026_R06,COL,22.0,78.784,MEDIUM,22.0,1.0,0
2026_R06,COL,23.0,79.127,MEDIUM,23.0,1.0,0
2026_R06,COL,24.0,79.087,MEDIUM,24.0,1.0,0
2026_R06,COL,25.0,79.138,MEDIUM,25.0,1.0,0
2026_R06,COL,26.0,79.121,MEDIUM,26.0,1.0,0
2026_R06,COL,27.0,79.18,MEDIUM,27.0,1.0,0
2026_R06,COL,28.0,78.754,MEDIUM,28.0,1.0,0
2026_R06,COL,29.0,79.837,MEDIUM,29.0,1.0,0
2026_R06,COL,30.0,80.13,MEDIUM,30.0,1.0,0
2026_R06,COL,31.0,79.382,MEDIUM,31.0,1.0,0
2026_R06,COL,32.0,79.522,MEDIUM,32.0,1.0,0
2026_R06,COL,33.0,79.742,MEDIUM,33.0,1.0,0
2026_R06,COL,34.0,81.727,MEDIUM,34.0,1.0,0
2026_R06,COL,35.0,99.849,MEDIUM,35.0,1.0,1
2026_R06,COL,36.0,81.423,HARD,1.0,2.0,0
2026_R06,COL,37.0,77.418,HARD,2.0,2.0,0
2026_R06,COL,38.0,76.852,HARD,3.0,2.0,0
2026_R06,COL,39.0,80.057,HARD,4.0,2.0,0
2026_R06,COL,40.0,79.09,HARD,5.0,2.0,0
2026_R06,COL,41.0,80.543,HARD,6.0,2.0,0
2026_R06,COL,42.0,81.845,HARD,7.0,2.0,0
2026_R06,COL,43.0,81.644,HARD,8.0,2.0,0
2026_R06,COL,44.0,80.054,HARD,9.0,2.0,0
2026_R06,COL,45.0,80.894,HARD,10.0,2.0,0
2026_R06,COL,46.0,82.231,HARD,11.0,2.0,0
2026_R06,COL,47.0,82.125,HARD,12.0,2.0,0
2026_R06,COL,48.0,81.306,HARD,13.0,2.0,0
2026_R06,COL,49.0,80.53,HARD,14.0,2.0,0
2026_R06,COL,50.0,81.165,HARD,15.0,2.0,0
2026_R06,COL,51.0,79.635,HARD,16.0,2.0,0
2026_R06,COL,52.0,81.035,HARD,17.0,2.0,0
2026_R06,COL,53.0,80.66,HARD,18.0,2.0,0
2026_R06,COL,54.0,79.678,HARD,19.0,2.0,0
2026_R06,COL,55.0,79.258,HARD,20.0,2.0,0
2026_R06,COL,56.0,82.493,HARD,21.0,2.0,0
2026_R06,COL,57.0,80.523,HARD,22.0,2.0,0
2026_R06,COL,58.0,103.252,HARD,23.0,2.0,0
2026_R06,COL,59.0,115.405,HARD,24.0,2.0,1
2026_R06,COL,60.0,93.555,HARD,25.0,3.0,0
2026_R06,COL,61.0,118.025,HARD,26.0,3.0,0
2026_R06,COL,62.0,93.04,HARD,27.0,3.0,0
2026_R06,COL,63.0,84.708,HARD,28.0,3.0,0
2026_R06,COL,64.0,81.664,HARD,29.0,3.0,0
2026_R06,COL,65.0,116.957,HARD,30.0,3.0,1
2026_R06,COL,66.0,105.556,HARD,31.0,4.0,0
2026_R06,COL,67.0,,HARD,32.0,4.0,1
2026_R06,COL,68.0,,SOFT,1.0,5.0,1
2026_R06,COL,69.0,89.741,SOFT,1.0,6.0,0
2026_R06,COL,70.0,147.871,SOFT,2.0,6.0,0
2026_R06,COL,71.0,99.346,SOFT,3.0,6.0,0
2026_R06,COL,72.0,79.699,SOFT,4.0,6.0,0
2026_R06,COL,73.0,78.642,SOFT,5.0,6.0,0
2026_R06,COL,74.0,76.316,SOFT,6.0,6.0,0
2026_R06,COL,75.0,76.531,SOFT,7.0,6.0,0
2026_R06,COL,76.0,77.519,SOFT,8.0,6.0,0
2026_R06,COL,77.0,77.095,SOFT,9.0,6.0,0
2026_R06,COL,78.0,76.654,SOFT,10.0,6.0,0
2026_R06,HAM,1.0,84.337,MEDIUM,1.0,1.0,0
2026_R06,HAM,2.0,78.745,MEDIUM,2.0,1.0,0
2026_R06,HAM,3.0,77.678,MEDIUM,3.0,1.0,0
2026_R06,HAM,4.0,77.078,MEDIUM,4.0,1.0,0
2026_R06,HAM,5.0,77.058,MEDIUM,5.0,1.0,0
2026_R06,HAM,6.0,76.7,MEDIUM,6.0,1.0,0
2026_R06,HAM,7.0,76.587,MEDIUM,7.0,1.0,0
2026_R06,HAM,8.0,77.005,MEDIUM,8.0,1.0,0
2026_R06,HAM,9.0,76.641,MEDIUM,9.0,1.0,0
2026_R06,HAM,10.0,76.841,MEDIUM,10.0,1.0,0
2026_R06,HAM,11.0,77.136,MEDIUM,11.0,1.0,0
2026_R06,HAM,12.0,77.234,MEDIUM,12.0,1.0,0
2026_R06,HAM,13.0,77.028,MEDIUM,13.0,1.0,0
2026_R06,HAM,14.0,76.99,MEDIUM,14.0,1.0,0
2026_R06,HAM,15.0,76.912,MEDIUM,15.0,1.0,0
2026_R06,HAM,16.0,77.014,MEDIUM,16.0,1.0,0
2026_R06,HAM,17.0,77.239,MEDIUM,17.0,1.0,0
2026_R06,HAM,18.0,77.029,MEDIUM,18.0,1.0,0
2026_R06,HAM,19.0,77.271,MEDIUM,19.0,1.0,0
2026_R06,HAM,20.0,77.119,MEDIUM,20.0,1.0,0
2026_R06,HAM,21.0,77.076,MEDIUM,21.0,1.0,0
2026_R06,HAM,22.0,77.249,MEDIUM,22.0,1.0,0
2026_R06,HAM,23.0,77.38,MEDIUM,23.0,1.0,0
2026_R06,HAM,24.0,77.783,MEDIUM,24.0,1.0,0
2026_R06,HAM,25.0,77.734,MEDIUM,25.0,1.0,0
2026_R06,HAM,26.0,77.988,MEDIUM,26.0,1.0,0
2026_R06,HAM,27.0,78.225,MEDIUM,27.0,1.0,0
2026_R06,HAM,28.0,94.17,MEDIUM,28.0,1.0,1
2026_R06,HAM,29.0,80.829,HARD,1.0,2.0,0
2026_R06,HAM,30.0,77.692,HARD,2.0,2.0,0
2026_R06,HAM,31.0,76.519,HARD,3.0,2.0,0
2026_R06,HAM,32.0,76.552,HARD,4.0,2.0,0
2026_R06,HAM,33.0,76.66,HARD,5.0,2.0,0
2026_R06,HAM,34.0,76.8,HARD,6.0,2.0,0
2026_R06,HAM,35.0,76.758,HARD,7.0,2.0,0
2026_R06,HAM,36.0,76.566,HARD,8.0,2.0,0
2026_R06,HAM,37.0,77.434,HARD,9.0,2.0,0
2026_R06,HAM,38.0,77.376,HARD,10.0,2.0,0
2026_R06,HAM,39.0,78.471,HARD,11.0,2.0,0
2026_R06,HAM,40.0,77.683,HARD,12.0,2.0,0
2026_R06,HAM,41.0,77.389,HARD,13.0,2.0,0
2026_R06,HAM,42.0,77.112,HARD,14.0,2.0,0
2026_R06,HAM,43.0,77.26,HARD,15.0,2.0,0
2026_R06,HAM,44.0,77.128,HARD,16.0,2.0,0
2026_R06,HAM,45.0,76.793,HARD,17.0,2.0,0
2026_R06,HAM,46.0,76.657,HARD,18.0,2.0,0
2026_R06,HAM,47.0,76.849,HARD,19.0,2.0,0
2026_R06,HAM,48.0,77.189,HARD,20.0,2.0,0
2026_R06,HAM,49.0,77.188,HARD,21.0,2.0,0
2026_R06,HAM,50.0,77.052,HARD,22.0,2.0,0
2026_R06,HAM,51.0,76.695,HARD,23.0,2.0,0
2026_R06,HAM,52.0,76.661,HARD,24.0,2.0,0
2026_R06,HAM,53.0,76.677,HARD,25.0,2.0,0
2026_R06,HAM,54.0,76.689,HARD,26.0,2.0,0
2026_R06,HAM,55.0,76.767,HARD,27.0,2.0,0
2026_R06,HAM,56.0,76.507,HARD,28.0,2.0,0
2026_R06,HAM,57.0,76.656,HARD,29.0,2.0,0
2026_R06,HAM,58.0,76.877,HARD,30.0,2.0,0
2026_R06,HAM,59.0,76.278,HARD,31.0,2.0,0
2026_R06,HAM,60.0,116.118,HARD,32.0,2.0,1
2026_R06,HAM,61.0,120.346,SOFT,5.0,3.0,1
2026_R06,HAM,62.0,92.261,SOFT,6.0,4.0,0
2026_R06,HAM,63.0,110.782,SOFT,7.0,4.0,0
2026_R06,HAM,64.0,125.394,SOFT,8.0,4.0,0
2026_R06,HAM,65.0,118.178,SOFT,9.0,4.0,0
2026_R06,HAM,66.0,113.272,SOFT,10.0,4.0,1
2026_R06,HAM,67.0,104.297,SOFT,11.0,5.0,0
2026_R06,HAM,68.0,,SOFT,12.0,5.0,1
2026_R06,HAM,69.0,102.193,SOFT,5.0,6.0,0
2026_R06,HAM,70.0,,SOFT,6.0,6.0,0
2026_R06,HAM,71.0,81.009,SOFT,7.0,6.0,0
2026_R06,HAM,72.0,75.469,SOFT,8.0,6.0,0
2026_R06,HAM,73.0,74.969,SOFT,9.0,6.0,0
2026_R06,HAM,74.0,74.643,SOFT,10.0,6.0,0
2026_R06,HAM,75.0,74.726,SOFT,11.0,6.0,0
2026_R06,HAM,76.0,75.049,SOFT,12.0,6.0,0
2026_R06,HAM,77.0,75.33,SOFT,13.0,6.0,0
2026_R06,HAM,78.0,75.791,SOFT,14.0,6.0,0
2026_R06,BOR,1.0,118.809,SOFT,1.0,1.0,1
2026_R06,BOR,2.0,84.797,HARD,1.0,2.0,0
2026_R06,BOR,3.0,81.267,HARD,2.0,2.0,0
2026_R06,BOR,4.0,81.687,HARD,3.0,2.0,0
2026_R06,BOR,5.0,81.68,HARD,4.0,2.0,0
2026_R06,BOR,6.0,81.412,HARD,5.0,2.0,0
2026_R06,BOR,7.0,81.109,HARD,6.0,2.0,0
2026_R06,BOR,8.0,80.555,HARD,7.0,2.0,0
2026_R06,BOR,9.0,80.673,HARD,8.0,2.0,0
2026_R06,BOR,10.0,83.902,HARD,9.0,2.0,0
2026_R06,BOR,11.0,82.701,HARD,10.0,2.0,0
2026_R06,BOR,12.0,81.444,HARD,11.0,2.0,0
2026_R06,BOR,13.0,81.892,HARD,12.0,2.0,0
2026_R06,BOR,14.0,80.879,HARD,13.0,2.0,0
2026_R06,BOR,15.0,81.083,HARD,14.0,2.0,0
2026_R06,BOR,16.0,83.944,HARD,15.0,2.0,0
2026_R06,BOR,17.0,78.33,HARD,16.0,2.0,0
2026_R06,BOR,18.0,78.193,HARD,17.0,2.0,0
2026_R06,BOR,19.0,77.908,HARD,18.0,2.0,0
2026_R06,BOR,20.0,78.329,HARD,19.0,2.0,0
2026_R06,BOR,21.0,78.469,HARD,20.0,2.0,0
2026_R06,BOR,22.0,78.077,HARD,21.0,2.0,0
2026_R06,BOR,23.0,78.042,HARD,22.0,2.0,0
2026_R06,BOR,24.0,78.071,HARD,23.0,2.0,0
2026_R06,BOR,25.0,78.424,HARD,24.0,2.0,0
2026_R06,BOR,26.0,77.906,HARD,25.0,2.0,0
2026_R06,BOR,27.0,78.096,HARD,26.0,2.0,0
2026_R06,BOR,28.0,78.897,HARD,27.0,2.0,0
2026_R06,BOR,29.0,78.442,HARD,28.0,2.0,0
2026_R06,BOR,30.0,78.765,HARD,29.0,2.0,0
2026_R06,BOR,31.0,78.29,HARD,30.0,2.0,0
2026_R06,BOR,32.0,78.092,HARD,31.0,2.0,0
2026_R06,BOR,33.0,78.137,HARD,32.0,2.0,0
2026_R06,BOR,34.0,78.233,HARD,33.0,2.0,0
2026_R06,BOR,35.0,80.013,HARD,34.0,2.0,0
2026_R06,BOR,36.0,79.671,HARD,35.0,2.0,0
2026_R06,BOR,37.0,79.905,HARD,36.0,2.0,0
2026_R06,BOR,38.0,81.936,HARD,37.0,2.0,0
2026_R06,BOR,39.0,80.369,HARD,38.0,2.0,0
2026_R06,BOR,40.0,81.026,HARD,39.0,2.0,0
2026_R06,BOR,41.0,80.793,HARD,40.0,2.0,0
2026_R06,BOR,42.0,82.157,HARD,41.0,2.0,0
2026_R06,BOR,43.0,98.02,HARD,42.0,2.0,1
2026_R06,BOR,44.0,81.76,MEDIUM,1.0,3.0,0
2026_R06,BOR,45.0,77.416,MEDIUM,2.0,3.0,0
2026_R06,BOR,46.0,76.803,MEDIUM,3.0,3.0,0
2026_R06,BOR,47.0,76.86,MEDIUM,4.0,3.0,0
2026_R06,BOR,48.0,77.182,MEDIUM,5.0,3.0,0
2026_R06,BOR,49.0,79.353,MEDIUM,6.0,3.0,0
2026_R06,BOR,50.0,82.9,MEDIUM,7.0,3.0,0
2026_R06,BOR,51.0,78.396,MEDIUM,8.0,3.0,0
2026_R06,BOR,52.0,78.553,MEDIUM,9.0,3.0,0
2026_R06,BOR,53.0,81.318,MEDIUM,10.0,3.0,0
2026_R06,BOR,54.0,79.58,MEDIUM,11.0,3.0,0
2026_R06,BOR,55.0,81.885,MEDIUM,12.0,3.0,0
2026_R06,BOR,56.0,84.868,MEDIUM,13.0,3.0,0
2026_R06,BOR,57.0,82.509,MEDIUM,14.0,3.0,0
2026_R06,BOR,58.0,117.271,MEDIUM,15.0,3.0,1
2026_R06,BOR,59.0,116.861,MEDIUM,16.0,4.0,1
2026_R06,BOR,60.0,83.815,SOFT,1.0,5.0,0
2026_R06,BOR,61.0,83.938,SOFT,2.0,5.0,0
2026_R06,BOR,62.0,93.942,SOFT,3.0,5.0,0
2026_R06,BOR,63.0,81.089,SOFT,4.0,5.0,0
2026_R06,BOR,64.0,82.88,SOFT,5.0,5.0,0
2026_R06,BOR,65.0,115.078,SOFT,6.0,5.0,1
2026_R06,BOR,66.0,105.268,SOFT,7.0,6.0,0
2026_R06,BOR,67.0,,SOFT,8.0,6.0,1
2026_R06,BOR,68.0,146.26,SOFT,1.0,7.0,1
2026_R06,BOR,69.0,87.452,SOFT,2.0,8.0,0
2026_R06,BOR,70.0,143.7,SOFT,3.0,8.0,0
2026_R06,BOR,71.0,94.851,SOFT,4.0,8.0,0
2026_R06,BOR,72.0,77.484,SOFT,5.0,8.0,0
2026_R06,BOR,73.0,79.306,SOFT,6.0,8.0,0
2026_R06,BOR,74.0,78.224,SOFT,7.0,8.0,0
2026_R06,BOR,75.0,77.897,SOFT,8.0,8.0,0
2026_R06,BOR,76.0,77.588,SOFT,9.0,8.0,0
2026_R06,BOR,77.0,77.104,SOFT,10.0,8.0,0
2026_R06,BOR,78.0,77.312,SOFT,11.0,8.0,0
2026_R06,SAI,1.0,93.309,MEDIUM,1.0,1.0,0
2026_R06,SAI,2.0,81.138,MEDIUM,2.0,1.0,0
2026_R06,SAI,3.0,80.513,MEDIUM,3.0,1.0,0
2026_R06,SAI,4.0,80.153,MEDIUM,4.0,1.0,0
2026_R06,SAI,5.0,79.896,MEDIUM,5.0,1.0,0
2026_R06,SAI,6.0,79.699,MEDIUM,6.0,1.0,0
2026_R06,SAI,7.0,79.364,MEDIUM,7.0,1.0,0
2026_R06,SAI,8.0,79.122,MEDIUM,8.0,1.0,0
2026_R06,SAI,9.0,79.068,MEDIUM,9.0,1.0,0
2026_R06,SAI,10.0,78.725,MEDIUM,10.0,1.0,0
2026_R06,SAI,11.0,78.86,MEDIUM,11.0,1.0,0
2026_R06,SAI,12.0,78.858,MEDIUM,12.0,1.0,0
2026_R06,SAI,13.0,78.653,MEDIUM,13.0,1.0,0
2026_R06,SAI,14.0,79.22,MEDIUM,14.0,1.0,0
2026_R06,SAI,15.0,78.525,MEDIUM,15.0,1.0,0
2026_R06,SAI,16.0,78.502,MEDIUM,16.0,1.0,0
2026_R06,SAI,17.0,78.386,MEDIUM,17.0,1.0,0
2026_R06,SAI,18.0,78.476,MEDIUM,18.0,1.0,0
2026_R06,SAI,19.0,78.533,MEDIUM,19.0,1.0,0
2026_R06,SAI,20.0,78.701,MEDIUM,20.0,1.0,0
2026_R06,SAI,21.0,78.936,MEDIUM,21.0,1.0,0
2026_R06,SAI,22.0,79.13,MEDIUM,22.0,1.0,0
2026_R06,SAI,23.0,79.36,MEDIUM,23.0,1.0,0
2026_R06,SAI,24.0,79.211,MEDIUM,24.0,1.0,0
2026_R06,SAI,25.0,79.415,MEDIUM,25.0,1.0,0
2026_R06,SAI,26.0,78.968,MEDIUM,26.0,1.0,0
2026_R06,SAI,27.0,79.027,MEDIUM,27.0,1.0,0
2026_R06,SAI,28.0,78.816,MEDIUM,28.0,1.0,0
2026_R06,SAI,29.0,79.039,MEDIUM,29.0,1.0,0
2026_R06,SAI,30.0,80.9,MEDIUM,30.0,1.0,0
2026_R06,SAI,31.0,78.819,MEDIUM,31.0,1.0,0
2026_R06,SAI,32.0,79.039,MEDIUM,32.0,1.0,0
2026_R06,SAI,33.0,81.644,MEDIUM,33.0,1.0,0
2026_R06,SAI,34.0,81.935,MEDIUM,34.0,1.0,0
2026_R06,SAI,35.0,81.9,MEDIUM,35.0,1.0,0
2026_R06,SAI,36.0,81.6,MEDIUM,36.0,1.0,0
2026_R06,SAI,37.0,81.225,MEDIUM,37.0,1.0,0
2026_R06,SAI,38.0,81.452,MEDIUM,38.0,1.0,0
2026_R06,SAI,39.0,83.082,MEDIUM,39.0,1.0,0
2026_R06,SAI,40.0,81.827,MEDIUM,40.0,1.0,0
2026_R06,SAI,41.0,82.593,MEDIUM,41.0,1.0,0
2026_R06,SAI,42.0,81.915,MEDIUM,42.0,1.0,0
2026_R06,SAI,43.0,81.045,MEDIUM,43.0,1.0,0
2026_R06,SAI,44.0,79.89,MEDIUM,44.0,1.0,0
2026_R06,SAI,45.0,79.798,MEDIUM,45.0,1.0,0
2026_R06,SAI,46.0,78.477,MEDIUM,46.0,1.0,0
2026_R06,SAI,47.0,78.369,MEDIUM,47.0,1.0,0
2026_R06,SAI,48.0,78.099,MEDIUM,48.0,1.0,0
2026_R06,SAI,49.0,78.191,MEDIUM,49.0,1.0,0
2026_R06,SAI,50.0,78.072,MEDIUM,50.0,1.0,0
2026_R06,SAI,51.0,78.022,MEDIUM,51.0,1.0,0
2026_R06,SAI,52.0,96.576,MEDIUM,52.0,1.0,1
2026_R06,SAI,53.0,81.892,SOFT,1.0,2.0,0
2026_R06,SAI,54.0,79.446,SOFT,2.0,2.0,0
2026_R06,SAI,55.0,79.764,SOFT,3.0,2.0,0
2026_R06,SAI,56.0,79.968,SOFT,4.0,2.0,0
2026_R06,SAI,57.0,78.095,SOFT,5.0,2.0,0
2026_R06,SAI,58.0,98.112,SOFT,6.0,2.0,0
2026_R06,SAI,59.0,109.775,SOFT,7.0,2.0,1
2026_R06,SAI,60.0,111.096,SOFT,8.0,3.0,0
2026_R06,SAI,61.0,119.597,SOFT,9.0,3.0,0
2026_R06,SAI,62.0,91.587,SOFT,10.0,3.0,0
2026_R06,SAI,63.0,84.082,SOFT,11.0,3.0,0
2026_R06,SAI,64.0,81.093,SOFT,12.0,3.0,0
2026_R06,SAI,65.0,112.561,SOFT,13.0,3.0,1
2026_R06,SAI,66.0,107.396,SOFT,14.0,4.0,0
2026_R06,SAI,67.0,,SOFT,15.0,4.0,1
2026_R06,SAI,68.0,145.003,SOFT,5.0,5.0,1
2026_R06,SAI,69.0,92.832,SOFT,5.0,6.0,0
2026_R06,SAI,70.0,,SOFT,6.0,6.0,0
2026_R06,SAI,71.0,,SOFT,7.0,6.0,0
2026_R06,HAD,1.0,86.741,MEDIUM,1.0,1.0,0
2026_R06,HAD,2.0,79.178,MEDIUM,2.0,1.0,0
2026_R06,HAD,3.0,78.14,MEDIUM,3.0,1.0,0
2026_R06,HAD,4.0,77.551,MEDIUM,4.0,1.0,0
2026_R06,HAD,5.0,77.402,MEDIUM,5.0,1.0,0
2026_R06,HAD,6.0,77.606,MEDIUM,6.0,1.0,0
2026_R06,HAD,7.0,77.428,MEDIUM,7.0,1.0,0
2026_R06,HAD,8.0,77.689,MEDIUM,8.0,1.0,0
2026_R06,HAD,9.0,77.316,MEDIUM,9.0,1.0,0
2026_R06,HAD,10.0,77.138,MEDIUM,10.0,1.0,0
2026_R06,HAD,11.0,77.53,MEDIUM,11.0,1.0,0
2026_R06,HAD,12.0,77.711,MEDIUM,12.0,1.0,0
2026_R06,HAD,13.0,78.54,MEDIUM,13.0,1.0,0
2026_R06,HAD,14.0,78.492,MEDIUM,14.0,1.0,0
2026_R06,HAD,15.0,78.277,MEDIUM,15.0,1.0,0
2026_R06,HAD,16.0,78.239,MEDIUM,16.0,1.0,0
2026_R06,HAD,17.0,78.304,MEDIUM,17.0,1.0,0
2026_R06,HAD,18.0,78.822,MEDIUM,18.0,1.0,0
2026_R06,HAD,19.0,79.347,MEDIUM,19.0,1.0,0
2026_R06,HAD,20.0,78.85,MEDIUM,20.0,1.0,0
2026_R06,HAD,21.0,79.089,MEDIUM,21.0,1.0,0
2026_R06,HAD,22.0,79.421,MEDIUM,22.0,1.0,0
2026_R06,HAD,23.0,79.187,MEDIUM,23.0,1.0,0
2026_R06,HAD,24.0,78.906,MEDIUM,24.0,1.0,0
2026_R06,HAD,25.0,79.418,MEDIUM,25.0,1.0,0
2026_R06,HAD,26.0,78.86,MEDIUM,26.0,1.0,0
2026_R06,HAD,27.0,79.074,MEDIUM,27.0,1.0,0
2026_R06,HAD,28.0,78.695,MEDIUM,28.0,1.0,0
2026_R06,HAD,29.0,78.818,MEDIUM,29.0,1.0,0
2026_R06,HAD,30.0,78.818,MEDIUM,30.0,1.0,0
2026_R06,HAD,31.0,78.715,MEDIUM,31.0,1.0,0
2026_R06,HAD,32.0,96.191,MEDIUM,32.0,1.0,1
2026_R06,HAD,33.0,85.121,HARD,1.0,2.0,0
2026_R06,HAD,34.0,78.995,HARD,2.0,2.0,0
2026_R06,HAD,35.0,77.785,HARD,3.0,2.0,0
2026_R06,HAD,36.0,77.706,HARD,4.0,2.0,0
2026_R06,HAD,37.0,77.911,HARD,5.0,2.0,0
2026_R06,HAD,38.0,77.778,HARD,6.0,2.0,0
2026_R06,HAD,39.0,77.329,HARD,7.0,2.0,0
2026_R06,HAD,40.0,77.384,HARD,8.0,2.0,0
2026_R06,HAD,41.0,77.391,HARD,9.0,2.0,0
2026_R06,HAD,42.0,78.16,HARD,10.0,2.0,0
2026_R06,HAD,43.0,78.779,HARD,11.0,2.0,0
2026_R06,HAD,44.0,78.777,HARD,12.0,2.0,0
2026_R06,HAD,45.0,77.615,HARD,13.0,2.0,0
2026_R06,HAD,46.0,77.357,HARD,14.0,2.0,0
2026_R06,HAD,47.0,77.336,HARD,15.0,2.0,0
2026_R06,HAD,48.0,79.354,HARD,16.0,2.0,0
2026_R06,HAD,49.0,77.89,HARD,17.0,2.0,0
2026_R06,HAD,50.0,77.504,HARD,18.0,2.0,0
2026_R06,HAD,51.0,77.774,HARD,19.0,2.0,0
2026_R06,HAD,52.0,77.916,HARD,20.0,2.0,0
2026_R06,HAD,53.0,77.728,HARD,21.0,2.0,0
2026_R06,HAD,54.0,78.794,HARD,22.0,2.0,0
2026_R06,HAD,55.0,77.673,HARD,23.0,2.0,0
2026_R06,HAD,56.0,77.351,HARD,24.0,2.0,0
2026_R06,HAD,57.0,77.594,HARD,25.0,2.0,0
2026_R06,HAD,58.0,77.279,HARD,26.0,2.0,0
2026_R06,HAD,59.0,92.695,HARD,27.0,2.0,0
2026_R06,HAD,60.0,112.67,HARD,28.0,2.0,1
2026_R06,HAD,61.0,114.918,HARD,29.0,3.0,0
2026_R06,HAD,62.0,120.56,HARD,30.0,3.0,0
2026_R06,HAD,63.0,87.097,HARD,31.0,3.0,0
2026_R06,HAD,64.0,79.974,HARD,32.0,3.0,0
2026_R06,HAD,65.0,86.254,HARD,33.0,3.0,0
2026_R06,HAD,66.0,113.138,HARD,34.0,3.0,1
2026_R06,HAD,67.0,105.533,HARD,35.0,4.0,0
2026_R06,HAD,68.0,,HARD,36.0,4.0,1
2026_R06,HAD,69.0,100.52,SOFT,5.0,5.0,0
2026_R06,HAD,70.0,,SOFT,6.0,5.0,0
2026_R06,HAD,71.0,88.042,SOFT,7.0,5.0,0
2026_R06,HAD,72.0,78.497,SOFT,8.0,5.0,0
2026_R06,HAD,73.0,76.813,SOFT,9.0,5.0,0
2026_R06,HAD,74.0,76.628,SOFT,10.0,5.0,0
2026_R06,HAD,75.0,76.088,SOFT,11.0,5.0,0
2026_R06,HAD,76.0,75.898,SOFT,12.0,5.0,0
2026_R06,HAD,77.0,75.669,SOFT,13.0,5.0,0
2026_R06,HAD,78.0,75.773,SOFT,14.0,5.0,0
2026_R06,RUS,1.0,87.676,MEDIUM,1.0,1.0,0
2026_R06,RUS,2.0,80.026,MEDIUM,2.0,1.0,0
2026_R06,RUS,3.0,78.411,MEDIUM,3.0,1.0,0
2026_R06,RUS,4.0,78.097,MEDIUM,4.0,1.0,0
2026_R06,RUS,5.0,77.598,MEDIUM,5.0,1.0,0
2026_R06,RUS,6.0,77.257,MEDIUM,6.0,1.0,0
2026_R06,RUS,7.0,77.155,MEDIUM,7.0,1.0,0
2026_R06,RUS,8.0,77.188,MEDIUM,8.0,1.0,0
2026_R06,RUS,9.0,77.352,MEDIUM,9.0,1.0,0
2026_R06,RUS,10.0,77.222,MEDIUM,10.0,1.0,0
2026_R06,RUS,11.0,77.364,MEDIUM,11.0,1.0,0
2026_R06,RUS,12.0,77.596,MEDIUM,12.0,1.0,0
2026_R06,RUS,13.0,77.891,MEDIUM,13.0,1.0,0
2026_R06,RUS,14.0,78.579,MEDIUM,14.0,1.0,0
2026_R06,RUS,15.0,78.004,MEDIUM,15.0,1.0,0
2026_R06,RUS,16.0,78.468,MEDIUM,16.0,1.0,0
2026_R06,RUS,17.0,78.411,MEDIUM,17.0,1.0,0
2026_R06,RUS,18.0,78.474,MEDIUM,18.0,1.0,0
2026_R06,RUS,19.0,79.222,MEDIUM,19.0,1.0,0
2026_R06,RUS,20.0,78.823,MEDIUM,20.0,1.0,0
2026_R06,RUS,21.0,79.229,MEDIUM,21.0,1.0,0
2026_R06,RUS,22.0,79.36,MEDIUM,22.0,1.0,0
2026_R06,RUS,23.0,79.05,MEDIUM,23.0,1.0,0
2026_R06,RUS,24.0,78.895,MEDIUM,24.0,1.0,0
2026_R06,RUS,25.0,79.533,MEDIUM,25.0,1.0,0
2026_R06,RUS,26.0,78.794,MEDIUM,26.0,1.0,0
2026_R06,RUS,27.0,79.183,MEDIUM,27.0,1.0,0
2026_R06,RUS,28.0,78.765,MEDIUM,28.0,1.0,0
2026_R06,RUS,29.0,78.715,MEDIUM,29.0,1.0,0
2026_R06,RUS,30.0,78.753,MEDIUM,30.0,1.0,0
2026_R06,RUS,31.0,95.32,MEDIUM,31.0,1.0,1
2026_R06,RUS,32.0,80.775,HARD,1.0,2.0,0
2026_R06,RUS,33.0,77.455,HARD,2.0,2.0,0
2026_R06,RUS,34.0,76.631,HARD,3.0,2.0,0
2026_R06,RUS,35.0,76.448,HARD,4.0,2.0,0
2026_R06,RUS,36.0,76.243,HARD,5.0,2.0,0
2026_R06,RUS,37.0,77.026,HARD,6.0,2.0,0
2026_R06,RUS,38.0,77.821,HARD,7.0,2.0,0
2026_R06,RUS,39.0,79.089,HARD,8.0,2.0,0
2026_R06,RUS,40.0,79.07,HARD,9.0,2.0,0
2026_R06,RUS,41.0,80.603,HARD,10.0,2.0,0
2026_R06,RUS,42.0,80.409,HARD,11.0,2.0,0
2026_R06,RUS,43.0,79.417,HARD,12.0,2.0,0
2026_R06,RUS,44.0,78.622,HARD,13.0,2.0,0
2026_R06,RUS,45.0,77.171,HARD,14.0,2.0,0
2026_R06,RUS,46.0,76.442,HARD,15.0,2.0,0
2026_R06,RUS,47.0,76.477,HARD,16.0,2.0,0
2026_R06,RUS,48.0,78.292,HARD,17.0,2.0,0
2026_R06,RUS,49.0,76.774,HARD,18.0,2.0,0
2026_R06,RUS,50.0,77.402,HARD,19.0,2.0,0
2026_R06,RUS,51.0,77.308,HARD,20.0,2.0,0
2026_R06,RUS,52.0,76.971,HARD,21.0,2.0,0
2026_R06,RUS,53.0,76.03,HARD,22.0,2.0,0
2026_R06,RUS,54.0,79.178,HARD,23.0,2.0,0
2026_R06,RUS,55.0,76.488,HARD,24.0,2.0,0
2026_R06,RUS,56.0,75.773,HARD,25.0,2.0,0
2026_R06,RUS,57.0,75.827,HARD,26.0,2.0,0
2026_R06,RUS,58.0,75.826,HARD,27.0,2.0,0
2026_R06,RUS,59.0,87.497,HARD,28.0,2.0,0
2026_R06,RUS,60.0,137.686,HARD,29.0,2.0,1
2026_R06,RUS,61.0,111.805,SOFT,5.0,3.0,0
2026_R06,RUS,62.0,120.418,SOFT,6.0,3.0,0
2026_R06,RUS,63.0,91.076,SOFT,7.0,3.0,0
2026_R06,RUS,64.0,79.879,SOFT,8.0,3.0,0
2026_R06,RUS,65.0,81.793,SOFT,9.0,3.0,0
2026_R06,RUS,66.0,115.061,SOFT,10.0,3.0,1
2026_R06,RUS,67.0,106.225,SOFT,11.0,4.0,0
2026_R06,RUS,68.0,,SOFT,12.0,4.0,1
2026_R06,RUS,69.0,98.312,SOFT,5.0,5.0,0
2026_R06,RUS,70.0,,SOFT,6.0,5.0,0
2026_R06,RUS,71.0,84.856,SOFT,7.0,5.0,0
2026_R06,RUS,72.0,88.255,SOFT,8.0,5.0,1
2026_R06,RUS,73.0,81.885,SOFT,9.0,6.0,0
2026_R06,RUS,74.0,78.158,SOFT,10.0,6.0,0
2026_R06,RUS,75.0,77.905,SOFT,11.0,6.0,0
2026_R06,RUS,76.0,77.596,SOFT,12.0,6.0,0
2026_R06,RUS,77.0,77.27,SOFT,13.0,6.0,0
2026_R06,RUS,78.0,77.257,SOFT,14.0,6.0,0
2026_R06,BOT,1.0,118.143,SOFT,1.0,1.0,1
2026_R06,BOT,2.0,84.133,MEDIUM,1.0,2.0,0
2026_R06,BOT,3.0,81.753,MEDIUM,2.0,2.0,0
2026_R06,BOT,4.0,81.609,MEDIUM,3.0,2.0,0
2026_R06,BOT,5.0,81.912,MEDIUM,4.0,2.0,0
2026_R06,BOT,6.0,81.293,MEDIUM,5.0,2.0,0
2026_R06,BOT,7.0,81.137,MEDIUM,6.0,2.0,0
2026_R06,BOT,8.0,80.494,MEDIUM,7.0,2.0,0
2026_R06,BOT,9.0,80.913,MEDIUM,8.0,2.0,0
2026_R06,BOT,10.0,83.165,MEDIUM,9.0,2.0,0
2026_R06,BOT,11.0,83.08,MEDIUM,10.0,2.0,0
2026_R06,BOT,12.0,80.704,MEDIUM,11.0,2.0,0
2026_R06,BOT,13.0,82.875,MEDIUM,12.0,2.0,0
2026_R06,BOT,14.0,80.872,MEDIUM,13.0,2.0,0
2026_R06,BOT,15.0,81.034,MEDIUM,14.0,2.0,0
2026_R06,BOT,16.0,,MEDIUM,15.0,2.0,1
2026_R06,PIA,1.0,89.36,MEDIUM,1.0,1.0,0
2026_R06,PIA,2.0,80.454,MEDIUM,2.0,1.0,0
2026_R06,PIA,3.0,79.776,MEDIUM,3.0,1.0,0
2026_R06,PIA,4.0,78.886,MEDIUM,4.0,1.0,0
2026_R06,PIA,5.0,78.072,MEDIUM,5.0,1.0,0
2026_R06,PIA,6.0,78.238,MEDIUM,6.0,1.0,0
2026_R06,PIA,7.0,77.573,MEDIUM,7.0,1.0,0
2026_R06,PIA,8.0,77.187,MEDIUM,8.0,1.0,0
2026_R06,PIA,9.0,77.194,MEDIUM,9.0,1.0,0
2026_R06,PIA,10.0,77.18,MEDIUM,10.0,1.0,0
2026_R06,PIA,11.0,77.889,MEDIUM,11.0,1.0,0
2026_R06,PIA,12.0,77.939,MEDIUM,12.0,1.0,0
2026_R06,PIA,13.0,78.468,MEDIUM,13.0,1.0,0
2026_R06,PIA,14.0,78.181,MEDIUM,14.0,1.0,0
2026_R06,PIA,15.0,78.965,MEDIUM,15.0,1.0,0
2026_R06,PIA,16.0,79.568,MEDIUM,16.0,1.0,0
2026_R06,PIA,17.0,79.139,MEDIUM,17.0,1.0,0
2026_R06,PIA,18.0,78.513,MEDIUM,18.0,1.0,0
2026_R06,PIA,19.0,78.22,MEDIUM,19.0,1.0,0
2026_R06,PIA,20.0,78.082,MEDIUM,20.0,1.0,0
2026_R06,PIA,21.0,78.198,MEDIUM,21.0,1.0,0
2026_R06,PIA,22.0,78.23,MEDIUM,22.0,1.0,0
2026_R06,PIA,23.0,78.388,MEDIUM,23.0,1.0,0
2026_R06,PIA,24.0,78.088,MEDIUM,24.0,1.0,0
2026_R06,PIA,25.0,78.29,MEDIUM,25.0,1.0,0
2026_R06,PIA,26.0,78.662,MEDIUM,26.0,1.0,0
2026_R06,PIA,27.0,78.637,MEDIUM,27.0,1.0,0
2026_R06,PIA,28.0,78.707,MEDIUM,28.0,1.0,0
2026_R06,PIA,29.0,78.479,MEDIUM,29.0,1.0,0
2026_R06,PIA,30.0,78.607,MEDIUM,30.0,1.0,0
2026_R06,PIA,31.0,78.66,MEDIUM,31.0,1.0,0
2026_R06,PIA,32.0,78.177,MEDIUM,32.0,1.0,0
2026_R06,PIA,33.0,78.112,MEDIUM,33.0,1.0,0
2026_R06,PIA,34.0,78.41,MEDIUM,34.0,1.0,0
2026_R06,PIA,35.0,78.56,MEDIUM,35.0,1.0,0
2026_R06,PIA,36.0,78.324,MEDIUM,36.0,1.0,0
2026_R06,PIA,37.0,77.918,MEDIUM,37.0,1.0,0
2026_R06,PIA,38.0,78.287,MEDIUM,38.0,1.0,0
2026_R06,PIA,39.0,78.171,MEDIUM,39.0,1.0,0
2026_R06,PIA,40.0,79.349,MEDIUM,40.0,1.0,0
2026_R06,PIA,41.0,78.557,MEDIUM,41.0,1.0,0
2026_R06,PIA,42.0,78.686,MEDIUM,42.0,1.0,0
2026_R06,PIA,43.0,79.093,MEDIUM,43.0,1.0,0
2026_R06,PIA,44.0,79.279,MEDIUM,44.0,1.0,0
2026_R06,PIA,45.0,79.664,MEDIUM,45.0,1.0,0
2026_R06,PIA,46.0,79.345,MEDIUM,46.0,1.0,0
2026_R06,PIA,47.0,79.575,MEDIUM,47.0,1.0,0
2026_R06,PIA,48.0,96.741,MEDIUM,48.0,1.0,1
2026_R06,PIA,49.0,83.646,HARD,1.0,2.0,0
2026_R06,PIA,50.0,78.189,HARD,2.0,2.0,0
2026_R06,PIA,51.0,77.423,HARD,3.0,2.0,0
2026_R06,PIA,52.0,76.863,HARD,4.0,2.0,0
2026_R06,PIA,53.0,76.696,HARD,5.0,2.0,0
2026_R06,PIA,54.0,77.252,HARD,6.0,2.0,0
2026_R06,PIA,55.0,76.827,HARD,7.0,2.0,0
2026_R06,PIA,56.0,76.6,HARD,8.0,2.0,0
2026_R06,PIA,57.0,77.104,HARD,9.0,2.0,0
2026_R06,PIA,58.0,76.541,HARD,10.0,2.0,0
2026_R06,PIA,59.0,117.353,HARD,11.0,2.0,1
2026_R06,PIA,60.0,114.894,SOFT,5.0,3.0,1
2026_R06,PIA,61.0,90.466,SOFT,6.0,4.0,0
2026_R06,PIA,62.0,117.761,SOFT,7.0,4.0,0
2026_R06,PIA,63.0,93.879,SOFT,8.0,4.0,0
2026_R06,PIA,64.0,84.159,SOFT,9.0,4.0,0
2026_R06,PIA,65.0,82.472,SOFT,10.0,4.0,0
2026_R06,PIA,66.0,114.735,SOFT,11.0,4.0,1
2026_R06,PIA,67.0,106.726,SOFT,12.0,5.0,0
2026_R06,PIA,68.0,,SOFT,13.0,5.0,1
2026_R06,PIA,69.0,95.91,SOFT,5.0,6.0,0
2026_R06,PIA,70.0,,SOFT,6.0,6.0,0
2026_R06,PIA,71.0,87.966,SOFT,7.0,6.0,0
2026_R06,PIA,72.0,78.759,SOFT,8.0,6.0,0
2026_R06,PIA,73.0,76.688,SOFT,9.0,6.0,0
2026_R06,PIA,74.0,76.187,SOFT,10.0,6.0,0
2026_R06,PIA,75.0,76.258,SOFT,11.0,6.0,0
2026_R06,PIA,76.0,75.816,SOFT,12.0,6.0,0
2026_R06,PIA,77.0,75.846,SOFT,13.0,6.0,0
2026_R06,PIA,78.0,75.862,SOFT,14.0,6.0,0
2026_R06,BEA,1.0,122.78,MEDIUM,1.0,1.0,1
2026_R06,BEA,2.0,83.665,HARD,1.0,2.0,0
2026_R06,BEA,3.0,79.274,HARD,2.0,2.0,0
2026_R06,BEA,4.0,81.021,HARD,3.0,2.0,0
2026_R06,BEA,5.0,81.826,HARD,4.0,2.0,0
2026_R06,BEA,6.0,81.51,HARD,5.0,2.0,0
2026_R06,BEA,7.0,81.01,HARD,6.0,2.0,0
2026_R06,BEA,8.0,80.485,HARD,7.0,2.0,0
2026_R06,BEA,9.0,80.809,HARD,8.0,2.0,0
2026_R06,BEA,10.0,84.121,HARD,9.0,2.0,0
2026_R06,BEA,11.0,82.612,HARD,10.0,2.0,0
2026_R06,BEA,12.0,83.615,HARD,11.0,2.0,0
2026_R06,BEA,13.0,79.542,HARD,12.0,2.0,0
2026_R06,BEA,14.0,80.788,HARD,13.0,2.0,0
2026_R06,BEA,15.0,82.435,HARD,14.0,2.0,0
2026_R06,BEA,16.0,82.695,HARD,15.0,2.0,0
2026_R06,BEA,17.0,81.656,HARD,16.0,2.0,0
2026_R06,BEA,18.0,78.982,HARD,17.0,2.0,0
2026_R06,BEA,19.0,78.589,HARD,18.0,2.0,0
2026_R06,BEA,20.0,78.769,HARD,19.0,2.0,0
2026_R06,BEA,21.0,78.54,HARD,20.0,2.0,0
2026_R06,BEA,22.0,78.475,HARD,21.0,2.0,0
2026_R06,BEA,23.0,78.665,HARD,22.0,2.0,0
2026_R06,BEA,24.0,79.137,HARD,23.0,2.0,0
2026_R06,BEA,25.0,78.683,HARD,24.0,2.0,0
2026_R06,BEA,26.0,78.791,HARD,25.0,2.0,0
2026_R06,BEA,27.0,78.623,HARD,26.0,2.0,0
2026_R06,BEA,28.0,,HARD,27.0,2.0,1
